{
    "Items": {
        "10": {
            "YearMonth": "2020/07",
            "USDRatePerDollar": 108.36975886206895,
            "MMKRatePerYen": 12.602159758620703,
            "DayTime": "10 00:00",
            "USDRatePerDollarTotal": 6285.446013999999,
            "MMKRatePerYenTotal": 730.9252660000008,
            "Count": 58
        },
        "11": {
            "YearMonth": "2020/07",
            "USDRatePerDollar": 108.16375363999998,
            "MMKRatePerYen": 12.624067040000005,
            "DayTime": "11 00:00",
            "USDRatePerDollarTotal": 5408.187681999999,
            "MMKRatePerYenTotal": 631.2033520000002,
            "Count": 50
        },
        "12": {
            "YearMonth": "2020/07",
            "USDRatePerDollar": 108.11879640816325,
            "MMKRatePerYen": 12.6392982244898,
            "DayTime": "12 00:00",
            "USDRatePerDollarTotal": 5297.821023999999,
            "MMKRatePerYenTotal": 619.3256130000002,
            "Count": 49
        },
        "13": {
            "YearMonth": "2020/07",
            "USDRatePerDollar": 108.07783827450984,
            "MMKRatePerYen": 12.64969949019607,
            "DayTime": "13 00:00",
            "USDRatePerDollarTotal": 5511.969752000002,
            "MMKRatePerYenTotal": 645.1346739999996,
            "Count": 51
        },
        "14": {
            "YearMonth": "2020/07",
            "USDRatePerDollar": 108.32470494117635,
            "MMKRatePerYen": 12.65869105882354,
            "DayTime": "14 00:00",
            "USDRatePerDollarTotal": 5524.559951999994,
            "MMKRatePerYenTotal": 645.5932440000006,
            "Count": 51
        },
        "15": {
            "YearMonth": "2020/07",
            "USDRatePerDollar": 108.44629331578938,
            "MMKRatePerYen": 12.719053754385953,
            "DayTime": "15 00:00",
            "USDRatePerDollarTotal": 6181.438718999994,
            "MMKRatePerYenTotal": 724.9860639999994,
            "Count": 57
        },
        "16": {
            "YearMonth": "2020/07",
            "USDRatePerDollar": 108.24684459322026,
            "MMKRatePerYen": 12.769473220338984,
            "DayTime": "16 00:00",
            "USDRatePerDollarTotal": 6386.563830999995,
            "MMKRatePerYenTotal": 753.3989200000001,
            "Count": 59
        },
        "17": {
            "YearMonth": "2020/07",
            "USDRatePerDollar": 108.4030382745098,
            "MMKRatePerYen": 12.739299823529414,
            "DayTime": "17 00:00",
            "USDRatePerDollarTotal": 5528.5549519999995,
            "MMKRatePerYenTotal": 649.7042910000001,
            "Count": 51
        },
        "18": {
            "YearMonth": "2020/07",
            "USDRatePerDollar": 108.28555640740746,
            "MMKRatePerYen": 12.747525333333337,
            "DayTime": "18 00:00",
            "USDRatePerDollarTotal": 2923.7100230000015,
            "MMKRatePerYenTotal": 344.1831840000001,
            "Count": 27
        },
        "19": {
            "YearMonth": "2020/07",
            "USDRatePerDollar": 108.21281048275868,
            "MMKRatePerYen": 12.742503448275862,
            "DayTime": "19 00:00",
            "USDRatePerDollarTotal": 3138.1715040000017,
            "MMKRatePerYenTotal": 369.5326,
            "Count": 29
        },
        "20": {
            "YearMonth": "2020/07",
            "USDRatePerDollar": 108.35521103125004,
            "MMKRatePerYen": 12.730548000000004,
            "DayTime": "20 00:00",
            "USDRatePerDollarTotal": 3467.366753000001,
            "MMKRatePerYenTotal": 407.37753600000013,
            "Count": 32
        },
        "21": {
            "YearMonth": "2020/07",
            "USDRatePerDollar": 108.46446808823526,
            "MMKRatePerYen": 12.743296970588247,
            "DayTime": "21 00:00",
            "USDRatePerDollarTotal": 3687.791914999999,
            "MMKRatePerYenTotal": 433.27209700000043,
            "Count": 34
        },
        "22": {
            "YearMonth": "2020/07",
            "USDRatePerDollar": 108.08447147368423,
            "MMKRatePerYen": 12.851573657894738,
            "DayTime": "22 00:00",
            "USDRatePerDollarTotal": 4107.209916000001,
            "MMKRatePerYenTotal": 488.359799,
            "Count": 38
        },
        "23": {
            "YearMonth": "2020/07",
            "USDRatePerDollar": 108.2782957575757,
            "MMKRatePerYen": 12.847360878787887,
            "DayTime": "23 00:00",
            "USDRatePerDollarTotal": 3573.183759999998,
            "MMKRatePerYenTotal": 423.96290900000025,
            "Count": 33
        },
        "24": {
            "YearMonth": "2020/07",
            "USDRatePerDollar": 107.95043340625004,
            "MMKRatePerYen": 12.773200874999992,
            "DayTime": "24 00:00",
            "USDRatePerDollarTotal": 3454.4138690000013,
            "MMKRatePerYenTotal": 408.74242799999973,
            "Count": 32
        },
        "25": {
            "YearMonth": "2020/07",
            "USDRatePerDollar": 107.41967096551718,
            "MMKRatePerYen": 12.71114375862069,
            "DayTime": "25 00:00",
            "USDRatePerDollarTotal": 3115.1704579999982,
            "MMKRatePerYenTotal": 368.623169,
            "Count": 29
        },
        "26": {
            "YearMonth": "2020/07",
            "USDRatePerDollar": 107.33056689655166,
            "MMKRatePerYen": 12.701210000000001,
            "DayTime": "26 00:00",
            "USDRatePerDollarTotal": 3112.586439999998,
            "MMKRatePerYenTotal": 368.33509000000004,
            "Count": 29
        },
        "27": {
            "YearMonth": "2020/07",
            "USDRatePerDollar": 107.03037536363631,
            "MMKRatePerYen": 12.743952515151507,
            "DayTime": "27 00:00",
            "USDRatePerDollarTotal": 3532.002386999998,
            "MMKRatePerYenTotal": 420.55043299999977,
            "Count": 33
        },
        "28": {
            "YearMonth": "2020/07",
            "USDRatePerDollar": 106.68000625714286,
            "MMKRatePerYen": 12.776539285714277,
            "DayTime": "28 00:00",
            "USDRatePerDollarTotal": 3733.800219,
            "MMKRatePerYenTotal": 447.17887499999966,
            "Count": 35
        },
        "29": {
            "YearMonth": "2020/07",
            "USDRatePerDollar": 106.37618971794869,
            "MMKRatePerYen": 12.821886025641035,
            "DayTime": "29 00:00",
            "USDRatePerDollarTotal": 4148.671398999999,
            "MMKRatePerYenTotal": 500.05355500000036,
            "Count": 39
        },
        "30": {
            "YearMonth": "2020/07",
            "USDRatePerDollar": 106.19031809803919,
            "MMKRatePerYen": 12.873558745098045,
            "DayTime": "30 00:00",
            "USDRatePerDollarTotal": 5415.706222999998,
            "MMKRatePerYenTotal": 656.5514960000003,
            "Count": 51
        },
        "31": {
            "YearMonth": "2020/07",
            "USDRatePerDollar": 105.84080266101704,
            "MMKRatePerYen": 12.892183525423713,
            "DayTime": "31 00:00",
            "USDRatePerDollarTotal": 6244.607357000005,
            "MMKRatePerYenTotal": 760.6388279999991,
            "Count": 59
        },
        "01": {
            "YearMonth": "2020/07",
            "USDRatePerDollar": 109.01741745,
            "MMKRatePerYen": 12.629993150000004,
            "DayTime": "01 00:00",
            "USDRatePerDollarTotal": 4360.696698,
            "MMKRatePerYenTotal": 505.19972600000017,
            "Count": 40
        },
        "02": {
            "YearMonth": "2020/07",
            "USDRatePerDollar": 108.76514202941179,
            "MMKRatePerYen": 12.565161588235286,
            "DayTime": "02 00:00",
            "USDRatePerDollarTotal": 3698.014829000001,
            "MMKRatePerYenTotal": 427.21549399999975,
            "Count": 34
        },