{
    "Items": {
        "10": {
            "YearMonth": "2020/10",
            "USDRatePerDollar": 106.88112673076922,
            "MMKRatePerYen": 11.973167923076923,
            "DayTime": "10 00:00",
            "USDRatePerDollarTotal": 2778.909295,
            "MMKRatePerYenTotal": 311.302366,
            "Count": 26
        },
        "11": {
            "YearMonth": "2020/10",
            "USDRatePerDollar": 106.82573425925926,
            "MMKRatePerYen": 11.999526000000001,
            "DayTime": "11 00:00",
            "USDRatePerDollarTotal": 2884.294825,
            "MMKRatePerYenTotal": 323.987202,
            "Count": 27
        },
        "12": {
            "YearMonth": "2020/10",
            "USDRatePerDollar": 106.77188535897439,
            "MMKRatePerYen": 12.004775564102562,
            "DayTime": "12 00:00",
            "USDRatePerDollarTotal": 4164.103529000001,
            "MMKRatePerYenTotal": 468.1862469999999,
            "Count": 39
        },
        "13": {
            "YearMonth": "2020/10",
            "USDRatePerDollar": 106.59585805882347,
            "MMKRatePerYen": 12.010899999999994,
            "DayTime": "13 00:00",
            "USDRatePerDollarTotal": 3624.259173999998,
            "MMKRatePerYenTotal": 408.3705999999998,
            "Count": 34
        },
        "14": {
            "YearMonth": "2020/10",
            "USDRatePerDollar": 106.64123085294123,
            "MMKRatePerYen": 12.114692176470578,
            "DayTime": "14 00:00",
            "USDRatePerDollarTotal": 3625.8018490000018,
            "MMKRatePerYenTotal": 411.8995339999997,
            "Count": 34
        },
        "15": {
            "YearMonth": "2020/10",
            "USDRatePerDollar": 106.41866237837831,
            "MMKRatePerYen": 12.278200027027022,
            "DayTime": "15 00:00",
            "USDRatePerDollarTotal": 3937.4905079999976,
            "MMKRatePerYenTotal": 454.29340099999985,
            "Count": 37
        },
        "16": {
            "YearMonth": "2020/10",
            "USDRatePerDollar": 106.49075536111103,
            "MMKRatePerYen": 12.27088391666666,
            "DayTime": "16 00:00",
            "USDRatePerDollarTotal": 3833.667192999997,
            "MMKRatePerYenTotal": 441.7518209999998,
            "Count": 36
        },
        "17": {
            "YearMonth": "2020/10",
            "USDRatePerDollar": 106.55827713793097,
            "MMKRatePerYen": 12.219424655172407,
            "DayTime": "17 00:00",
            "USDRatePerDollarTotal": 3090.190036999998,
            "MMKRatePerYenTotal": 354.36331499999983,
            "Count": 29
        },
        "18": {
            "YearMonth": "2020/10",
            "USDRatePerDollar": 106.62107191304342,
            "MMKRatePerYen": 12.192147000000002,
            "DayTime": "18 00:00",
            "USDRatePerDollarTotal": 2452.2846539999987,
            "MMKRatePerYenTotal": 280.41938100000004,
            "Count": 23
        },
        "19": {
            "YearMonth": "2020/10",
            "USDRatePerDollar": 106.61050374999995,
            "MMKRatePerYen": 12.193110749999999,
            "DayTime": "19 00:00",
            "USDRatePerDollarTotal": 3837.978134999998,
            "MMKRatePerYenTotal": 438.951987,
            "Count": 36
        },
        "20": {
            "YearMonth": "2020/10",
            "USDRatePerDollar": 106.67029035483876,
            "MMKRatePerYen": 12.167870967741939,
            "DayTime": "20 00:00",
            "USDRatePerDollarTotal": 3306.7790010000012,
            "MMKRatePerYenTotal": 377.2040000000001,
            "Count": 31
        },
        "21": {
            "YearMonth": "2020/10",
            "USDRatePerDollar": 106.60339694594596,
            "MMKRatePerYen": 12.171308972972964,
            "DayTime": "21 00:00",
            "USDRatePerDollarTotal": 3944.3256870000005,
            "MMKRatePerYenTotal": 450.33843199999967,
            "Count": 37
        },
        "22": {
            "YearMonth": "2020/10",
            "USDRatePerDollar": 105.96725851428572,
            "MMKRatePerYen": 12.233525457142866,
            "DayTime": "22 00:00",
            "USDRatePerDollarTotal": 3708.854048,
            "MMKRatePerYenTotal": 428.1733910000003,
            "Count": 35
        },
        "23": {
            "YearMonth": "2020/10",
            "USDRatePerDollar": 105.94362494117647,
            "MMKRatePerYen": 12.258642941176477,
            "DayTime": "23 00:00",
            "USDRatePerDollarTotal": 3602.083248,
            "MMKRatePerYenTotal": 416.7938600000002,
            "Count": 34
        },
        "24": {
            "YearMonth": "2020/10",
            "USDRatePerDollar": 105.88948459999996,
            "MMKRatePerYen": 12.234091999999997,
            "DayTime": "24 00:00",
            "USDRatePerDollarTotal": 3176.6845379999986,
            "MMKRatePerYenTotal": 367.0227599999999,
            "Count": 30
        },
        "25": {
            "YearMonth": "2020/10",
            "USDRatePerDollar": 105.88651999999995,
            "MMKRatePerYen": 12.210151999999995,
            "DayTime": "25 00:00",
            "USDRatePerDollarTotal": 2858.9360399999987,
            "MMKRatePerYenTotal": 329.6741039999999,
            "Count": 27
        },
        "26": {
            "YearMonth": "2020/10",
            "USDRatePerDollar": 105.96735189655173,
            "MMKRatePerYen": 12.203475137931026,
            "DayTime": "26 00:00",
            "USDRatePerDollarTotal": 3073.053205,
            "MMKRatePerYenTotal": 353.9007789999998,
            "Count": 29
        },
        "27": {
            "YearMonth": "2020/10",
            "USDRatePerDollar": 105.98528887499998,
            "MMKRatePerYen": 12.194425999999993,
            "DayTime": "27 00:00",
            "USDRatePerDollarTotal": 3391.5292439999994,
            "MMKRatePerYenTotal": 390.2216319999998,
            "Count": 32
        },
        "28": {
            "YearMonth": "2020/10",
            "USDRatePerDollar": 105.64180014705886,
            "MMKRatePerYen": 12.21550135294117,
            "DayTime": "28 00:00",
            "USDRatePerDollarTotal": 3591.821205000001,
            "MMKRatePerYenTotal": 415.32704599999977,
            "Count": 34
        },
        "29": {
            "YearMonth": "2020/10",
            "USDRatePerDollar": 105.57472166666669,
            "MMKRatePerYen": 12.243467194444436,
            "DayTime": "29 00:00",
            "USDRatePerDollarTotal": 3800.689980000001,
            "MMKRatePerYenTotal": 440.7648189999997,
            "Count": 36
        },
        "30": {
            "YearMonth": "2020/10",
            "USDRatePerDollar": 105.68456461764703,
            "MMKRatePerYen": 12.235453647058824,
            "DayTime": "30 00:00",
            "USDRatePerDollarTotal": 3593.275196999999,
            "MMKRatePerYenTotal": 416.005424,
            "Count": 34
        },
        "31": {
            "YearMonth": "2020/10",
            "USDRatePerDollar": 105.77410144827583,
            "MMKRatePerYen": 12.216118103448274,
            "DayTime": "31 00:00",
            "USDRatePerDollarTotal": 3067.448941999999,
            "MMKRatePerYenTotal": 354.26742499999995,
            "Count": 29
        },
        "01": {
            "YearMonth": "2020/10",
            "USDRatePerDollar": 106.67401457142861,
            "MMKRatePerYen": 12.315820057142847,
            "DayTime": "01 00:00",
            "USDRatePerDollarTotal": 3733.5905100000014,
            "MMKRatePerYenTotal": 431.05370199999965,
            "Count": 35
        },
        "02": {
            "YearMonth": "2020/10",
            "USDRatePerDollar": 106.75732308333326,
            "MMKRatePerYen": 12.303578666666677,
            "DayTime": "02 00:00",
            "USDRatePerDollarTotal": 3843.2636309999975,
            "MMKRatePerYenTotal": 442.9288320000004,
            "Count": 36
        },
        "03": {
            "YearMonth": "2020/10",