{
    "Items": {
        "10": {
            "YearMonth": "2020/03",
            "USDRatePerDollar": 104.03947816666667,
            "MMKRatePerYen": 13.060907296296298,
            "DayTime": "10 00:00",
            "USDRatePerDollarTotal": 5618.131821,
            "MMKRatePerYenTotal": 705.2889940000001,
            "Count": 54
        },
        "11": {
            "YearMonth": "2020/03",
            "USDRatePerDollar": 105.71117256000008,
            "MMKRatePerYen": 12.687770019999995,
            "DayTime": "11 00:00",
            "USDRatePerDollarTotal": 5285.558628000004,
            "MMKRatePerYenTotal": 634.3885009999998,
            "Count": 50
        },
        "12": {
            "YearMonth": "2020/03",
            "USDRatePerDollar": 105.13528639215693,
            "MMKRatePerYen": 13.129765764705887,
            "DayTime": "12 00:00",
            "USDRatePerDollarTotal": 5361.899606000004,
            "MMKRatePerYenTotal": 669.6180540000003,
            "Count": 51
        },
        "13": {
            "YearMonth": "2020/03",
            "USDRatePerDollar": 105.66384574468086,
            "MMKRatePerYen": 13.206121212765957,
            "DayTime": "13 00:00",
            "USDRatePerDollarTotal": 4966.20075,
            "MMKRatePerYenTotal": 620.687697,
            "Count": 47
        },
        "14": {
            "YearMonth": "2020/03",
            "USDRatePerDollar": 108.15710273333336,
            "MMKRatePerYen": 12.984925244444442,
            "DayTime": "14 00:00",
            "USDRatePerDollarTotal": 4867.069623000001,
            "MMKRatePerYenTotal": 584.3216359999999,
            "Count": 45
        },
        "15": {
            "YearMonth": "2020/03",
            "USDRatePerDollar": 109.14619252173917,
            "MMKRatePerYen": 12.786627456521746,
            "DayTime": "15 00:00",
            "USDRatePerDollarTotal": 5020.724856000002,
            "MMKRatePerYenTotal": 588.1848630000003,
            "Count": 46
        },
        "16": {
            "YearMonth": "2020/03",
            "USDRatePerDollar": 108.78199578846147,
            "MMKRatePerYen": 12.83265884615384,
            "DayTime": "16 00:00",
            "USDRatePerDollarTotal": 5656.663780999997,
            "MMKRatePerYenTotal": 667.2982599999997,
            "Count": 52
        },
        "17": {
            "YearMonth": "2020/03",
            "USDRatePerDollar": 107.60460649999989,
            "MMKRatePerYen": 13.130320370370365,
            "DayTime": "17 00:00",
            "USDRatePerDollarTotal": 5810.648750999994,
            "MMKRatePerYenTotal": 709.0372999999997,
            "Count": 54
        },
        "18": {
            "YearMonth": "2020/03",
            "USDRatePerDollar": 108.36718115789479,
            "MMKRatePerYen": 13.26320642105263,
            "DayTime": "18 00:00",
            "USDRatePerDollarTotal": 4117.952884000002,
            "MMKRatePerYenTotal": 504.00184399999995,
            "Count": 38
        },
        "19": {
            "YearMonth": "2020/03",
            "USDRatePerDollar": 109.68994200000003,
            "MMKRatePerYen": 13.06654733333334,
            "DayTime": "19 00:00",
            "USDRatePerDollarTotal": 3948.837912000001,
            "MMKRatePerYenTotal": 470.3957040000002,
            "Count": 36
        },
        "20": {
            "YearMonth": "2020/03",
            "USDRatePerDollar": 111.52218867647065,
            "MMKRatePerYen": 12.83821732352941,
            "DayTime": "20 00:00",
            "USDRatePerDollarTotal": 3791.754415000002,
            "MMKRatePerYenTotal": 436.49938899999995,
            "Count": 34
        },
        "21": {
            "YearMonth": "2020/03",
            "USDRatePerDollar": 111.84763,
            "MMKRatePerYen": 12.773622192307696,
            "DayTime": "21 00:00",
            "USDRatePerDollarTotal": 2908.03838,
            "MMKRatePerYenTotal": 332.1141770000001,
            "Count": 26
        },
        "22": {
            "YearMonth": "2020/03",
            "USDRatePerDollar": 112.06953376,
            "MMKRatePerYen": 12.748353000000003,
            "DayTime": "22 00:00",
            "USDRatePerDollarTotal": 2801.738344,
            "MMKRatePerYenTotal": 318.7088250000001,
            "Count": 25
        },
        "23": {
            "YearMonth": "2020/03",
            "USDRatePerDollar": 111.70933744999995,
            "MMKRatePerYen": 12.7852287,
            "DayTime": "23 00:00",
            "USDRatePerDollarTotal": 4468.373497999998,
            "MMKRatePerYenTotal": 511.40914799999996,
            "Count": 40
        },
        "24": {
            "YearMonth": "2020/03",
            "USDRatePerDollar": 111.80346759999998,
            "MMKRatePerYen": 12.70523764444443,
            "DayTime": "24 00:00",
            "USDRatePerDollarTotal": 5031.156041999999,
            "MMKRatePerYenTotal": 571.7356939999994,
            "Count": 45
        },
        "25": {
            "YearMonth": "2020/03",
            "USDRatePerDollar": 112.14171659523812,
            "MMKRatePerYen": 12.509197904761907,
            "DayTime": "25 00:00",
            "USDRatePerDollarTotal": 4709.952097000001,
            "MMKRatePerYenTotal": 525.3863120000001,
            "Count": 42
        },
        "26": {
            "YearMonth": "2020/03",
            "USDRatePerDollar": 112.14078800000006,
            "MMKRatePerYen": 12.41838265306121,
            "DayTime": "26 00:00",
            "USDRatePerDollarTotal": 5494.898612000003,
            "MMKRatePerYenTotal": 608.5007499999992,
            "Count": 49
        },
        "27": {
            "YearMonth": "2020/03",
            "USDRatePerDollar": 110.68873543243241,
            "MMKRatePerYen": 12.646857594594602,
            "DayTime": "27 00:00",
            "USDRatePerDollarTotal": 4095.4832109999993,
            "MMKRatePerYenTotal": 467.93373100000025,
            "Count": 37
        },
        "28": {
            "YearMonth": "2020/03",
            "USDRatePerDollar": 109.22133274193541,
            "MMKRatePerYen": 12.849963806451612,
            "DayTime": "28 00:00",
            "USDRatePerDollarTotal": 3385.861314999998,
            "MMKRatePerYenTotal": 398.34887799999996,
            "Count": 31
        },
        "29": {
            "YearMonth": "2020/03",
            "USDRatePerDollar": 109.12254687999993,
            "MMKRatePerYen": 12.861610000000002,
            "DayTime": "29 00:00",
            "USDRatePerDollarTotal": 2728.0636719999984,
            "MMKRatePerYenTotal": 321.54025000000007,
            "Count": 25
        },
        "30": {
            "YearMonth": "2020/03",
            "USDRatePerDollar": 108.85384299999994,
            "MMKRatePerYen": 12.871811473684215,
            "DayTime": "30 00:00",
            "USDRatePerDollarTotal": 4136.446033999998,
            "MMKRatePerYenTotal": 489.12883600000015,
            "Count": 38
        },
        "31": {
            "YearMonth": "2020/03",
            "USDRatePerDollar": 109.16366385999989,
            "MMKRatePerYen": 12.741420859999987,
            "DayTime": "31 00:00",
            "USDRatePerDollarTotal": 5458.183192999994,
            "MMKRatePerYenTotal": 637.0710429999993,
            "Count": 50
        },
        "01": {
            "YearMonth": "2020/03",
            "USDRatePerDollar": 109.31310588461535,
            "MMKRatePerYen": 13.143939999999994,
            "DayTime": "01 00:00",
            "USDRatePerDollarTotal": 2842.140752999999,
            "MMKRatePerYenTotal": 341.7424399999998,
            "Count": 26
        },
        "02": {
            "YearMonth": "2020/03",
            "USDRatePerDollar": 109.29985890909096,
            "MMKRatePerYen": 13.14510120454545,
            "DayTime": "02 00:00",
            "USDRatePerDollarTotal": 4809.193792000002,
            "MMKRatePerYenTotal": 578.3844529999998,
            "Count": 44
        },
        "03": {
            "YearMonth": "2020/03",