{
    "Items": {
        "10": {
            "YearMonth": "2020/05",
            "USDRatePerDollar": 107.87486499999987,
            "MMKRatePerYen": 12.964473,
            "DayTime": "10 00:00",
            "USDRatePerDollarTotal": 4854.368924999994,
            "MMKRatePerYenTotal": 583.401285,
            "Count": 45
        },
        "11": {
            "YearMonth": "2020/05",
            "USDRatePerDollar": 107.94680214583333,
            "MMKRatePerYen": 12.964103083333333,
            "DayTime": "11 00:00",
            "USDRatePerDollarTotal": 5181.446503,
            "MMKRatePerYenTotal": 622.276948,
            "Count": 48
        },
        "12": {
            "YearMonth": "2020/05",
            "USDRatePerDollar": 108.51093668085112,
            "MMKRatePerYen": 12.960882510638307,
            "DayTime": "12 00:00",
            "USDRatePerDollarTotal": 5100.014024000003,
            "MMKRatePerYenTotal": 609.1614780000004,
            "Count": 47
        },
        "13": {
            "YearMonth": "2020/05",
            "USDRatePerDollar": 108.46135104878051,
            "MMKRatePerYen": 13.079309804878058,
            "DayTime": "13 00:00",
            "USDRatePerDollarTotal": 4446.915393000001,
            "MMKRatePerYenTotal": 536.2517020000004,
            "Count": 41
        },
        "14": {
            "YearMonth": "2020/05",
            "USDRatePerDollar": 108.25777053488373,
            "MMKRatePerYen": 13.103012883720924,
            "DayTime": "14 00:00",
            "USDRatePerDollarTotal": 4655.084133,
            "MMKRatePerYenTotal": 563.4295539999997,
            "Count": 43
        },
        "15": {
            "YearMonth": "2020/05",
            "USDRatePerDollar": 108.32654770000002,
            "MMKRatePerYen": 13.076462925000012,
            "DayTime": "15 00:00",
            "USDRatePerDollarTotal": 4333.061908000001,
            "MMKRatePerYenTotal": 523.0585170000005,
            "Count": 40
        },
        "16": {
            "YearMonth": "2020/05",
            "USDRatePerDollar": 108.29548028571422,
            "MMKRatePerYen": 13.007061428571426,
            "DayTime": "16 00:00",
            "USDRatePerDollarTotal": 3790.3418099999976,
            "MMKRatePerYenTotal": 455.2471499999999,
            "Count": 35
        },
        "17": {
            "YearMonth": "2020/05",
            "USDRatePerDollar": 108.24817468085098,
            "MMKRatePerYen": 13.012609999999997,
            "DayTime": "17 00:00",
            "USDRatePerDollarTotal": 5087.664209999996,
            "MMKRatePerYenTotal": 611.5926699999999,
            "Count": 47
        },
        "18": {
            "YearMonth": "2020/05",
            "USDRatePerDollar": 108.28598532608689,
            "MMKRatePerYen": 13.008173978260857,
            "DayTime": "18 00:00",
            "USDRatePerDollarTotal": 4981.155324999997,
            "MMKRatePerYenTotal": 598.3760029999994,
            "Count": 46
        },
        "19": {
            "YearMonth": "2020/05",
            "USDRatePerDollar": 108.50247469999995,
            "MMKRatePerYen": 12.98369770000001,
            "DayTime": "19 00:00",
            "USDRatePerDollarTotal": 5425.123734999997,
            "MMKRatePerYenTotal": 649.1848850000005,
            "Count": 50
        },
        "20": {
            "YearMonth": "2020/05",
            "USDRatePerDollar": 108.86784335555565,
            "MMKRatePerYen": 12.977019377777777,
            "DayTime": "20 00:00",
            "USDRatePerDollarTotal": 4899.052951000004,
            "MMKRatePerYenTotal": 583.965872,
            "Count": 45
        },
        "21": {
            "YearMonth": "2020/05",
            "USDRatePerDollar": 108.86856160869566,
            "MMKRatePerYen": 13.022882369565208,
            "DayTime": "21 00:00",
            "USDRatePerDollarTotal": 5007.953834,
            "MMKRatePerYenTotal": 599.0525889999996,
            "Count": 46
        },
        "22": {
            "YearMonth": "2020/05",
            "USDRatePerDollar": 108.80112185416658,
            "MMKRatePerYen": 13.004182520833327,
            "DayTime": "22 00:00",
            "USDRatePerDollarTotal": 5222.453848999996,
            "MMKRatePerYenTotal": 624.2007609999997,
            "Count": 48
        },
        "23": {
            "YearMonth": "2020/05",
            "USDRatePerDollar": 108.80464754761906,
            "MMKRatePerYen": 12.963876357142855,
            "DayTime": "23 00:00",
            "USDRatePerDollarTotal": 4569.795197,
            "MMKRatePerYenTotal": 544.4828069999999,
            "Count": 42
        },
        "24": {
            "YearMonth": "2020/05",
            "USDRatePerDollar": 108.83742365,
            "MMKRatePerYen": 12.959772999999995,
            "DayTime": "24 00:00",
            "USDRatePerDollarTotal": 4353.496946,
            "MMKRatePerYenTotal": 518.3909199999998,
            "Count": 40
        },
        "25": {
            "YearMonth": "2020/05",
            "USDRatePerDollar": 108.8864077307692,
            "MMKRatePerYen": 12.950669230769238,
            "DayTime": "25 00:00",
            "USDRatePerDollarTotal": 2831.0466009999996,
            "MMKRatePerYenTotal": 336.71740000000017,
            "Count": 26
        },
        "26": {
            "YearMonth": "2020/05",
            "USDRatePerDollar": 109.00333525,
            "MMKRatePerYen": 12.926593611111107,
            "DayTime": "26 00:00",
            "USDRatePerDollarTotal": 3924.120069,
            "MMKRatePerYenTotal": 465.35736999999983,
            "Count": 36
        },
        "27": {
            "YearMonth": "2020/05",
            "USDRatePerDollar": 108.79944230434776,
            "MMKRatePerYen": 12.957105478260873,
            "DayTime": "27 00:00",
            "USDRatePerDollarTotal": 5004.774345999997,
            "MMKRatePerYenTotal": 596.0268520000002,
            "Count": 46
        },
        "28": {
            "YearMonth": "2020/05",
            "USDRatePerDollar": 108.9137581538461,
            "MMKRatePerYen": 12.933185826923083,
            "DayTime": "28 00:00",
            "USDRatePerDollarTotal": 5663.515423999997,
            "MMKRatePerYenTotal": 672.5256630000003,
            "Count": 52
        },
        "29": {
            "YearMonth": "2020/05",
            "USDRatePerDollar": 108.78174755319147,
            "MMKRatePerYen": 12.908278361702115,
            "DayTime": "29 00:00",
            "USDRatePerDollarTotal": 5112.742134999999,
            "MMKRatePerYenTotal": 606.6890829999994,
            "Count": 47
        },
        "30": {
            "YearMonth": "2020/05",
            "USDRatePerDollar": 108.92041619512197,
            "MMKRatePerYen": 12.913637073170731,
            "DayTime": "30 00:00",
            "USDRatePerDollarTotal": 4465.737064000001,
            "MMKRatePerYenTotal": 529.45912,
            "Count": 41
        },
        "31": {
            "YearMonth": "2020/05",
            "USDRatePerDollar": 109.00370599999998,
            "MMKRatePerYen": 12.903616999999999,
            "DayTime": "31 00:00",
            "USDRatePerDollarTotal": 3270.1111799999994,
            "MMKRatePerYenTotal": 387.10850999999997,
            "Count": 30
        },
        "01": {
            "YearMonth": "2020/05",
            "USDRatePerDollar": 108.24772586956522,
            "MMKRatePerYen": 13.077377934782607,
            "DayTime": "01 00:00",
            "USDRatePerDollarTotal": 4979.39539,
            "MMKRatePerYenTotal": 601.5593849999999,
            "Count": 46
        },
        "02": {
            "YearMonth": "2020/05",
            "USDRatePerDollar": 108.21627010638295,
            "MMKRatePerYen": 13.08124670212766,
            "DayTime": "02 00:00",
            "USDRatePerDollarTotal": 5086.164694999999,
            "MMKRatePerYenTotal": 614.818595,
            "Count": 47
        },
        "03": {
            "YearMonth": "2020/05",
            "USDRatePerDollar": 108.15476862222218,