{
    "Items": {
        "10": {
            "YearMonth": "2020/11",
            "USDRatePerDollar": 105.87407629729734,
            "MMKRatePerYen": 12.204151972972971,
            "DayTime": "10 00:00",
            "USDRatePerDollarTotal": 3917.3408230000014,
            "MMKRatePerYenTotal": 451.55362299999996,
            "Count": 37
        },
        "11": {
            "YearMonth": "2020/11",
            "USDRatePerDollar": 106.34998392156861,
            "MMKRatePerYen": 12.213019333333335,
            "DayTime": "11 00:00",
            "USDRatePerDollarTotal": 5423.849179999999,
            "MMKRatePerYenTotal": 622.8639860000001,
            "Count": 51
        },
        "12": {
            "YearMonth": "2020/11",
            "USDRatePerDollar": 106.48837443902435,
            "MMKRatePerYen": 12.219016536585363,
            "DayTime": "12 00:00",
            "USDRatePerDollarTotal": 4366.023351999998,
            "MMKRatePerYenTotal": 500.97967799999986,
            "Count": 41
        },
        "13": {
            "YearMonth": "2020/11",
            "USDRatePerDollar": 106.27144205263154,
            "MMKRatePerYen": 12.2178160263158,
            "DayTime": "13 00:00",
            "USDRatePerDollarTotal": 4038.3147979999985,
            "MMKRatePerYenTotal": 464.2770090000004,
            "Count": 38
        },
        "14": {
            "YearMonth": "2020/11",
            "USDRatePerDollar": 105.91743946428565,
            "MMKRatePerYen": 12.250408821428577,
            "DayTime": "14 00:00",
            "USDRatePerDollarTotal": 2965.6883049999983,
            "MMKRatePerYenTotal": 343.01144700000015,
            "Count": 28
        },
        "15": {
            "YearMonth": "2020/11",
            "USDRatePerDollar": 105.82008999999994,
            "MMKRatePerYen": 12.270012000000005,
            "DayTime": "15 00:00",
            "USDRatePerDollarTotal": 2962.962519999998,
            "MMKRatePerYenTotal": 343.5603360000001,
            "Count": 28
        },
        "16": {
            "YearMonth": "2020/11",
            "USDRatePerDollar": 105.78749530303033,
            "MMKRatePerYen": 12.278878393939406,
            "DayTime": "16 00:00",
            "USDRatePerDollarTotal": 3490.987345000001,
            "MMKRatePerYenTotal": 405.2029870000004,
            "Count": 33
        },
        "17": {
            "YearMonth": "2020/11",
            "USDRatePerDollar": 105.70994272000002,
            "MMKRatePerYen": 12.313275559999996,
            "DayTime": "17 00:00",
            "USDRatePerDollarTotal": 5285.497136000001,
            "MMKRatePerYenTotal": 615.6637779999998,
            "Count": 50
        },
        "18": {
            "YearMonth": "2020/11",
            "USDRatePerDollar": 105.3790901886792,
            "MMKRatePerYen": 12.379370245283013,
            "DayTime": "18 00:00",
            "USDRatePerDollarTotal": 5585.091779999998,
            "MMKRatePerYenTotal": 656.1066229999997,
            "Count": 53
        },
        "19": {
            "YearMonth": "2020/11",
            "USDRatePerDollar": 105.01750719565216,
            "MMKRatePerYen": 12.44397736956522,
            "DayTime": "19 00:00",
            "USDRatePerDollarTotal": 4830.805331,
            "MMKRatePerYenTotal": 572.4229590000001,
            "Count": 46
        },
        "20": {
            "YearMonth": "2020/11",
            "USDRatePerDollar": 104.95463079999999,
            "MMKRatePerYen": 12.501146457142843,
            "DayTime": "20 00:00",
            "USDRatePerDollarTotal": 7346.824156,
            "MMKRatePerYenTotal": 875.0802519999991,
            "Count": 70
        },
        "21": {
            "YearMonth": "2020/11",
            "USDRatePerDollar": 105.00034266666667,
            "MMKRatePerYen": 12.5009916,
            "DayTime": "21 00:00",
            "USDRatePerDollarTotal": 3150.01028,
            "MMKRatePerYenTotal": 375.02974800000004,
            "Count": 30
        },
        "22": {
            "YearMonth": "2020/11",
            "USDRatePerDollar": 105.01532369767448,
            "MMKRatePerYen": 12.492586000000003,
            "DayTime": "22 00:00",
            "USDRatePerDollarTotal": 4515.658919000002,
            "MMKRatePerYenTotal": 537.1811980000001,
            "Count": 43
        },
        "23": {
            "YearMonth": "2020/11",
            "USDRatePerDollar": 104.9885760666667,
            "MMKRatePerYen": 12.492586000000001,
            "DayTime": "23 00:00",
            "USDRatePerDollarTotal": 3149.657282000001,
            "MMKRatePerYenTotal": 374.77758000000006,
            "Count": 30
        },
        "24": {
            "YearMonth": "2020/11",
            "USDRatePerDollar": 105.57425218750001,
            "MMKRatePerYen": 12.444166562500008,
            "DayTime": "24 00:00",
            "USDRatePerDollarTotal": 5067.564105,
            "MMKRatePerYenTotal": 597.3199950000004,
            "Count": 48
        },
        "25": {
            "YearMonth": "2020/11",
            "USDRatePerDollar": 105.67042423913043,
            "MMKRatePerYen": 12.484173739130433,
            "DayTime": "25 00:00",
            "USDRatePerDollarTotal": 4860.839515,
            "MMKRatePerYenTotal": 574.271992,
            "Count": 46
        },
        "26": {
            "YearMonth": "2020/11",
            "USDRatePerDollar": 105.59408512500003,
            "MMKRatePerYen": 12.50738410000001,
            "DayTime": "26 00:00",
            "USDRatePerDollarTotal": 4223.7634050000015,
            "MMKRatePerYenTotal": 500.2953640000004,
            "Count": 40
        },
        "27": {
            "YearMonth": "2020/11",
            "USDRatePerDollar": 105.3246072820513,
            "MMKRatePerYen": 12.504585128205136,
            "DayTime": "27 00:00",
            "USDRatePerDollarTotal": 4107.659684000001,
            "MMKRatePerYenTotal": 487.6788200000003,
            "Count": 39
        },
        "28": {
            "YearMonth": "2020/11",
            "USDRatePerDollar": 105.24233685714286,
            "MMKRatePerYen": 12.506737357142852,
            "DayTime": "28 00:00",
            "USDRatePerDollarTotal": 2946.785432,
            "MMKRatePerYenTotal": 350.18864599999984,
            "Count": 28
        },
        "29": {
            "YearMonth": "2020/11",
            "USDRatePerDollar": 105.2956968888889,
            "MMKRatePerYen": 12.510111999999994,
            "DayTime": "29 00:00",
            "USDRatePerDollarTotal": 2842.9838160000004,
            "MMKRatePerYenTotal": 337.77302399999985,
            "Count": 27
        },
        "30": {
            "YearMonth": "2020/11",
            "USDRatePerDollar": 105.20938729032258,
            "MMKRatePerYen": 12.52636864516128,
            "DayTime": "30 00:00",
            "USDRatePerDollarTotal": 3261.491006,
            "MMKRatePerYenTotal": 388.3174279999997,
            "Count": 31
        },
        "01": {
            "YearMonth": "2020/11",
            "USDRatePerDollar": 105.84231323076921,
            "MMKRatePerYen": 12.205789,
            "DayTime": "01 00:00",
            "USDRatePerDollarTotal": 2751.9001439999993,
            "MMKRatePerYenTotal": 317.350514,
            "Count": 26
        },
        "02": {
            "YearMonth": "2020/11",
            "USDRatePerDollar": 105.8647141142857,
            "MMKRatePerYen": 12.205788999999994,
            "DayTime": "02 00:00",
            "USDRatePerDollarTotal": 3705.2649939999997,
            "MMKRatePerYenTotal": 427.2026149999998,
            "Count": 35
        },
        "03": {
            "YearMonth": "2020/11",
            "USDRatePerDollar": 105.92099900000001,
            "MMKRatePerYen": 12.205400699999995,
            "DayTime": "03 00:00",
            "USDRatePerDollarTotal": 3177.6299700000004,
            "MMKRatePerYenTotal": 366.16202099999987,
            "Count": 30
        },
        "04": {
            "YearMonth": "2020/11",