{
    "Items": {
        "10": {
            "YearMonth": "2020/08",
            "USDRatePerDollar": 107.06568658064508,
            "MMKRatePerYen": 12.70896703225806,
            "DayTime": "10 00:00",
            "USDRatePerDollarTotal": 3319.0362839999975,
            "MMKRatePerYenTotal": 393.9779779999999,
            "Count": 31
        },
        "11": {
            "YearMonth": "2020/08",
            "USDRatePerDollar": 107.15728405128205,
            "MMKRatePerYen": 12.765044333333323,
            "DayTime": "11 00:00",
            "USDRatePerDollarTotal": 4179.134078,
            "MMKRatePerYenTotal": 497.8367289999996,
            "Count": 39
        },
        "12": {
            "YearMonth": "2020/08",
            "USDRatePerDollar": 107.70089480555549,
            "MMKRatePerYen": 12.774389277777779,
            "DayTime": "12 00:00",
            "USDRatePerDollarTotal": 3877.2322129999975,
            "MMKRatePerYenTotal": 459.878014,
            "Count": 36
        },
        "13": {
            "YearMonth": "2020/08",
            "USDRatePerDollar": 107.96478864999995,
            "MMKRatePerYen": 12.762238400000001,
            "DayTime": "13 00:00",
            "USDRatePerDollarTotal": 4318.591545999998,
            "MMKRatePerYenTotal": 510.48953600000004,
            "Count": 40
        },
        "14": {
            "YearMonth": "2020/08",
            "USDRatePerDollar": 108.09357818181815,
            "MMKRatePerYen": 12.683630424242427,
            "DayTime": "14 00:00",
            "USDRatePerDollarTotal": 3567.0880799999986,
            "MMKRatePerYenTotal": 418.5598040000001,
            "Count": 33
        },
        "15": {
            "YearMonth": "2020/08",
            "USDRatePerDollar": 107.9102049677419,
            "MMKRatePerYen": 12.64836251612903,
            "DayTime": "15 00:00",
            "USDRatePerDollarTotal": 3345.2163539999992,
            "MMKRatePerYenTotal": 392.0992379999999,
            "Count": 31
        },
        "16": {
            "YearMonth": "2020/08",
            "USDRatePerDollar": 107.81578534482755,
            "MMKRatePerYen": 12.654473999999995,
            "DayTime": "16 00:00",
            "USDRatePerDollarTotal": 3126.6577749999988,
            "MMKRatePerYenTotal": 366.97974599999986,
            "Count": 29
        },
        "17": {
            "YearMonth": "2020/08",
            "USDRatePerDollar": 107.79168697368421,
            "MMKRatePerYen": 12.65995271052631,
            "DayTime": "17 00:00",
            "USDRatePerDollarTotal": 4096.084105,
            "MMKRatePerYenTotal": 481.0782029999998,
            "Count": 38
        },
        "18": {
            "YearMonth": "2020/08",
            "USDRatePerDollar": 107.15972227500001,
            "MMKRatePerYen": 12.730086000000002,
            "DayTime": "18 00:00",
            "USDRatePerDollarTotal": 4286.3888910000005,
            "MMKRatePerYenTotal": 509.20344000000006,
            "Count": 40
        },
        "19": {
            "YearMonth": "2020/08",
            "USDRatePerDollar": 106.70120985714274,
            "MMKRatePerYen": 12.76741931428571,
            "DayTime": "19 00:00",
            "USDRatePerDollarTotal": 3734.542344999996,
            "MMKRatePerYenTotal": 446.85967599999987,
            "Count": 35
        },
        "20": {
            "YearMonth": "2020/08",
            "USDRatePerDollar": 107.12618099999999,
            "MMKRatePerYen": 12.777826617647063,
            "DayTime": "20 00:00",
            "USDRatePerDollarTotal": 3642.290154,
            "MMKRatePerYenTotal": 434.44610500000016,
            "Count": 34
        },
        "21": {
            "YearMonth": "2020/08",
            "USDRatePerDollar": 106.98039764285717,
            "MMKRatePerYen": 12.788873857142852,
            "DayTime": "21 00:00",
            "USDRatePerDollarTotal": 4493.176701000001,
            "MMKRatePerYenTotal": 537.1327019999998,
            "Count": 42
        },
        "22": {
            "YearMonth": "2020/08",
            "USDRatePerDollar": 106.96122451851846,
            "MMKRatePerYen": 12.760579629629634,
            "DayTime": "22 00:00",
            "USDRatePerDollarTotal": 2887.9530619999987,
            "MMKRatePerYenTotal": 344.5356500000001,
            "Count": 27
        },
        "23": {
            "YearMonth": "2020/08",
            "USDRatePerDollar": 106.99676376923072,
            "MMKRatePerYen": 12.743147000000002,
            "DayTime": "23 00:00",
            "USDRatePerDollarTotal": 2781.915857999999,
            "MMKRatePerYenTotal": 331.32182200000005,
            "Count": 26
        },
        "24": {
            "YearMonth": "2020/08",
            "USDRatePerDollar": 107.00042589473681,
            "MMKRatePerYen": 12.728928263157902,
            "DayTime": "24 00:00",
            "USDRatePerDollarTotal": 4066.0161839999987,
            "MMKRatePerYenTotal": 483.6992740000003,
            "Count": 38
        },
        "25": {
            "YearMonth": "2020/08",
            "USDRatePerDollar": 107.12545779999995,
            "MMKRatePerYen": 12.754755028571417,
            "DayTime": "25 00:00",
            "USDRatePerDollarTotal": 3749.3910229999983,
            "MMKRatePerYenTotal": 446.4164259999996,
            "Count": 35
        },
        "26": {
            "YearMonth": "2020/08",
            "USDRatePerDollar": 107.56345612121206,
            "MMKRatePerYen": 12.66452581818183,
            "DayTime": "26 00:00",
            "USDRatePerDollarTotal": 3549.5940519999976,
            "MMKRatePerYenTotal": 417.92935200000034,
            "Count": 33
        },
        "27": {
            "YearMonth": "2020/08",
            "USDRatePerDollar": 107.28510494594592,
            "MMKRatePerYen": 12.627619351351356,
            "DayTime": "27 00:00",
            "USDRatePerDollarTotal": 3969.548882999999,
            "MMKRatePerYenTotal": 467.2219160000002,
            "Count": 37
        },
        "28": {
            "YearMonth": "2020/08",
            "USDRatePerDollar": 107.76912717948719,
            "MMKRatePerYen": 12.520569179487174,
            "DayTime": "28 00:00",
            "USDRatePerDollarTotal": 4202.99596,
            "MMKRatePerYenTotal": 488.30219799999975,
            "Count": 39
        },
        "29": {
            "YearMonth": "2020/08",
            "USDRatePerDollar": 106.95992254838714,
            "MMKRatePerYen": 12.538123483870965,
            "DayTime": "29 00:00",
            "USDRatePerDollarTotal": 3315.7575990000014,
            "MMKRatePerYenTotal": 388.68182799999994,
            "Count": 31
        },
        "30": {
            "YearMonth": "2020/08",
            "USDRatePerDollar": 106.55266269230772,
            "MMKRatePerYen": 12.606291999999998,
            "DayTime": "30 00:00",
            "USDRatePerDollarTotal": 2770.3692300000007,
            "MMKRatePerYenTotal": 327.76359199999996,
            "Count": 26
        },
        "31": {
            "YearMonth": "2020/08",
            "USDRatePerDollar": 106.59814011627904,
            "MMKRatePerYen": 12.572200837209293,
            "DayTime": "31 00:00",
            "USDRatePerDollarTotal": 4583.720024999999,
            "MMKRatePerYenTotal": 540.6046359999996,
            "Count": 43
        },
        "01": {
            "YearMonth": "2020/08",
            "USDRatePerDollar": 106.59856223529415,
            "MMKRatePerYen": 12.84046896078433,
            "DayTime": "01 00:00",
            "USDRatePerDollarTotal": 5436.526674000002,
            "MMKRatePerYenTotal": 654.8639170000008,
            "Count": 51
        },
        "02": {
            "YearMonth": "2020/08",
            "USDRatePerDollar": 107.08892400000003,
            "MMKRatePerYen": 12.805421000000011,
            "DayTime": "02 00:00",
            "USDRatePerDollarTotal": 5140.268352000002,
            "MMKRatePerYenTotal": 614.6602080000006,
            "Count": 48
        },