{
    "Items": {
        "10": {
            "YearMonth": "2020/06",
            "USDRatePerDollar": 108.97060439285713,
            "MMKRatePerYen": 12.899409803571439,
            "DayTime": "10 00:00",
            "USDRatePerDollarTotal": 6102.353845999999,
            "MMKRatePerYenTotal": 722.3669490000005,
            "Count": 56
        },
        "11": {
            "YearMonth": "2020/06",
            "USDRatePerDollar": 108.37840433333322,
            "MMKRatePerYen": 12.94980824074073,
            "DayTime": "11 00:00",
            "USDRatePerDollarTotal": 5852.433833999994,
            "MMKRatePerYenTotal": 699.2896449999994,
            "Count": 54
        },
        "12": {
            "YearMonth": "2020/06",
            "USDRatePerDollar": 108.14218886956526,
            "MMKRatePerYen": 12.997112152173916,
            "DayTime": "12 00:00",
            "USDRatePerDollarTotal": 4974.540688000002,
            "MMKRatePerYenTotal": 597.8671590000001,
            "Count": 46
        },
        "13": {
            "YearMonth": "2020/06",
            "USDRatePerDollar": 108.46598571739136,
            "MMKRatePerYen": 12.957992369565218,
            "DayTime": "13 00:00",
            "USDRatePerDollarTotal": 4989.435343000003,
            "MMKRatePerYenTotal": 596.0676490000001,
            "Count": 46
        },
        "14": {
            "YearMonth": "2020/06",
            "USDRatePerDollar": 108.56584500000005,
            "MMKRatePerYen": 12.94602700000001,
            "DayTime": "14 00:00",
            "USDRatePerDollarTotal": 3256.9753500000015,
            "MMKRatePerYenTotal": 388.3808100000003,
            "Count": 30
        },
        "15": {
            "YearMonth": "2020/06",
            "USDRatePerDollar": 108.48813360416672,
            "MMKRatePerYen": 12.959723000000004,
            "DayTime": "15 00:00",
            "USDRatePerDollarTotal": 5207.430413000003,
            "MMKRatePerYenTotal": 622.0667040000002,
            "Count": 48
        },
        "16": {
            "YearMonth": "2020/06",
            "USDRatePerDollar": 108.59598961904761,
            "MMKRatePerYen": 12.919288214285716,
            "DayTime": "16 00:00",
            "USDRatePerDollarTotal": 4561.031564,
            "MMKRatePerYenTotal": 542.6101050000001,
            "Count": 42
        },
        "17": {
            "YearMonth": "2020/06",
            "USDRatePerDollar": 108.5514832432432,
            "MMKRatePerYen": 12.947827675675665,
            "DayTime": "17 00:00",
            "USDRatePerDollarTotal": 4016.4048799999982,
            "MMKRatePerYenTotal": 479.0696239999996,
            "Count": 37
        },
        "18": {
            "YearMonth": "2020/06",
            "USDRatePerDollar": 108.24917431249997,
            "MMKRatePerYen": 12.920517124999996,
            "DayTime": "18 00:00",
            "USDRatePerDollarTotal": 3463.973577999999,
            "MMKRatePerYenTotal": 413.4565479999999,
            "Count": 32
        },
        "19": {
            "YearMonth": "2020/06",
            "USDRatePerDollar": 108.13906124999998,
            "MMKRatePerYen": 12.920155386363643,
            "DayTime": "19 00:00",
            "USDRatePerDollarTotal": 4758.118694999999,
            "MMKRatePerYenTotal": 568.4868370000003,
            "Count": 44
        },
        "20": {
            "YearMonth": "2020/06",
            "USDRatePerDollar": 108.10773329032264,
            "MMKRatePerYen": 12.900795806451617,
            "DayTime": "20 00:00",
            "USDRatePerDollarTotal": 3351.3397320000017,
            "MMKRatePerYenTotal": 399.9246700000001,
            "Count": 31
        },
        "21": {
            "YearMonth": "2020/06",
            "USDRatePerDollar": 108.09642200000005,
            "MMKRatePerYen": 12.863330000000003,
            "DayTime": "21 00:00",
            "USDRatePerDollarTotal": 3242.8926600000013,
            "MMKRatePerYenTotal": 385.8999000000001,
            "Count": 30
        },
        "22": {
            "YearMonth": "2020/06",
            "USDRatePerDollar": 108.08883558139527,
            "MMKRatePerYen": 12.88345658139535,
            "DayTime": "22 00:00",
            "USDRatePerDollarTotal": 4647.819929999997,
            "MMKRatePerYenTotal": 553.988633,
            "Count": 43
        },
        "23": {
            "YearMonth": "2020/06",
            "USDRatePerDollar": 108.20071383333331,
            "MMKRatePerYen": 12.941815095238102,
            "DayTime": "23 00:00",
            "USDRatePerDollarTotal": 4544.429980999999,
            "MMKRatePerYenTotal": 543.5562340000002,
            "Count": 42
        },
        "24": {
            "YearMonth": "2020/06",
            "USDRatePerDollar": 107.81974596078432,
            "MMKRatePerYen": 12.90946264705883,
            "DayTime": "24 00:00",
            "USDRatePerDollarTotal": 5498.807044,
            "MMKRatePerYenTotal": 658.3825950000003,
            "Count": 51
        },
        "25": {
            "YearMonth": "2020/06",
            "USDRatePerDollar": 108.17711230769233,
            "MMKRatePerYen": 12.87552728205129,
            "DayTime": "25 00:00",
            "USDRatePerDollarTotal": 4218.907380000001,
            "MMKRatePerYenTotal": 502.1455640000003,
            "Count": 39
        },
        "26": {
            "YearMonth": "2020/06",
            "USDRatePerDollar": 108.38097949999995,
            "MMKRatePerYen": 12.828861785714288,
            "DayTime": "26 00:00",
            "USDRatePerDollarTotal": 4552.001138999998,
            "MMKRatePerYenTotal": 538.8121950000001,
            "Count": 42
        },
        "27": {
            "YearMonth": "2020/06",
            "USDRatePerDollar": 108.41540020689652,
            "MMKRatePerYen": 12.846498724137934,
            "DayTime": "27 00:00",
            "USDRatePerDollarTotal": 3144.046605999999,
            "MMKRatePerYenTotal": 372.5484630000001,
            "Count": 29
        },
        "28": {
            "YearMonth": "2020/06",
            "USDRatePerDollar": 108.43564177777773,
            "MMKRatePerYen": 12.790670037037042,
            "DayTime": "28 00:00",
            "USDRatePerDollarTotal": 2927.762327999999,
            "MMKRatePerYenTotal": 345.3480910000001,
            "Count": 27
        },
        "29": {
            "YearMonth": "2020/06",
            "USDRatePerDollar": 108.39714640540537,
            "MMKRatePerYen": 12.81639451351352,
            "DayTime": "29 00:00",
            "USDRatePerDollarTotal": 4010.6944169999983,
            "MMKRatePerYenTotal": 474.2065970000003,
            "Count": 37
        },
        "30": {
            "YearMonth": "2020/06",
            "USDRatePerDollar": 108.76532799999993,
            "MMKRatePerYen": 12.767152973684219,
            "DayTime": "30 00:00",
            "USDRatePerDollarTotal": 4133.082463999997,
            "MMKRatePerYenTotal": 485.1518130000003,
            "Count": 38
        },
        "01": {
            "YearMonth": "2020/06",
            "USDRatePerDollar": 108.9400958518519,
            "MMKRatePerYen": 12.90765181481481,
            "DayTime": "01 00:00",
            "USDRatePerDollarTotal": 2941.3825880000013,
            "MMKRatePerYenTotal": 348.5065989999999,
            "Count": 27
        },
        "02": {
            "YearMonth": "2020/06",
            "USDRatePerDollar": 108.89330600000007,
            "MMKRatePerYen": 12.892654944444448,
            "DayTime": "02 00:00",
            "USDRatePerDollarTotal": 3920.1590160000023,
            "MMKRatePerYenTotal": 464.1355780000001,
            "Count": 36
        },
        "03": {
            "YearMonth": "2020/06",
            "USDRatePerDollar": 109.61400941666666,
            "MMKRatePerYen": 12.798787916666667,
            "DayTime": "03 00:00",
            "USDRatePerDollarTotal": 5261.472452,
            "MMKRatePerYenTotal": 614.34182,
            "Count": 48
        },