{
    "Items": {
        "10": {
            "YearMonth": "2020/09",
            "USDRatePerDollar": 107.31419932432435,
            "MMKRatePerYen": 12.477247783783794,
            "DayTime": "10 00:00",
            "USDRatePerDollarTotal": 3970.625375000001,
            "MMKRatePerYenTotal": 461.6581680000004,
            "Count": 37
        },
        "11": {
            "YearMonth": "2020/09",
            "USDRatePerDollar": 107.33245431034477,
            "MMKRatePerYen": 12.468830241379314,
            "DayTime": "11 00:00",
            "USDRatePerDollarTotal": 3112.6411749999984,
            "MMKRatePerYenTotal": 361.5960770000001,
            "Count": 29
        },
        "12": {
            "YearMonth": "2020/09",
            "USDRatePerDollar": 107.34995748148145,
            "MMKRatePerYen": 12.46496533333334,
            "DayTime": "12 00:00",
            "USDRatePerDollarTotal": 2898.448851999999,
            "MMKRatePerYenTotal": 336.5540640000002,
            "Count": 27
        },
        "13": {
            "YearMonth": "2020/09",
            "USDRatePerDollar": 107.3509325000001,
            "MMKRatePerYen": 12.464443999999986,
            "DayTime": "13 00:00",
            "USDRatePerDollarTotal": 8158.670870000007,
            "MMKRatePerYenTotal": 947.2977439999989,
            "Count": 76
        },
        "14": {
            "YearMonth": "2020/09",
            "USDRatePerDollar": 107.31990559459463,
            "MMKRatePerYen": 12.455535594594593,
            "DayTime": "14 00:00",
            "USDRatePerDollarTotal": 3970.8365070000013,
            "MMKRatePerYenTotal": 460.85481699999997,
            "Count": 37
        },
        "15": {
            "YearMonth": "2020/09",
            "USDRatePerDollar": 106.95850385714289,
            "MMKRatePerYen": 12.395060457142856,
            "DayTime": "15 00:00",
            "USDRatePerDollarTotal": 3743.5476350000013,
            "MMKRatePerYenTotal": 433.82711599999993,
            "Count": 35
        },
        "16": {
            "YearMonth": "2020/09",
            "USDRatePerDollar": 106.6080132564102,
            "MMKRatePerYen": 12.387766102564111,
            "DayTime": "16 00:00",
            "USDRatePerDollarTotal": 4157.712516999998,
            "MMKRatePerYenTotal": 483.12287800000036,
            "Count": 39
        },
        "17": {
            "YearMonth": "2020/09",
            "USDRatePerDollar": 106.22139016666667,
            "MMKRatePerYen": 12.459422916666663,
            "DayTime": "17 00:00",
            "USDRatePerDollarTotal": 5098.626728,
            "MMKRatePerYenTotal": 598.0522999999998,
            "Count": 48
        },
        "18": {
            "YearMonth": "2020/09",
            "USDRatePerDollar": 106.01792216666664,
            "MMKRatePerYen": 12.486207238095236,
            "DayTime": "18 00:00",
            "USDRatePerDollarTotal": 4452.752730999999,
            "MMKRatePerYenTotal": 524.4207039999999,
            "Count": 42
        },
        "19": {
            "YearMonth": "2020/09",
            "USDRatePerDollar": 105.81700425806456,
            "MMKRatePerYen": 12.497914967741936,
            "DayTime": "19 00:00",
            "USDRatePerDollarTotal": 3280.3271320000013,
            "MMKRatePerYenTotal": 387.435364,
            "Count": 31
        },
        "20": {
            "YearMonth": "2020/09",
            "USDRatePerDollar": 105.75274166666668,
            "MMKRatePerYen": 12.500136,
            "DayTime": "20 00:00",
            "USDRatePerDollarTotal": 2855.3240250000003,
            "MMKRatePerYenTotal": 337.503672,
            "Count": 27
        },
        "21": {
            "YearMonth": "2020/09",
            "USDRatePerDollar": 105.60543397435893,
            "MMKRatePerYen": 12.500823384615384,
            "DayTime": "21 00:00",
            "USDRatePerDollarTotal": 4118.611924999998,
            "MMKRatePerYenTotal": 487.532112,
            "Count": 39
        },
        "22": {
            "YearMonth": "2020/09",
            "USDRatePerDollar": 105.71764418421049,
            "MMKRatePerYen": 12.491081078947367,
            "DayTime": "22 00:00",
            "USDRatePerDollarTotal": 4017.2704789999984,
            "MMKRatePerYenTotal": 474.66108099999997,
            "Count": 38
        },
        "23": {
            "YearMonth": "2020/09",
            "USDRatePerDollar": 106.09784855263158,
            "MMKRatePerYen": 12.413175342105257,
            "DayTime": "23 00:00",
            "USDRatePerDollarTotal": 4031.718245,
            "MMKRatePerYenTotal": 471.70066299999974,
            "Count": 38
        },
        "24": {
            "YearMonth": "2020/09",
            "USDRatePerDollar": 106.52265063888893,
            "MMKRatePerYen": 12.353526194444443,
            "DayTime": "24 00:00",
            "USDRatePerDollarTotal": 3834.8154230000014,
            "MMKRatePerYenTotal": 444.72694299999995,
            "Count": 36
        },
        "25": {
            "YearMonth": "2020/09",
            "USDRatePerDollar": 106.61807064864857,
            "MMKRatePerYen": 12.352149999999996,
            "DayTime": "25 00:00",
            "USDRatePerDollarTotal": 3944.8686139999973,
            "MMKRatePerYenTotal": 457.02954999999986,
            "Count": 37
        },
        "26": {
            "YearMonth": "2020/09",
            "USDRatePerDollar": 106.76401006451607,
            "MMKRatePerYen": 12.3414665483871,
            "DayTime": "26 00:00",
            "USDRatePerDollarTotal": 3309.684311999998,
            "MMKRatePerYenTotal": 382.5854630000001,
            "Count": 31
        },
        "27": {
            "YearMonth": "2020/09",
            "USDRatePerDollar": 106.81441507692304,
            "MMKRatePerYen": 12.337055000000001,
            "DayTime": "27 00:00",
            "USDRatePerDollarTotal": 2777.174791999999,
            "MMKRatePerYenTotal": 320.76343,
            "Count": 26
        },
        "28": {
            "YearMonth": "2020/09",
            "USDRatePerDollar": 106.6955456486487,
            "MMKRatePerYen": 12.313671540540533,
            "DayTime": "28 00:00",
            "USDRatePerDollarTotal": 3947.7351890000023,
            "MMKRatePerYenTotal": 455.6058469999997,
            "Count": 37
        },
        "29": {
            "YearMonth": "2020/09",
            "USDRatePerDollar": 106.65115800000001,
            "MMKRatePerYen": 12.304623499999995,
            "DayTime": "29 00:00",
            "USDRatePerDollarTotal": 4052.7440040000006,
            "MMKRatePerYenTotal": 467.5756929999998,
            "Count": 38
        },
        "30": {
            "YearMonth": "2020/09",
            "USDRatePerDollar": 106.77247619444447,
            "MMKRatePerYen": 12.310644666666656,
            "DayTime": "30 00:00",
            "USDRatePerDollarTotal": 3843.809143000001,
            "MMKRatePerYenTotal": 443.18320799999964,
            "Count": 36
        },
        "01": {
            "YearMonth": "2020/09",
            "USDRatePerDollar": 106.86376764705881,
            "MMKRatePerYen": 12.485010676470585,
            "DayTime": "01 00:00",
            "USDRatePerDollarTotal": 3633.3680999999992,
            "MMKRatePerYenTotal": 424.4903629999999,
            "Count": 34
        },
        "02": {
            "YearMonth": "2020/09",
            "USDRatePerDollar": 107.14378975000007,
            "MMKRatePerYen": 12.387032055555565,
            "DayTime": "02 00:00",
            "USDRatePerDollarTotal": 3857.1764310000026,
            "MMKRatePerYenTotal": 445.93315400000034,
            "Count": 36
        },
        "03": {
            "YearMonth": "2020/09",
            "USDRatePerDollar": 107.39875102500002,
            "MMKRatePerYen": 12.363868799999993,
            "DayTime": "03 00:00",
            "USDRatePerDollarTotal": 4295.950041000001,
            "MMKRatePerYenTotal": 494.5547519999997,
            "Count": 40
        },