{
    "Items": {
        "10": {
            "YearMonth": "2020/04",
            "USDRatePerDollar": 109.88987184848479,
            "MMKRatePerYen": 13.001379242424237,
            "DayTime": "10 00:00",
            "USDRatePerDollarTotal": 3626.365770999998,
            "MMKRatePerYenTotal": 429.04551499999985,
            "Count": 33
        },
        "11": {
            "YearMonth": "2020/04",
            "USDRatePerDollar": 109.68670933333338,
            "MMKRatePerYen": 13.024720875000007,
            "DayTime": "11 00:00",
            "USDRatePerDollarTotal": 2632.481024000001,
            "MMKRatePerYenTotal": 312.59330100000017,
            "Count": 24
        },
        "12": {
            "YearMonth": "2020/04",
            "USDRatePerDollar": 109.69723500000005,
            "MMKRatePerYen": 13.023320000000007,
            "DayTime": "12 00:00",
            "USDRatePerDollarTotal": 2632.7336400000013,
            "MMKRatePerYenTotal": 312.5596800000002,
            "Count": 24
        },
        "13": {
            "YearMonth": "2020/04",
            "USDRatePerDollar": 109.48364951282055,
            "MMKRatePerYen": 13.049270615384609,
            "DayTime": "13 00:00",
            "USDRatePerDollarTotal": 4269.862331000001,
            "MMKRatePerYenTotal": 508.92155399999973,
            "Count": 39
        },
        "14": {
            "YearMonth": "2020/04",
            "USDRatePerDollar": 109.01543227659575,
            "MMKRatePerYen": 13.105817914893622,
            "DayTime": "14 00:00",
            "USDRatePerDollarTotal": 5123.725317,
            "MMKRatePerYenTotal": 615.9734420000002,
            "Count": 47
        },
        "15": {
            "YearMonth": "2020/04",
            "USDRatePerDollar": 108.48357275510205,
            "MMKRatePerYen": 13.169937693877543,
            "DayTime": "15 00:00",
            "USDRatePerDollarTotal": 5315.695065,
            "MMKRatePerYenTotal": 645.3269469999996,
            "Count": 49
        },
        "16": {
            "YearMonth": "2020/04",
            "USDRatePerDollar": 108.70501803030302,
            "MMKRatePerYen": 13.14352218181819,
            "DayTime": "16 00:00",
            "USDRatePerDollarTotal": 3587.265595,
            "MMKRatePerYenTotal": 433.73623200000026,
            "Count": 33
        },
        "17": {
            "YearMonth": "2020/04",
            "USDRatePerDollar": 109.21654645161291,
            "MMKRatePerYen": 13.081471451612911,
            "DayTime": "17 00:00",
            "USDRatePerDollarTotal": 3385.7129400000003,
            "MMKRatePerYenTotal": 405.52561500000024,
            "Count": 31
        },
        "18": {
            "YearMonth": "2020/04",
            "USDRatePerDollar": 109.18209015151515,
            "MMKRatePerYen": 13.086042000000006,
            "DayTime": "18 00:00",
            "USDRatePerDollarTotal": 3603.008975,
            "MMKRatePerYenTotal": 431.8393860000002,
            "Count": 33
        },
        "19": {
            "YearMonth": "2020/04",
            "USDRatePerDollar": 109.18222499999999,
            "MMKRatePerYen": 13.086042000000008,
            "DayTime": "19 00:00",
            "USDRatePerDollarTotal": 4148.92455,
            "MMKRatePerYenTotal": 497.2695960000003,
            "Count": 38
        },
        "20": {
            "YearMonth": "2020/04",
            "USDRatePerDollar": 109.1819525510203,
            "MMKRatePerYen": 13.086042000000011,
            "DayTime": "20 00:00",
            "USDRatePerDollarTotal": 5349.915674999995,
            "MMKRatePerYenTotal": 641.2160580000005,
            "Count": 49
        },
        "21": {
            "YearMonth": "2020/04",
            "USDRatePerDollar": 109.08485310638292,
            "MMKRatePerYen": 13.102350659574482,
            "DayTime": "21 00:00",
            "USDRatePerDollarTotal": 5126.988095999997,
            "MMKRatePerYenTotal": 615.8104810000007,
            "Count": 47
        },
        "22": {
            "YearMonth": "2020/04",
            "USDRatePerDollar": 108.91123421052623,
            "MMKRatePerYen": 13.204998921052626,
            "DayTime": "22 00:00",
            "USDRatePerDollarTotal": 4138.626899999997,
            "MMKRatePerYenTotal": 501.7899589999998,
            "Count": 38
        },
        "23": {
            "YearMonth": "2020/04",
            "USDRatePerDollar": 108.9796261290322,
            "MMKRatePerYen": 13.23392487096775,
            "DayTime": "23 00:00",
            "USDRatePerDollarTotal": 3378.368409999998,
            "MMKRatePerYenTotal": 410.2516710000002,
            "Count": 31
        },
        "24": {
            "YearMonth": "2020/04",
            "USDRatePerDollar": 108.88066588888886,
            "MMKRatePerYen": 13.138896185185187,
            "DayTime": "24 00:00",
            "USDRatePerDollarTotal": 2939.777978999999,
            "MMKRatePerYenTotal": 354.75019700000007,
            "Count": 27
        },
        "25": {
            "YearMonth": "2020/04",
            "USDRatePerDollar": 108.75660405128208,
            "MMKRatePerYen": 13.078655564102563,
            "DayTime": "25 00:00",
            "USDRatePerDollarTotal": 4241.507558000001,
            "MMKRatePerYenTotal": 510.067567,
            "Count": 39
        },
        "26": {
            "YearMonth": "2020/04",
            "USDRatePerDollar": 108.73105989361697,
            "MMKRatePerYen": 13.093321999999992,
            "DayTime": "26 00:00",
            "USDRatePerDollarTotal": 5110.359814999998,
            "MMKRatePerYenTotal": 615.3861339999996,
            "Count": 47
        },
        "27": {
            "YearMonth": "2020/04",
            "USDRatePerDollar": 108.6573745217391,
            "MMKRatePerYen": 13.093004826086954,
            "DayTime": "27 00:00",
            "USDRatePerDollarTotal": 4998.239227999999,
            "MMKRatePerYenTotal": 602.2782219999999,
            "Count": 46
        },
        "28": {
            "YearMonth": "2020/04",
            "USDRatePerDollar": 108.50648780434777,
            "MMKRatePerYen": 13.083711717391305,
            "DayTime": "28 00:00",
            "USDRatePerDollarTotal": 4991.298438999997,
            "MMKRatePerYenTotal": 601.850739,
            "Count": 46
        },
        "29": {
            "YearMonth": "2020/04",
            "USDRatePerDollar": 108.05735599999997,
            "MMKRatePerYen": 13.185178804878044,
            "DayTime": "29 00:00",
            "USDRatePerDollarTotal": 4430.351595999999,
            "MMKRatePerYenTotal": 540.5923309999998,
            "Count": 41
        },
        "30": {
            "YearMonth": "2020/04",
            "USDRatePerDollar": 107.84786188235283,
            "MMKRatePerYen": 13.149071705882347,
            "DayTime": "30 00:00",
            "USDRatePerDollarTotal": 5500.240955999994,
            "MMKRatePerYenTotal": 670.6026569999997,
            "Count": 51
        },
        "01": {
            "YearMonth": "2020/04",
            "USDRatePerDollar": 109.14314578723402,
            "MMKRatePerYen": 12.767689297872334,
            "DayTime": "01 00:00",
            "USDRatePerDollarTotal": 5129.727851999999,
            "MMKRatePerYenTotal": 600.0813969999997,
            "Count": 47
        },
        "02": {
            "YearMonth": "2020/04",
            "USDRatePerDollar": 108.6600742857143,
            "MMKRatePerYen": 12.835613204081632,
            "DayTime": "02 00:00",
            "USDRatePerDollarTotal": 5324.343640000001,
            "MMKRatePerYenTotal": 628.9450469999999,
            "Count": 49
        },
        "03": {
            "YearMonth": "2020/04",
            "USDRatePerDollar": 108.94619905714283,
            "MMKRatePerYen": 12.90496785714285,
            "DayTime": "03 00:00",
            "USDRatePerDollarTotal": 3813.116966999999,
            "MMKRatePerYenTotal": 451.6738749999997,
            "Count": 35
        },
        "04": {
            "YearMonth": "2020/04",