{
    "Items": {
        "10": {
            "YearMonth": "2021/05",
            "USDRatePerDollar": 109.97103463157892,
            "MMKRatePerYen": 13.934291052631588,
            "DayTime": "10 00:00",
            "USDRatePerDollarTotal": 4178.899315999999,
            "MMKRatePerYenTotal": 529.5030600000003,
            "Count": 38
        },
        "11": {
            "YearMonth": "2021/05",
            "USDRatePerDollar": 110.10858305882347,
            "MMKRatePerYen": 14.061023058823523,
            "DayTime": "11 00:00",
            "USDRatePerDollarTotal": 3743.691823999998,
            "MMKRatePerYenTotal": 478.07478399999974,
            "Count": 34
        },
        "12": {
            "YearMonth": "2021/05",
            "USDRatePerDollar": 109.99817275000004,
            "MMKRatePerYen": 14.343944437500006,
            "DayTime": "12 00:00",
            "USDRatePerDollarTotal": 3519.941528000001,
            "MMKRatePerYenTotal": 459.0062220000002,
            "Count": 32
        },
        "13": {
            "YearMonth": "2021/05",
            "USDRatePerDollar": 110.71107943750003,
            "MMKRatePerYen": 14.600475218750002,
            "DayTime": "13 00:00",
            "USDRatePerDollarTotal": 3542.754542000001,
            "MMKRatePerYenTotal": 467.2152070000001,
            "Count": 32
        },
        "14": {
            "YearMonth": "2021/05",
            "USDRatePerDollar": 110.7948175757576,
            "MMKRatePerYen": 14.776350303030313,
            "DayTime": "14 00:00",
            "USDRatePerDollarTotal": 3656.228980000001,
            "MMKRatePerYenTotal": 487.6195600000003,
            "Count": 33
        },
        "15": {
            "YearMonth": "2021/05",
            "USDRatePerDollar": 110.64277620000003,
            "MMKRatePerYen": 14.835979999999989,
            "DayTime": "15 00:00",
            "USDRatePerDollarTotal": 3319.2832860000008,
            "MMKRatePerYenTotal": 445.0793999999997,
            "Count": 30
        },
        "16": {
            "YearMonth": "2021/05",
            "USDRatePerDollar": 110.59444533333335,
            "MMKRatePerYen": 14.841777999999993,
            "DayTime": "16 00:00",
            "USDRatePerDollarTotal": 2986.0500240000006,
            "MMKRatePerYenTotal": 400.7280059999998,
            "Count": 27
        },
        "17": {
            "YearMonth": "2021/05",
            "USDRatePerDollar": 110.57587142105264,
            "MMKRatePerYen": 14.975114421052629,
            "DayTime": "17 00:00",
            "USDRatePerDollarTotal": 2100.941557,
            "MMKRatePerYenTotal": 284.52717399999995,
            "Count": 19
        },
        "18": {
            "YearMonth": "2021/05",
            "USDRatePerDollar": 110.45724483870971,
            "MMKRatePerYen": 14.940303064516119,
            "DayTime": "18 00:00",
            "USDRatePerDollarTotal": 3424.174590000001,
            "MMKRatePerYenTotal": 463.1493949999997,
            "Count": 31
        },
        "19": {
            "YearMonth": "2021/05",
            "USDRatePerDollar": 110.20905185294116,
            "MMKRatePerYen": 14.90068614705883,
            "DayTime": "19 00:00",
            "USDRatePerDollarTotal": 3747.1077629999995,
            "MMKRatePerYenTotal": 506.6233290000002,
            "Count": 34
        },
        "20": {
            "YearMonth": "2021/05",
            "USDRatePerDollar": 110.35217874193543,
            "MMKRatePerYen": 14.87066990322581,
            "DayTime": "20 00:00",
            "USDRatePerDollarTotal": 3420.9175409999984,
            "MMKRatePerYenTotal": 460.9907670000001,
            "Count": 31
        },
        "21": {
            "YearMonth": "2021/05",
            "USDRatePerDollar": 110.12931996969694,
            "MMKRatePerYen": 14.843579575757575,
            "DayTime": "21 00:00",
            "USDRatePerDollarTotal": 3634.267558999999,
            "MMKRatePerYenTotal": 489.838126,
            "Count": 33
        },
        "22": {
            "YearMonth": "2021/05",
            "USDRatePerDollar": 110.1750103103448,
            "MMKRatePerYen": 14.728825310344835,
            "DayTime": "22 00:00",
            "USDRatePerDollarTotal": 3195.075298999999,
            "MMKRatePerYenTotal": 427.1359340000002,
            "Count": 29
        },
        "23": {
            "YearMonth": "2021/05",
            "USDRatePerDollar": 110.20442755555553,
            "MMKRatePerYen": 14.670674000000005,
            "DayTime": "23 00:00",
            "USDRatePerDollarTotal": 2975.5195439999993,
            "MMKRatePerYenTotal": 396.10819800000013,
            "Count": 27
        },
        "24": {
            "YearMonth": "2021/05",
            "USDRatePerDollar": 110.15782525806462,
            "MMKRatePerYen": 14.578622387096773,
            "DayTime": "24 00:00",
            "USDRatePerDollarTotal": 3414.892583000003,
            "MMKRatePerYenTotal": 451.93729399999995,
            "Count": 31
        },
        "25": {
            "YearMonth": "2021/05",
            "USDRatePerDollar": 109.99288885294119,
            "MMKRatePerYen": 14.394823088235286,
            "DayTime": "25 00:00",
            "USDRatePerDollarTotal": 3739.7582210000005,
            "MMKRatePerYenTotal": 489.42398499999973,
            "Count": 34
        },
        "26": {
            "YearMonth": "2021/05",
            "USDRatePerDollar": 109.99433490322579,
            "MMKRatePerYen": 14.317027129032258,
            "DayTime": "26 00:00",
            "USDRatePerDollarTotal": 3409.8243819999993,
            "MMKRatePerYenTotal": 443.827841,
            "Count": 31
        },
        "27": {
            "YearMonth": "2021/05",
            "USDRatePerDollar": 110.26007460000004,
            "MMKRatePerYen": 14.13110354285714,
            "DayTime": "27 00:00",
            "USDRatePerDollarTotal": 3859.102611000001,
            "MMKRatePerYenTotal": 494.5886239999999,
            "Count": 35
        },
        "28": {
            "YearMonth": "2021/05",
            "USDRatePerDollar": 110.94065730303032,
            "MMKRatePerYen": 14.190048606060595,
            "DayTime": "28 00:00",
            "USDRatePerDollarTotal": 3661.0416910000004,
            "MMKRatePerYenTotal": 468.2716039999996,
            "Count": 33
        },
        "29": {
            "YearMonth": "2021/05",
            "USDRatePerDollar": 111.08625374999997,
            "MMKRatePerYen": 14.141746964285721,
            "DayTime": "29 00:00",
            "USDRatePerDollarTotal": 3110.415104999999,
            "MMKRatePerYenTotal": 395.9689150000002,
            "Count": 28
        },
        "30": {
            "YearMonth": "2021/05",
            "USDRatePerDollar": 111.06156249999995,
            "MMKRatePerYen": 14.135211000000009,
            "DayTime": "30 00:00",
            "USDRatePerDollarTotal": 3109.7237499999987,
            "MMKRatePerYenTotal": 395.78590800000023,
            "Count": 28
        },
        "31": {
            "YearMonth": "2021/05",
            "USDRatePerDollar": 110.98562305555552,
            "MMKRatePerYen": 14.144473000000001,
            "DayTime": "31 00:00",
            "USDRatePerDollarTotal": 3995.4824299999987,
            "MMKRatePerYenTotal": 509.20102800000006,
            "Count": 36
        },
        "01": {
            "YearMonth": "2021/05",
            "USDRatePerDollar": 110.52141270000004,
            "MMKRatePerYen": 13.724138800000002,
            "DayTime": "01 00:00",
            "USDRatePerDollarTotal": 2210.428254000001,
            "MMKRatePerYenTotal": 274.48277600000006,
            "Count": 20
        },
        "02": {
            "YearMonth": "2021/05",
            "USDRatePerDollar": 110.52138500000005,
            "MMKRatePerYen": 13.722281000000006,
            "DayTime": "02 00:00",
            "USDRatePerDollarTotal": 3315.6415500000016,
            "MMKRatePerYenTotal": 411.66843000000017,
            "Count": 30
        },