{
    "Items": {
        "10": {
            "YearMonth": "2021/01",
            "USDRatePerDollar": 105.11669156250001,
            "MMKRatePerYen": 12.701526,
            "DayTime": "10 00:00",
            "USDRatePerDollarTotal": 3363.7341300000003,
            "MMKRatePerYenTotal": 406.448832,
            "Count": 32
        },
        "11": {
            "YearMonth": "2021/01",
            "USDRatePerDollar": 105.2384850857143,
            "MMKRatePerYen": 12.701200142857132,
            "DayTime": "11 00:00",
            "USDRatePerDollarTotal": 3683.3469780000005,
            "MMKRatePerYenTotal": 444.5420049999996,
            "Count": 35
        },
        "12": {
            "YearMonth": "2021/01",
            "USDRatePerDollar": 105.4187013684211,
            "MMKRatePerYen": 12.757959947368434,
            "DayTime": "12 00:00",
            "USDRatePerDollarTotal": 4005.910652000002,
            "MMKRatePerYenTotal": 484.8024780000005,
            "Count": 38
        },
        "13": {
            "YearMonth": "2021/01",
            "USDRatePerDollar": 105.01139866666671,
            "MMKRatePerYen": 12.74022366666667,
            "DayTime": "13 00:00",
            "USDRatePerDollarTotal": 3780.4103520000017,
            "MMKRatePerYenTotal": 458.6480520000001,
            "Count": 36
        },
        "14": {
            "YearMonth": "2021/01",
            "USDRatePerDollar": 105.04690493939395,
            "MMKRatePerYen": 12.71388290909092,
            "DayTime": "14 00:00",
            "USDRatePerDollarTotal": 3466.5478630000007,
            "MMKRatePerYenTotal": 419.55813600000033,
            "Count": 33
        },
        "15": {
            "YearMonth": "2021/01",
            "USDRatePerDollar": 105.01732194871799,
            "MMKRatePerYen": 12.720867333333327,
            "DayTime": "15 00:00",
            "USDRatePerDollarTotal": 4095.6755560000015,
            "MMKRatePerYenTotal": 496.11382599999973,
            "Count": 39
        },
        "16": {
            "YearMonth": "2021/01",
            "USDRatePerDollar": 105.03185339285712,
            "MMKRatePerYen": 12.715166749999995,
            "DayTime": "16 00:00",
            "USDRatePerDollarTotal": 2940.8918949999993,
            "MMKRatePerYenTotal": 356.02466899999985,
            "Count": 28
        },
        "17": {
            "YearMonth": "2021/01",
            "USDRatePerDollar": 105.06350485714283,
            "MMKRatePerYen": 12.708035999999995,
            "DayTime": "17 00:00",
            "USDRatePerDollarTotal": 2941.7781359999994,
            "MMKRatePerYenTotal": 355.82500799999985,
            "Count": 28
        },
        "18": {
            "YearMonth": "2021/01",
            "USDRatePerDollar": 105.01284286486485,
            "MMKRatePerYen": 12.713629513513506,
            "DayTime": "18 00:00",
            "USDRatePerDollarTotal": 3885.4751859999997,
            "MMKRatePerYenTotal": 470.4042919999997,
            "Count": 37
        },
        "19": {
            "YearMonth": "2021/01",
            "USDRatePerDollar": 104.95207109374996,
            "MMKRatePerYen": 12.728557249999993,
            "DayTime": "19 00:00",
            "USDRatePerDollarTotal": 3358.466274999999,
            "MMKRatePerYenTotal": 407.31383199999976,
            "Count": 32
        },
        "20": {
            "YearMonth": "2021/01",
            "USDRatePerDollar": 105.04769224242422,
            "MMKRatePerYen": 12.726116000000006,
            "DayTime": "20 00:00",
            "USDRatePerDollarTotal": 3466.573843999999,
            "MMKRatePerYenTotal": 419.9618280000002,
            "Count": 33
        },
        "21": {
            "YearMonth": "2021/01",
            "USDRatePerDollar": 104.7383061212121,
            "MMKRatePerYen": 12.750874181818174,
            "DayTime": "21 00:00",
            "USDRatePerDollarTotal": 3456.3641019999995,
            "MMKRatePerYenTotal": 420.77884799999975,
            "Count": 33
        },
        "22": {
            "YearMonth": "2021/01",
            "USDRatePerDollar": 104.68252011111116,
            "MMKRatePerYen": 12.771646888888892,
            "DayTime": "22 00:00",
            "USDRatePerDollarTotal": 3768.5707240000015,
            "MMKRatePerYenTotal": 459.7792880000001,
            "Count": 36
        },
        "23": {
            "YearMonth": "2021/01",
            "USDRatePerDollar": 104.89153675000006,
            "MMKRatePerYen": 12.74551271875,
            "DayTime": "23 00:00",
            "USDRatePerDollarTotal": 3356.529176000002,
            "MMKRatePerYenTotal": 407.856407,
            "Count": 32
        },
        "24": {
            "YearMonth": "2021/01",
            "USDRatePerDollar": 104.96386880000006,
            "MMKRatePerYen": 12.730638999999998,
            "DayTime": "24 00:00",
            "USDRatePerDollarTotal": 3148.916064000002,
            "MMKRatePerYenTotal": 381.91916999999995,
            "Count": 30
        },
        "25": {
            "YearMonth": "2021/01",
            "USDRatePerDollar": 104.94383819999999,
            "MMKRatePerYen": 12.74395766666666,
            "DayTime": "25 00:00",
            "USDRatePerDollarTotal": 3148.3151459999995,
            "MMKRatePerYenTotal": 382.3187299999998,
            "Count": 30
        },
        "26": {
            "YearMonth": "2021/01",
            "USDRatePerDollar": 104.92719190322575,
            "MMKRatePerYen": 12.750400645161292,
            "DayTime": "26 00:00",
            "USDRatePerDollarTotal": 3252.742948999998,
            "MMKRatePerYenTotal": 395.2624200000001,
            "Count": 31
        },
        "27": {
            "YearMonth": "2021/01",
            "USDRatePerDollar": 104.85803883333328,
            "MMKRatePerYen": 12.746214888888886,
            "DayTime": "27 00:00",
            "USDRatePerDollarTotal": 3774.889397999998,
            "MMKRatePerYenTotal": 458.8637359999999,
            "Count": 36
        },
        "28": {
            "YearMonth": "2021/01",
            "USDRatePerDollar": 105.24284710526318,
            "MMKRatePerYen": 12.693519421052622,
            "DayTime": "28 00:00",
            "USDRatePerDollarTotal": 3999.2281900000007,
            "MMKRatePerYenTotal": 482.3537379999997,
            "Count": 38
        },
        "29": {
            "YearMonth": "2021/01",
            "USDRatePerDollar": 105.51614279999998,
            "MMKRatePerYen": 12.645724199999998,
            "DayTime": "29 00:00",
            "USDRatePerDollarTotal": 4220.645712,
            "MMKRatePerYenTotal": 505.8289679999999,
            "Count": 40
        },
        "30": {
            "YearMonth": "2021/01",
            "USDRatePerDollar": 105.80765746666661,
            "MMKRatePerYen": 12.615846466666673,
            "DayTime": "30 00:00",
            "USDRatePerDollarTotal": 3174.2297239999984,
            "MMKRatePerYenTotal": 378.47539400000016,
            "Count": 30
        },
        "31": {
            "YearMonth": "2021/01",
            "USDRatePerDollar": 105.87510333333327,
            "MMKRatePerYen": 12.610312000000004,
            "DayTime": "31 00:00",
            "USDRatePerDollarTotal": 3176.253099999998,
            "MMKRatePerYenTotal": 378.30936000000014,
            "Count": 30
        },
        "01": {
            "YearMonth": "2021/01",
            "USDRatePerDollar": 104.3646673793103,
            "MMKRatePerYen": 12.779111068965511,
            "DayTime": "01 00:00",
            "USDRatePerDollarTotal": 3026.5753539999987,
            "MMKRatePerYenTotal": 370.59422099999983,
            "Count": 29
        },
        "02": {
            "YearMonth": "2021/01",
            "USDRatePerDollar": 104.36184328571423,
            "MMKRatePerYen": 12.778400999999993,
            "DayTime": "02 00:00",
            "USDRatePerDollarTotal": 2922.1316119999983,
            "MMKRatePerYenTotal": 357.79522799999984,
            "Count": 28
        },