{
    "Items": {
        "10": {
            "YearMonth": "2021/08",
            "USDRatePerDollar": 111.54530583333332,
            "MMKRatePerYen": 14.796027249999996,
            "DayTime": "10 00:00",
            "USDRatePerDollarTotal": 4015.6310099999996,
            "MMKRatePerYenTotal": 532.6569809999999,
            "Count": 36
        },
        "11": {
            "YearMonth": "2021/08",
            "USDRatePerDollar": 111.78775737142857,
            "MMKRatePerYen": 14.793554542857136,
            "DayTime": "11 00:00",
            "USDRatePerDollarTotal": 3912.571508,
            "MMKRatePerYenTotal": 517.7744089999998,
            "Count": 35
        },
        "12": {
            "YearMonth": "2021/08",
            "USDRatePerDollar": 111.71505377777775,
            "MMKRatePerYen": 14.7933637037037,
            "DayTime": "12 00:00",
            "USDRatePerDollarTotal": 3016.3064519999994,
            "MMKRatePerYenTotal": 399.4208199999999,
            "Count": 27
        },
        "13": {
            "YearMonth": "2021/08",
            "USDRatePerDollar": 111.65897237500003,
            "MMKRatePerYen": 14.801048250000012,
            "DayTime": "13 00:00",
            "USDRatePerDollarTotal": 4466.358895000001,
            "MMKRatePerYenTotal": 592.0419300000004,
            "Count": 40
        },
        "14": {
            "YearMonth": "2021/08",
            "USDRatePerDollar": 111.04196114814808,
            "MMKRatePerYen": 14.866472888888897,
            "DayTime": "14 00:00",
            "USDRatePerDollarTotal": 2998.1329509999982,
            "MMKRatePerYenTotal": 401.3947680000002,
            "Count": 27
        },
        "15": {
            "YearMonth": "2021/08",
            "USDRatePerDollar": 110.8272775384615,
            "MMKRatePerYen": 14.904664000000007,
            "DayTime": "15 00:00",
            "USDRatePerDollarTotal": 2881.509215999999,
            "MMKRatePerYenTotal": 387.5212640000002,
            "Count": 26
        },
        "16": {
            "YearMonth": "2021/08",
            "USDRatePerDollar": 110.7354085142858,
            "MMKRatePerYen": 14.9179412,
            "DayTime": "16 00:00",
            "USDRatePerDollarTotal": 3875.7392980000027,
            "MMKRatePerYenTotal": 522.127942,
            "Count": 35
        },
        "17": {
            "YearMonth": "2021/08",
            "USDRatePerDollar": 110.53189562857136,
            "MMKRatePerYen": 14.952982085714279,
            "DayTime": "17 00:00",
            "USDRatePerDollarTotal": 3868.616346999998,
            "MMKRatePerYenTotal": 523.3543729999998,
            "Count": 35
        },
        "18": {
            "YearMonth": "2021/08",
            "USDRatePerDollar": 110.76105833333331,
            "MMKRatePerYen": 14.946271527777789,
            "DayTime": "18 00:00",
            "USDRatePerDollarTotal": 3987.398099999999,
            "MMKRatePerYenTotal": 538.0657750000004,
            "Count": 36
        },
        "19": {
            "YearMonth": "2021/08",
            "USDRatePerDollar": 111.16955712500005,
            "MMKRatePerYen": 14.915291399999996,
            "DayTime": "19 00:00",
            "USDRatePerDollarTotal": 4446.782285000002,
            "MMKRatePerYenTotal": 596.6116559999998,
            "Count": 40
        },
        "20": {
            "YearMonth": "2021/08",
            "USDRatePerDollar": 111.07865217142859,
            "MMKRatePerYen": 14.88246700000001,
            "DayTime": "20 00:00",
            "USDRatePerDollarTotal": 3887.7528260000004,
            "MMKRatePerYenTotal": 520.8863450000003,
            "Count": 35
        },
        "21": {
            "YearMonth": "2021/08",
            "USDRatePerDollar": 111.04301024999995,
            "MMKRatePerYen": 14.866919321428577,
            "DayTime": "21 00:00",
            "USDRatePerDollarTotal": 3109.2042869999987,
            "MMKRatePerYenTotal": 416.27374100000014,
            "Count": 28
        },
        "22": {
            "YearMonth": "2021/08",
            "USDRatePerDollar": 111.15351296428568,
            "MMKRatePerYen": 14.860156000000003,
            "DayTime": "22 00:00",
            "USDRatePerDollarTotal": 3112.298362999999,
            "MMKRatePerYenTotal": 416.0843680000001,
            "Count": 28
        },
        "23": {
            "YearMonth": "2021/08",
            "USDRatePerDollar": 111.15163350000002,
            "MMKRatePerYen": 14.861943323529417,
            "DayTime": "23 00:00",
            "USDRatePerDollarTotal": 3779.1555390000008,
            "MMKRatePerYenTotal": 505.3060730000002,
            "Count": 34
        },
        "24": {
            "YearMonth": "2021/08",
            "USDRatePerDollar": 111.03413944736839,
            "MMKRatePerYen": 14.931745236842113,
            "DayTime": "24 00:00",
            "USDRatePerDollarTotal": 4219.297298999999,
            "MMKRatePerYenTotal": 567.4063190000003,
            "Count": 38
        },
        "25": {
            "YearMonth": "2021/08",
            "USDRatePerDollar": 110.9647445526316,
            "MMKRatePerYen": 14.961206289473672,
            "DayTime": "25 00:00",
            "USDRatePerDollarTotal": 4216.660293000001,
            "MMKRatePerYenTotal": 568.5258389999996,
            "Count": 38
        },
        "26": {
            "YearMonth": "2021/08",
            "USDRatePerDollar": 111.16835179999998,
            "MMKRatePerYen": 14.97099342857142,
            "DayTime": "26 00:00",
            "USDRatePerDollarTotal": 3890.8923129999994,
            "MMKRatePerYenTotal": 523.9847699999997,
            "Count": 35
        },
        "27": {
            "YearMonth": "2021/08",
            "USDRatePerDollar": 111.24584094117652,
            "MMKRatePerYen": 14.993317058823534,
            "DayTime": "27 00:00",
            "USDRatePerDollarTotal": 3782.358592000002,
            "MMKRatePerYenTotal": 509.7727800000001,
            "Count": 34
        },
        "28": {
            "YearMonth": "2021/08",
            "USDRatePerDollar": 111.1119150740741,
            "MMKRatePerYen": 15.009856444444445,
            "DayTime": "28 00:00",
            "USDRatePerDollarTotal": 3000.021707000001,
            "MMKRatePerYenTotal": 405.266124,
            "Count": 27
        },
        "29": {
            "YearMonth": "2021/08",
            "USDRatePerDollar": 111.07378333333337,
            "MMKRatePerYen": 15.011234,
            "DayTime": "29 00:00",
            "USDRatePerDollarTotal": 2998.992150000001,
            "MMKRatePerYenTotal": 405.303318,
            "Count": 27
        },
        "30": {
            "YearMonth": "2021/08",
            "USDRatePerDollar": 111.03496309375,
            "MMKRatePerYen": 15.011234,
            "DayTime": "30 00:00",
            "USDRatePerDollarTotal": 3553.118819,
            "MMKRatePerYenTotal": 480.359488,
            "Count": 32
        },
        "31": {
            "YearMonth": "2021/08",
            "USDRatePerDollar": 111.09771045945952,
            "MMKRatePerYen": 15.06721302702702,
            "DayTime": "31 00:00",
            "USDRatePerDollarTotal": 4110.615287000002,
            "MMKRatePerYenTotal": 557.4868819999997,
            "Count": 37
        },
        "01": {
            "YearMonth": "2021/08",
            "USDRatePerDollar": 110.95078276923074,
            "MMKRatePerYen": 14.881047000000006,
            "DayTime": "01 00:00",
            "USDRatePerDollarTotal": 2884.7203519999994,
            "MMKRatePerYenTotal": 386.90722200000016,
            "Count": 26
        },
        "02": {
            "YearMonth": "2021/08",
            "USDRatePerDollar": 110.93316683870961,
            "MMKRatePerYen": 14.908447000000002,
            "DayTime": "02 00:00",
            "USDRatePerDollarTotal": 3438.928171999998,
            "MMKRatePerYenTotal": 462.16185700000005,
            "Count": 31
        },
        "03": {
            "YearMonth": "2021/08",