{
    "Items": {
        "10": {
            "YearMonth": "2021/07",
            "USDRatePerDollar": 111.34735093103453,
            "MMKRatePerYen": 14.657647137931027,
            "DayTime": "10 00:00",
            "USDRatePerDollarTotal": 3229.073177000001,
            "MMKRatePerYenTotal": 425.0717669999998,
            "Count": 29
        },
        "11": {
            "YearMonth": "2021/07",
            "USDRatePerDollar": 111.39516875000004,
            "MMKRatePerYen": 14.651727999999995,
            "DayTime": "11 00:00",
            "USDRatePerDollarTotal": 3119.064725000001,
            "MMKRatePerYenTotal": 410.2483839999999,
            "Count": 28
        },
        "12": {
            "YearMonth": "2021/07",
            "USDRatePerDollar": 111.39396960000005,
            "MMKRatePerYen": 14.658787371428568,
            "DayTime": "12 00:00",
            "USDRatePerDollarTotal": 3898.7889360000017,
            "MMKRatePerYenTotal": 513.0575579999999,
            "Count": 35
        },
        "13": {
            "YearMonth": "2021/07",
            "USDRatePerDollar": 111.56761449999998,
            "MMKRatePerYen": 14.573190000000011,
            "DayTime": "13 00:00",
            "USDRatePerDollarTotal": 3793.298892999999,
            "MMKRatePerYenTotal": 495.4884600000004,
            "Count": 34
        },
        "14": {
            "YearMonth": "2021/07",
            "USDRatePerDollar": 111.7516126060606,
            "MMKRatePerYen": 14.584292181818189,
            "DayTime": "14 00:00",
            "USDRatePerDollarTotal": 3687.803216,
            "MMKRatePerYenTotal": 481.2816420000002,
            "Count": 33
        },
        "15": {
            "YearMonth": "2021/07",
            "USDRatePerDollar": 111.28972926470588,
            "MMKRatePerYen": 14.65351838235294,
            "DayTime": "15 00:00",
            "USDRatePerDollarTotal": 3783.850795,
            "MMKRatePerYenTotal": 498.21962499999995,
            "Count": 34
        },
        "16": {
            "YearMonth": "2021/07",
            "USDRatePerDollar": 111.15364473529405,
            "MMKRatePerYen": 14.764283294117654,
            "DayTime": "16 00:00",
            "USDRatePerDollarTotal": 3779.2239209999975,
            "MMKRatePerYenTotal": 501.98563200000024,
            "Count": 34
        },
        "17": {
            "YearMonth": "2021/07",
            "USDRatePerDollar": 111.31349678571429,
            "MMKRatePerYen": 14.772274571428579,
            "DayTime": "17 00:00",
            "USDRatePerDollarTotal": 3116.7779100000002,
            "MMKRatePerYenTotal": 413.6236880000002,
            "Count": 28
        },
        "18": {
            "YearMonth": "2021/07",
            "USDRatePerDollar": 111.34570000000001,
            "MMKRatePerYen": 14.753346000000004,
            "DayTime": "18 00:00",
            "USDRatePerDollarTotal": 2894.9882000000002,
            "MMKRatePerYenTotal": 383.5869960000001,
            "Count": 26
        },
        "19": {
            "YearMonth": "2021/07",
            "USDRatePerDollar": 111.27235751612902,
            "MMKRatePerYen": 14.775381645161282,
            "DayTime": "19 00:00",
            "USDRatePerDollarTotal": 3449.4430829999997,
            "MMKRatePerYenTotal": 458.0368309999997,
            "Count": 31
        },
        "20": {
            "YearMonth": "2021/07",
            "USDRatePerDollar": 110.90734648484843,
            "MMKRatePerYen": 14.801157424242435,
            "DayTime": "20 00:00",
            "USDRatePerDollarTotal": 3659.9424339999982,
            "MMKRatePerYenTotal": 488.43819500000035,
            "Count": 33
        },
        "21": {
            "YearMonth": "2021/07",
            "USDRatePerDollar": 111.03159140625004,
            "MMKRatePerYen": 14.792473062499996,
            "DayTime": "21 00:00",
            "USDRatePerDollarTotal": 3553.0109250000014,
            "MMKRatePerYenTotal": 473.35913799999986,
            "Count": 32
        },
        "22": {
            "YearMonth": "2021/07",
            "USDRatePerDollar": 111.36637837142861,
            "MMKRatePerYen": 14.775881742857138,
            "DayTime": "22 00:00",
            "USDRatePerDollarTotal": 3897.823243000001,
            "MMKRatePerYenTotal": 517.1558609999998,
            "Count": 35
        },
        "23": {
            "YearMonth": "2021/07",
            "USDRatePerDollar": 111.43173515624996,
            "MMKRatePerYen": 14.761959562499998,
            "DayTime": "23 00:00",
            "USDRatePerDollarTotal": 3565.8155249999986,
            "MMKRatePerYenTotal": 472.3827059999999,
            "Count": 32
        },
        "24": {
            "YearMonth": "2021/07",
            "USDRatePerDollar": 111.72742850000004,
            "MMKRatePerYen": 14.727329428571434,
            "DayTime": "24 00:00",
            "USDRatePerDollarTotal": 3128.367998000001,
            "MMKRatePerYenTotal": 412.3652240000001,
            "Count": 28
        },
        "25": {
            "YearMonth": "2021/07",
            "USDRatePerDollar": 111.80629351851856,
            "MMKRatePerYen": 14.702693000000007,
            "DayTime": "25 00:00",
            "USDRatePerDollarTotal": 3018.769925000001,
            "MMKRatePerYenTotal": 396.9727110000002,
            "Count": 27
        },
        "26": {
            "YearMonth": "2021/07",
            "USDRatePerDollar": 111.71245733333326,
            "MMKRatePerYen": 14.716005266666677,
            "DayTime": "26 00:00",
            "USDRatePerDollarTotal": 3351.373719999998,
            "MMKRatePerYenTotal": 441.4801580000003,
            "Count": 30
        },
        "27": {
            "YearMonth": "2021/07",
            "USDRatePerDollar": 111.53665751515148,
            "MMKRatePerYen": 14.718148666666675,
            "DayTime": "27 00:00",
            "USDRatePerDollarTotal": 3680.7096979999988,
            "MMKRatePerYenTotal": 485.69890600000025,
            "Count": 33
        },
        "28": {
            "YearMonth": "2021/07",
            "USDRatePerDollar": 111.10090717647061,
            "MMKRatePerYen": 14.761711882352952,
            "DayTime": "28 00:00",
            "USDRatePerDollarTotal": 3777.430844000001,
            "MMKRatePerYenTotal": 501.89820400000036,
            "Count": 34
        },
        "29": {
            "YearMonth": "2021/07",
            "USDRatePerDollar": 111.06333459375,
            "MMKRatePerYen": 14.843291343749996,
            "DayTime": "29 00:00",
            "USDRatePerDollarTotal": 3554.026707,
            "MMKRatePerYenTotal": 474.9853229999999,
            "Count": 32
        },
        "30": {
            "YearMonth": "2021/07",
            "USDRatePerDollar": 110.81711648387105,
            "MMKRatePerYen": 14.91323574193549,
            "DayTime": "30 00:00",
            "USDRatePerDollarTotal": 3435.3306110000026,
            "MMKRatePerYenTotal": 462.3103080000002,
            "Count": 31
        },
        "31": {
            "YearMonth": "2021/07",
            "USDRatePerDollar": 110.9062049655172,
            "MMKRatePerYen": 14.877153620689663,
            "DayTime": "31 00:00",
            "USDRatePerDollarTotal": 3216.279943999999,
            "MMKRatePerYenTotal": 431.4374550000002,
            "Count": 29
        },
        "01": {
            "YearMonth": "2021/07",
            "USDRatePerDollar": 112.22595151351355,
            "MMKRatePerYen": 14.44817983783783,
            "DayTime": "01 00:00",
            "USDRatePerDollarTotal": 4152.360206000001,
            "MMKRatePerYenTotal": 534.5826539999997,
            "Count": 37
        },
        "02": {
            "YearMonth": "2021/07",
            "USDRatePerDollar": 112.73176602777772,
            "MMKRatePerYen": 14.415710166666663,
            "DayTime": "02 00:00",
            "USDRatePerDollarTotal": 4058.3435769999983,
            "MMKRatePerYenTotal": 518.9655659999999,
            "Count": 36
        },