{
    "Items": {
        "10": {
            "YearMonth": "2021/10",
            "USDRatePerDollar": 113.50594919354835,
            "MMKRatePerYen": 17.541140999999996,
            "DayTime": "10 00:00",
            "USDRatePerDollarTotal": 3518.6844249999986,
            "MMKRatePerYenTotal": 543.7753709999998,
            "Count": 31
        },
        "11": {
            "YearMonth": "2021/10",
            "USDRatePerDollar": 113.72680805405408,
            "MMKRatePerYen": 17.504431324324322,
            "DayTime": "11 00:00",
            "USDRatePerDollarTotal": 4207.891898000001,
            "MMKRatePerYenTotal": 647.6639589999999,
            "Count": 37
        },
        "12": {
            "YearMonth": "2021/10",
            "USDRatePerDollar": 114.46373995000002,
            "MMKRatePerYen": 17.248774625000017,
            "DayTime": "12 00:00",
            "USDRatePerDollarTotal": 4578.5495980000005,
            "MMKRatePerYenTotal": 689.9509850000006,
            "Count": 40
        },
        "13": {
            "YearMonth": "2021/10",
            "USDRatePerDollar": 114.74020762499991,
            "MMKRatePerYen": 16.793017031250002,
            "DayTime": "13 00:00",
            "USDRatePerDollarTotal": 3671.686643999997,
            "MMKRatePerYenTotal": 537.3765450000001,
            "Count": 32
        },
        "14": {
            "YearMonth": "2021/10",
            "USDRatePerDollar": 114.68502234285722,
            "MMKRatePerYen": 16.502596628571432,
            "DayTime": "14 00:00",
            "USDRatePerDollarTotal": 4013.9757820000027,
            "MMKRatePerYenTotal": 577.5908820000001,
            "Count": 35
        },
        "15": {
            "YearMonth": "2021/10",
            "USDRatePerDollar": 115.05119294871795,
            "MMKRatePerYen": 16.58260466666668,
            "DayTime": "15 00:00",
            "USDRatePerDollarTotal": 4486.9965250000005,
            "MMKRatePerYenTotal": 646.7215820000005,
            "Count": 39
        },
        "16": {
            "YearMonth": "2021/10",
            "USDRatePerDollar": 115.44367216129034,
            "MMKRatePerYen": 16.453474967741943,
            "DayTime": "16 00:00",
            "USDRatePerDollarTotal": 3578.7538370000007,
            "MMKRatePerYenTotal": 510.05772400000023,
            "Count": 31
        },
        "17": {
            "YearMonth": "2021/10",
            "USDRatePerDollar": 115.51319107692308,
            "MMKRatePerYen": 16.42704800000001,
            "DayTime": "17 00:00",
            "USDRatePerDollarTotal": 3003.342968,
            "MMKRatePerYenTotal": 427.10324800000024,
            "Count": 26
        },
        "18": {
            "YearMonth": "2021/10",
            "USDRatePerDollar": 115.60025699999998,
            "MMKRatePerYen": 16.355567333333322,
            "DayTime": "18 00:00",
            "USDRatePerDollarTotal": 3468.0077099999994,
            "MMKRatePerYenTotal": 490.6670199999997,
            "Count": 30
        },
        "19": {
            "YearMonth": "2021/10",
            "USDRatePerDollar": 115.53494086842109,
            "MMKRatePerYen": 16.31227523684211,
            "DayTime": "19 00:00",
            "USDRatePerDollarTotal": 4390.327753000001,
            "MMKRatePerYenTotal": 619.8664590000001,
            "Count": 38
        },
        "20": {
            "YearMonth": "2021/10",
            "USDRatePerDollar": 115.66170447058828,
            "MMKRatePerYen": 16.29574652941176,
            "DayTime": "20 00:00",
            "USDRatePerDollarTotal": 3932.4979520000015,
            "MMKRatePerYenTotal": 554.0553819999998,
            "Count": 34
        },
        "21": {
            "YearMonth": "2021/10",
            "USDRatePerDollar": 115.61316176923083,
            "MMKRatePerYen": 16.31738853846154,
            "DayTime": "21 00:00",
            "USDRatePerDollarTotal": 4508.913309000002,
            "MMKRatePerYenTotal": 636.378153,
            "Count": 39
        },
        "22": {
            "YearMonth": "2021/10",
            "USDRatePerDollar": 115.37543333333328,
            "MMKRatePerYen": 16.278255033333327,
            "DayTime": "22 00:00",
            "USDRatePerDollarTotal": 3461.262999999998,
            "MMKRatePerYenTotal": 488.3476509999998,
            "Count": 30
        },
        "23": {
            "YearMonth": "2021/10",
            "USDRatePerDollar": 114.90056503448281,
            "MMKRatePerYen": 16.33007703448276,
            "DayTime": "23 00:00",
            "USDRatePerDollarTotal": 3332.1163860000015,
            "MMKRatePerYenTotal": 473.57223400000004,
            "Count": 29
        },
        "24": {
            "YearMonth": "2021/10",
            "USDRatePerDollar": 114.75725538461539,
            "MMKRatePerYen": 16.41001,
            "DayTime": "24 00:00",
            "USDRatePerDollarTotal": 2983.6886400000003,
            "MMKRatePerYenTotal": 426.66026,
            "Count": 26
        },
        "25": {
            "YearMonth": "2021/10",
            "USDRatePerDollar": 114.84648353846157,
            "MMKRatePerYen": 16.15300666666667,
            "DayTime": "25 00:00",
            "USDRatePerDollarTotal": 4479.012858000001,
            "MMKRatePerYenTotal": 629.9672600000001,
            "Count": 39
        },
        "26": {
            "YearMonth": "2021/10",
            "USDRatePerDollar": 115.0848238857143,
            "MMKRatePerYen": 15.658930314285707,
            "DayTime": "26 00:00",
            "USDRatePerDollarTotal": 4027.9688360000005,
            "MMKRatePerYenTotal": 548.0625609999997,
            "Count": 35
        },
        "27": {
            "YearMonth": "2021/10",
            "USDRatePerDollar": 115.32618427777786,
            "MMKRatePerYen": 15.45804572222223,
            "DayTime": "27 00:00",
            "USDRatePerDollarTotal": 4151.742634000003,
            "MMKRatePerYenTotal": 556.4896460000003,
            "Count": 36
        },
        "28": {
            "YearMonth": "2021/10",
            "USDRatePerDollar": 115.04606837037038,
            "MMKRatePerYen": 15.306811777777774,
            "DayTime": "28 00:00",
            "USDRatePerDollarTotal": 3106.2438460000003,
            "MMKRatePerYenTotal": 413.2839179999999,
            "Count": 27
        },
        "29": {
            "YearMonth": "2021/10",
            "USDRatePerDollar": 114.89522458974356,
            "MMKRatePerYen": 15.371654974358984,
            "DayTime": "29 00:00",
            "USDRatePerDollarTotal": 4480.913758999999,
            "MMKRatePerYenTotal": 599.4945440000004,
            "Count": 39
        },
        "30": {
            "YearMonth": "2021/10",
            "USDRatePerDollar": 115.20424450000004,
            "MMKRatePerYen": 15.474388928571434,
            "DayTime": "30 00:00",
            "USDRatePerDollarTotal": 3225.718846000001,
            "MMKRatePerYenTotal": 433.2828900000002,
            "Count": 28
        },
        "31": {
            "YearMonth": "2021/10",
            "USDRatePerDollar": 115.30031733333337,
            "MMKRatePerYen": 15.453410000000005,
            "DayTime": "31 00:00",
            "USDRatePerDollarTotal": 3113.108568000001,
            "MMKRatePerYenTotal": 417.2420700000001,
            "Count": 27
        },
        "01": {
            "YearMonth": "2021/10",
            "USDRatePerDollar": 112.64263976923084,
            "MMKRatePerYen": 17.499393051282034,
            "DayTime": "01 00:00",
            "USDRatePerDollarTotal": 4393.062951000003,
            "MMKRatePerYenTotal": 682.4763289999993,
            "Count": 39
        },
        "02": {
            "YearMonth": "2021/10",
            "USDRatePerDollar": 112.38078420000005,
            "MMKRatePerYen": 17.460566999999987,
            "DayTime": "02 00:00",
            "USDRatePerDollarTotal": 3371.4235260000014,
            "MMKRatePerYenTotal": 523.8170099999996,
            "Count": 30
        },