{
    "Items": {
        "10": {
            "YearMonth": "2021/04",
            "USDRatePerDollar": 110.80628043749996,
            "MMKRatePerYen": 13.043239468749992,
            "DayTime": "10 00:00",
            "USDRatePerDollarTotal": 3545.800973999999,
            "MMKRatePerYenTotal": 417.38366299999973,
            "Count": 32
        },
        "11": {
            "YearMonth": "2021/04",
            "USDRatePerDollar": 110.90131451612899,
            "MMKRatePerYen": 13.033510999999992,
            "DayTime": "11 00:00",
            "USDRatePerDollarTotal": 3437.940749999999,
            "MMKRatePerYenTotal": 404.03884099999976,
            "Count": 31
        },
        "12": {
            "YearMonth": "2021/04",
            "USDRatePerDollar": 110.83859551515161,
            "MMKRatePerYen": 13.039571727272733,
            "DayTime": "12 00:00",
            "USDRatePerDollarTotal": 3657.673652000003,
            "MMKRatePerYenTotal": 430.3058670000002,
            "Count": 33
        },
        "13": {
            "YearMonth": "2021/04",
            "USDRatePerDollar": 110.77566742424249,
            "MMKRatePerYen": 13.055538272727276,
            "DayTime": "13 00:00",
            "USDRatePerDollarTotal": 3655.597025000002,
            "MMKRatePerYenTotal": 430.8327630000001,
            "Count": 33
        },
        "14": {
            "YearMonth": "2021/04",
            "USDRatePerDollar": 110.39213446428566,
            "MMKRatePerYen": 13.087320142857148,
            "DayTime": "14 00:00",
            "USDRatePerDollarTotal": 3090.9797649999987,
            "MMKRatePerYenTotal": 366.44496400000014,
            "Count": 28
        },
        "15": {
            "YearMonth": "2021/04",
            "USDRatePerDollar": 110.14045717241378,
            "MMKRatePerYen": 13.12500575862069,
            "DayTime": "15 00:00",
            "USDRatePerDollarTotal": 3194.0732579999994,
            "MMKRatePerYenTotal": 380.625167,
            "Count": 29
        },
        "16": {
            "YearMonth": "2021/04",
            "USDRatePerDollar": 110.04010072222229,
            "MMKRatePerYen": 13.155682305555548,
            "DayTime": "16 00:00",
            "USDRatePerDollarTotal": 3961.4436260000025,
            "MMKRatePerYenTotal": 473.6045629999997,
            "Count": 36
        },
        "17": {
            "YearMonth": "2021/04",
            "USDRatePerDollar": 110.02599424999997,
            "MMKRatePerYen": 13.166633142857139,
            "DayTime": "17 00:00",
            "USDRatePerDollarTotal": 3080.727838999999,
            "MMKRatePerYenTotal": 368.6657279999999,
            "Count": 28
        },
        "18": {
            "YearMonth": "2021/04",
            "USDRatePerDollar": 110.01088549999996,
            "MMKRatePerYen": 13.167239999999994,
            "DayTime": "18 00:00",
            "USDRatePerDollarTotal": 2860.283022999999,
            "MMKRatePerYenTotal": 342.34823999999986,
            "Count": 26
        },
        "19": {
            "YearMonth": "2021/04",
            "USDRatePerDollar": 109.94099867647054,
            "MMKRatePerYen": 13.165946588235286,
            "DayTime": "19 00:00",
            "USDRatePerDollarTotal": 3737.9939549999986,
            "MMKRatePerYenTotal": 447.6421839999997,
            "Count": 34
        },
        "20": {
            "YearMonth": "2021/04",
            "USDRatePerDollar": 109.44903549999995,
            "MMKRatePerYen": 13.171459249999991,
            "DayTime": "20 00:00",
            "USDRatePerDollarTotal": 3940.165277999998,
            "MMKRatePerYenTotal": 474.1725329999997,
            "Count": 36
        },
        "21": {
            "YearMonth": "2021/04",
            "USDRatePerDollar": 109.2618586,
            "MMKRatePerYen": 13.693587233333329,
            "DayTime": "21 00:00",
            "USDRatePerDollarTotal": 3277.8557579999997,
            "MMKRatePerYenTotal": 410.8076169999999,
            "Count": 30
        },
        "22": {
            "YearMonth": "2021/04",
            "USDRatePerDollar": 109.24756623333332,
            "MMKRatePerYen": 14.064230000000007,
            "DayTime": "22 00:00",
            "USDRatePerDollarTotal": 3277.4269869999994,
            "MMKRatePerYenTotal": 421.9269000000002,
            "Count": 30
        },
        "23": {
            "YearMonth": "2021/04",
            "USDRatePerDollar": 109.18222948571425,
            "MMKRatePerYen": 14.117424800000006,
            "DayTime": "23 00:00",
            "USDRatePerDollarTotal": 3821.3780319999987,
            "MMKRatePerYenTotal": 494.1098680000002,
            "Count": 35
        },
        "24": {
            "YearMonth": "2021/04",
            "USDRatePerDollar": 109.14835517241383,
            "MMKRatePerYen": 14.109518517241378,
            "DayTime": "24 00:00",
            "USDRatePerDollarTotal": 3165.302300000001,
            "MMKRatePerYenTotal": 409.17603699999995,
            "Count": 29
        },
        "25": {
            "YearMonth": "2021/04",
            "USDRatePerDollar": 109.14558103448279,
            "MMKRatePerYen": 14.101631,
            "DayTime": "25 00:00",
            "USDRatePerDollarTotal": 3165.221850000001,
            "MMKRatePerYenTotal": 408.947299,
            "Count": 29
        },
        "26": {
            "YearMonth": "2021/04",
            "USDRatePerDollar": 109.06163596875005,
            "MMKRatePerYen": 14.102235312499998,
            "DayTime": "26 00:00",
            "USDRatePerDollarTotal": 3489.9723510000017,
            "MMKRatePerYenTotal": 451.2715299999999,
            "Count": 32
        },
        "27": {
            "YearMonth": "2021/04",
            "USDRatePerDollar": 109.30235709090913,
            "MMKRatePerYen": 14.102046090909095,
            "DayTime": "27 00:00",
            "USDRatePerDollarTotal": 3606.977784000001,
            "MMKRatePerYenTotal": 465.3675210000001,
            "Count": 33
        },
        "28": {
            "YearMonth": "2021/04",
            "USDRatePerDollar": 109.90087578947364,
            "MMKRatePerYen": 14.00019118421052,
            "DayTime": "28 00:00",
            "USDRatePerDollarTotal": 4176.233279999999,
            "MMKRatePerYenTotal": 532.0072649999997,
            "Count": 38
        },
        "29": {
            "YearMonth": "2021/04",
            "USDRatePerDollar": 109.90047744117653,
            "MMKRatePerYen": 13.833152911764717,
            "DayTime": "29 00:00",
            "USDRatePerDollarTotal": 3736.616233000002,
            "MMKRatePerYenTotal": 470.3271990000004,
            "Count": 34
        },
        "30": {
            "YearMonth": "2021/04",
            "USDRatePerDollar": 110.06347061290327,
            "MMKRatePerYen": 13.761089322580645,
            "DayTime": "30 00:00",
            "USDRatePerDollarTotal": 3411.9675890000017,
            "MMKRatePerYenTotal": 426.593769,
            "Count": 31
        },
        "01": {
            "YearMonth": "2021/04",
            "USDRatePerDollar": 111.96135530303033,
            "MMKRatePerYen": 12.820228090909088,
            "DayTime": "01 00:00",
            "USDRatePerDollarTotal": 3694.724725000001,
            "MMKRatePerYenTotal": 423.0675269999999,
            "Count": 33
        },
        "02": {
            "YearMonth": "2021/04",
            "USDRatePerDollar": 111.85134956666667,
            "MMKRatePerYen": 12.838594,
            "DayTime": "02 00:00",
            "USDRatePerDollarTotal": 3355.540487,
            "MMKRatePerYenTotal": 385.15782,
            "Count": 30
        },
        "03": {
            "YearMonth": "2021/04",
            "USDRatePerDollar": 111.94920119354839,
            "MMKRatePerYen": 12.836312580645162,
            "DayTime": "03 00:00",
            "USDRatePerDollarTotal": 3470.425237,
            "MMKRatePerYenTotal": 397.92569000000003,
            "Count": 31
        },
        "04": {
            "YearMonth": "2021/04",