{
    "Items": {
        "10": {
            "YearMonth": "2021/02",
            "USDRatePerDollar": 105.80822247058826,
            "MMKRatePerYen": 13.17336723529412,
            "DayTime": "10 00:00",
            "USDRatePerDollarTotal": 3597.479564000001,
            "MMKRatePerYenTotal": 447.89448600000003,
            "Count": 34
        },
        "11": {
            "YearMonth": "2021/02",
            "USDRatePerDollar": 105.76735566666672,
            "MMKRatePerYen": 13.170367,
            "DayTime": "11 00:00",
            "USDRatePerDollarTotal": 3807.624804000002,
            "MMKRatePerYenTotal": 474.133212,
            "Count": 36
        },
        "12": {
            "YearMonth": "2021/02",
            "USDRatePerDollar": 105.89740778125001,
            "MMKRatePerYen": 13.115860374999999,
            "DayTime": "12 00:00",
            "USDRatePerDollarTotal": 3388.7170490000003,
            "MMKRatePerYenTotal": 419.70753199999996,
            "Count": 32
        },
        "13": {
            "YearMonth": "2021/02",
            "USDRatePerDollar": 106.08573629411771,
            "MMKRatePerYen": 13.025015999999995,
            "DayTime": "13 00:00",
            "USDRatePerDollarTotal": 3606.915034000002,
            "MMKRatePerYenTotal": 442.85054399999984,
            "Count": 34
        },
        "14": {
            "YearMonth": "2021/02",
            "USDRatePerDollar": 106.13392400000002,
            "MMKRatePerYen": 13.025015999999995,
            "DayTime": "14 00:00",
            "USDRatePerDollarTotal": 2971.749872000001,
            "MMKRatePerYenTotal": 364.7004479999999,
            "Count": 28
        },
        "15": {
            "YearMonth": "2021/02",
            "USDRatePerDollar": 106.162899882353,
            "MMKRatePerYen": 13.025015999999995,
            "DayTime": "15 00:00",
            "USDRatePerDollarTotal": 3609.538596000002,
            "MMKRatePerYenTotal": 442.85054399999984,
            "Count": 34
        },
        "16": {
            "YearMonth": "2021/02",
            "USDRatePerDollar": 106.54758926315786,
            "MMKRatePerYen": 13.025015999999995,
            "DayTime": "16 00:00",
            "USDRatePerDollarTotal": 4048.8083919999985,
            "MMKRatePerYenTotal": 494.9506079999998,
            "Count": 38
        },
        "17": {
            "YearMonth": "2021/02",
            "USDRatePerDollar": 107.1369513170732,
            "MMKRatePerYen": 13.025015999999997,
            "DayTime": "17 00:00",
            "USDRatePerDollarTotal": 4392.615004000001,
            "MMKRatePerYenTotal": 534.0256559999999,
            "Count": 41
        },
        "18": {
            "YearMonth": "2021/02",
            "USDRatePerDollar": 107.06801047058825,
            "MMKRatePerYen": 13.036499382352936,
            "DayTime": "18 00:00",
            "USDRatePerDollarTotal": 3640.3123560000004,
            "MMKRatePerYenTotal": 443.2409789999998,
            "Count": 34
        },
        "19": {
            "YearMonth": "2021/02",
            "USDRatePerDollar": 106.91640213513517,
            "MMKRatePerYen": 13.025015999999995,
            "DayTime": "19 00:00",
            "USDRatePerDollarTotal": 3955.9068790000015,
            "MMKRatePerYenTotal": 481.9255919999998,
            "Count": 37
        },
        "20": {
            "YearMonth": "2021/02",
            "USDRatePerDollar": 106.71254529032265,
            "MMKRatePerYen": 13.036873032258061,
            "DayTime": "20 00:00",
            "USDRatePerDollarTotal": 3308.088904000002,
            "MMKRatePerYenTotal": 404.14306399999987,
            "Count": 31
        },
        "21": {
            "YearMonth": "2021/02",
            "USDRatePerDollar": 106.64326250000006,
            "MMKRatePerYen": 13.025015999999995,
            "DayTime": "21 00:00",
            "USDRatePerDollarTotal": 3199.297875000002,
            "MMKRatePerYenTotal": 390.75047999999987,
            "Count": 30
        },
        "22": {
            "YearMonth": "2021/02",
            "USDRatePerDollar": 106.71119928125002,
            "MMKRatePerYen": 13.025015999999995,
            "DayTime": "22 00:00",
            "USDRatePerDollarTotal": 3414.7583770000006,
            "MMKRatePerYenTotal": 416.80051199999986,
            "Count": 32
        },
        "23": {
            "YearMonth": "2021/02",
            "USDRatePerDollar": 106.40044535483878,
            "MMKRatePerYen": 13.047546193548381,
            "DayTime": "23 00:00",
            "USDRatePerDollarTotal": 3298.4138060000023,
            "MMKRatePerYenTotal": 404.4739319999998,
            "Count": 31
        },
        "24": {
            "YearMonth": "2021/02",
            "USDRatePerDollar": 106.4626329210526,
            "MMKRatePerYen": 13.030545947368415,
            "DayTime": "24 00:00",
            "USDRatePerDollarTotal": 4045.580050999999,
            "MMKRatePerYenTotal": 495.1607459999998,
            "Count": 38
        },
        "25": {
            "YearMonth": "2021/02",
            "USDRatePerDollar": 106.98820665624996,
            "MMKRatePerYen": 13.029121843749996,
            "DayTime": "25 00:00",
            "USDRatePerDollarTotal": 3423.6226129999986,
            "MMKRatePerYenTotal": 416.9318989999999,
            "Count": 32
        },
        "26": {
            "YearMonth": "2021/02",
            "USDRatePerDollar": 107.32350276470582,
            "MMKRatePerYen": 13.025015999999995,
            "DayTime": "26 00:00",
            "USDRatePerDollarTotal": 3648.999093999998,
            "MMKRatePerYenTotal": 442.85054399999984,
            "Count": 34
        },
        "27": {
            "YearMonth": "2021/02",
            "USDRatePerDollar": 107.65809909677422,
            "MMKRatePerYen": 13.025015999999995,
            "DayTime": "27 00:00",
            "USDRatePerDollarTotal": 3337.401072000001,
            "MMKRatePerYenTotal": 403.77549599999986,
            "Count": 31
        },
        "28": {
            "YearMonth": "2021/02",
            "USDRatePerDollar": 107.80426735483876,
            "MMKRatePerYen": 13.025015999999995,
            "DayTime": "28 00:00",
            "USDRatePerDollarTotal": 3341.9322880000013,
            "MMKRatePerYenTotal": 403.77549599999986,
            "Count": 31
        },
        "01": {
            "YearMonth": "2021/02",
            "USDRatePerDollar": 105.8702031111111,
            "MMKRatePerYen": 12.610312000000008,
            "DayTime": "01 00:00",
            "USDRatePerDollarTotal": 3811.3273119999994,
            "MMKRatePerYenTotal": 453.97123200000027,
            "Count": 36
        },
        "02": {
            "YearMonth": "2021/02",
            "USDRatePerDollar": 106.06151117142855,
            "MMKRatePerYen": 12.556380599999995,
            "DayTime": "02 00:00",
            "USDRatePerDollarTotal": 3712.1528909999993,
            "MMKRatePerYenTotal": 439.4733209999998,
            "Count": 35
        },
        "03": {
            "YearMonth": "2021/02",
            "USDRatePerDollar": 106.17611337837835,
            "MMKRatePerYen": 12.687474729729738,
            "DayTime": "03 00:00",
            "USDRatePerDollarTotal": 3928.516194999999,
            "MMKRatePerYenTotal": 469.4365650000003,
            "Count": 37
        },
        "04": {
            "YearMonth": "2021/02",
            "USDRatePerDollar": 106.24210199999995,
            "MMKRatePerYen": 13.030324882352947,
            "DayTime": "04 00:00",
            "USDRatePerDollarTotal": 3612.231467999998,
            "MMKRatePerYenTotal": 443.0310460000002,
            "Count": 34
        },
        "05": {
            "YearMonth": "2021/02",
            "USDRatePerDollar": 106.67297213157903,
            "MMKRatePerYen": 13.143303447368416,
            "DayTime": "05 00:00",
            "USDRatePerDollarTotal": 4053.572941000003,
            "MMKRatePerYenTotal": 499.4455309999998,
            "Count": 38
        },