{
    "Items": {
        "10": {
            "YearMonth": "2021/11",
            "USDRatePerDollar": 114.14670908108106,
            "MMKRatePerYen": 15.856274243243245,
            "DayTime": "10 00:00",
            "USDRatePerDollarTotal": 4223.428235999999,
            "MMKRatePerYenTotal": 586.6821470000001,
            "Count": 37
        },
        "11": {
            "YearMonth": "2021/11",
            "USDRatePerDollar": 114.9996171,
            "MMKRatePerYen": 15.5067429,
            "DayTime": "11 00:00",
            "USDRatePerDollarTotal": 4599.984684,
            "MMKRatePerYenTotal": 620.269716,
            "Count": 40
        },
        "12": {
            "YearMonth": "2021/11",
            "USDRatePerDollar": 115.40925563888885,
            "MMKRatePerYen": 15.487503944444455,
            "DayTime": "12 00:00",
            "USDRatePerDollarTotal": 4154.733202999999,
            "MMKRatePerYenTotal": 557.5501420000004,
            "Count": 36
        },
        "13": {
            "YearMonth": "2021/11",
            "USDRatePerDollar": 115.25989679999998,
            "MMKRatePerYen": 15.492179999999994,
            "DayTime": "13 00:00",
            "USDRatePerDollarTotal": 3457.7969039999994,
            "MMKRatePerYenTotal": 464.76539999999983,
            "Count": 30
        },
        "14": {
            "YearMonth": "2021/11",
            "USDRatePerDollar": 115.15382755555551,
            "MMKRatePerYen": 15.498702222222217,
            "DayTime": "14 00:00",
            "USDRatePerDollarTotal": 3109.153343999999,
            "MMKRatePerYenTotal": 418.46495999999985,
            "Count": 27
        },
        "15": {
            "YearMonth": "2021/11",
            "USDRatePerDollar": 115.14387149999997,
            "MMKRatePerYen": 15.499201249999993,
            "DayTime": "15 00:00",
            "USDRatePerDollarTotal": 3684.603887999999,
            "MMKRatePerYenTotal": 495.9744399999998,
            "Count": 32
        },
        "16": {
            "YearMonth": "2021/11",
            "USDRatePerDollar": 115.35610652941185,
            "MMKRatePerYen": 15.487343823529402,
            "DayTime": "16 00:00",
            "USDRatePerDollarTotal": 3922.1076220000027,
            "MMKRatePerYenTotal": 526.5696899999997,
            "Count": 34
        },
        "17": {
            "YearMonth": "2021/11",
            "USDRatePerDollar": 115.99844278947371,
            "MMKRatePerYen": 15.3651790263158,
            "DayTime": "17 00:00",
            "USDRatePerDollarTotal": 4407.940826000001,
            "MMKRatePerYenTotal": 583.8768030000005,
            "Count": 38
        },
        "18": {
            "YearMonth": "2021/11",
            "USDRatePerDollar": 115.58835934374996,
            "MMKRatePerYen": 15.387651531250006,
            "DayTime": "18 00:00",
            "USDRatePerDollarTotal": 3698.8274989999986,
            "MMKRatePerYenTotal": 492.4048490000002,
            "Count": 32
        },
        "19": {
            "YearMonth": "2021/11",
            "USDRatePerDollar": 115.54128305555557,
            "MMKRatePerYen": 15.411674749999996,
            "DayTime": "19 00:00",
            "USDRatePerDollarTotal": 4159.4861900000005,
            "MMKRatePerYenTotal": 554.8202909999999,
            "Count": 36
        },
        "20": {
            "YearMonth": "2021/11",
            "USDRatePerDollar": 115.38146206896558,
            "MMKRatePerYen": 15.438533241379307,
            "DayTime": "20 00:00",
            "USDRatePerDollarTotal": 3346.0624000000016,
            "MMKRatePerYenTotal": 447.7174639999999,
            "Count": 29
        },
        "21": {
            "YearMonth": "2021/11",
            "USDRatePerDollar": 115.28584606896557,
            "MMKRatePerYen": 15.452767999999995,
            "DayTime": "21 00:00",
            "USDRatePerDollarTotal": 3343.2895360000016,
            "MMKRatePerYenTotal": 448.1302719999999,
            "Count": 29
        },
        "22": {
            "YearMonth": "2021/11",
            "USDRatePerDollar": 115.34935275000005,
            "MMKRatePerYen": 15.46693325,
            "DayTime": "22 00:00",
            "USDRatePerDollarTotal": 3691.1792880000016,
            "MMKRatePerYenTotal": 494.941864,
            "Count": 32
        },
        "23": {
            "YearMonth": "2021/11",
            "USDRatePerDollar": 116.07601611428576,
            "MMKRatePerYen": 15.41908988571429,
            "DayTime": "23 00:00",
            "USDRatePerDollarTotal": 4062.6605640000016,
            "MMKRatePerYenTotal": 539.6681460000002,
            "Count": 35
        },
        "24": {
            "YearMonth": "2021/11",
            "USDRatePerDollar": 116.35710989189195,
            "MMKRatePerYen": 15.376517270270273,
            "DayTime": "24 00:00",
            "USDRatePerDollarTotal": 4305.213066000002,
            "MMKRatePerYenTotal": 568.9311390000001,
            "Count": 37
        },
        "25": {
            "YearMonth": "2021/11",
            "USDRatePerDollar": 116.59915928205126,
            "MMKRatePerYen": 15.373719410256413,
            "DayTime": "25 00:00",
            "USDRatePerDollarTotal": 4547.367211999999,
            "MMKRatePerYenTotal": 599.5750570000001,
            "Count": 39
        },
        "26": {
            "YearMonth": "2021/11",
            "USDRatePerDollar": 116.50579284999996,
            "MMKRatePerYen": 15.468848000000012,
            "DayTime": "26 00:00",
            "USDRatePerDollarTotal": 4660.231713999999,
            "MMKRatePerYenTotal": 618.7539200000004,
            "Count": 40
        },
        "27": {
            "YearMonth": "2021/11",
            "USDRatePerDollar": 115.00508013793097,
            "MMKRatePerYen": 15.649947655172406,
            "DayTime": "27 00:00",
            "USDRatePerDollarTotal": 3335.147323999998,
            "MMKRatePerYenTotal": 453.84848199999976,
            "Count": 29
        },
        "28": {
            "YearMonth": "2021/11",
            "USDRatePerDollar": 114.61246193548381,
            "MMKRatePerYen": 15.742379935483866,
            "DayTime": "28 00:00",
            "USDRatePerDollarTotal": 3552.986319999998,
            "MMKRatePerYenTotal": 488.01377799999983,
            "Count": 31
        },
        "29": {
            "YearMonth": "2021/11",
            "USDRatePerDollar": 114.6765037777778,
            "MMKRatePerYen": 15.699137611111118,
            "DayTime": "29 00:00",
            "USDRatePerDollarTotal": 4128.354136000001,
            "MMKRatePerYenTotal": 565.1689540000002,
            "Count": 36
        },
        "30": {
            "YearMonth": "2021/11",
            "USDRatePerDollar": 114.90103519444447,
            "MMKRatePerYen": 15.659833583333345,
            "DayTime": "30 00:00",
            "USDRatePerDollarTotal": 4136.437267000001,
            "MMKRatePerYenTotal": 563.7540090000005,
            "Count": 36
        },
        "01": {
            "YearMonth": "2021/11",
            "USDRatePerDollar": 115.38484262162169,
            "MMKRatePerYen": 15.444049999999999,
            "DayTime": "01 00:00",
            "USDRatePerDollarTotal": 4269.239177000002,
            "MMKRatePerYenTotal": 571.42985,
            "Count": 37
        },
        "02": {
            "YearMonth": "2021/11",
            "USDRatePerDollar": 115.27013826315785,
            "MMKRatePerYen": 15.478227473684207,
            "DayTime": "02 00:00",
            "USDRatePerDollarTotal": 4380.265253999998,
            "MMKRatePerYenTotal": 588.1726439999999,
            "Count": 38
        },
        "03": {
            "YearMonth": "2021/11",
            "USDRatePerDollar": 115.15305919999997,
            "MMKRatePerYen": 15.543961000000003,
            "DayTime": "03 00:00",
            "USDRatePerDollarTotal": 3454.5917759999993,
            "MMKRatePerYenTotal": 466.3188300000001,
            "Count": 30
        },
        "04": {
            "YearMonth": "2021/11",