{
    "Items": {
        "10": {
            "YearMonth": "2022/06",
            "USDRatePerDollar": 135.71988790909094,
            "MMKRatePerYen": 13.732135333333334,
            "DayTime": "10 00:00",
            "USDRatePerDollarTotal": 4478.756301000001,
            "MMKRatePerYenTotal": 453.16046600000004,
            "Count": 33
        },
        "11": {
            "YearMonth": "2022/06",
            "USDRatePerDollar": 135.87259827586203,
            "MMKRatePerYen": 13.713249,
            "DayTime": "11 00:00",
            "USDRatePerDollarTotal": 3940.305349999999,
            "MMKRatePerYenTotal": 397.684221,
            "Count": 29
        },
        "12": {
            "YearMonth": "2022/06",
            "USDRatePerDollar": 135.96177559999995,
            "MMKRatePerYen": 13.703756999999998,
            "DayTime": "12 00:00",
            "USDRatePerDollarTotal": 3399.0443899999987,
            "MMKRatePerYenTotal": 342.59392499999996,
            "Count": 25
        },
        "13": {
            "YearMonth": "2022/06",
            "USDRatePerDollar": 136.14175345454547,
            "MMKRatePerYen": 13.703756999999998,
            "DayTime": "13 00:00",
            "USDRatePerDollarTotal": 4492.677864,
            "MMKRatePerYenTotal": 452.2239809999999,
            "Count": 33
        },
        "14": {
            "YearMonth": "2022/06",
            "USDRatePerDollar": 136.0996746285714,
            "MMKRatePerYen": 13.714450800000005,
            "DayTime": "14 00:00",
            "USDRatePerDollarTotal": 4763.488611999999,
            "MMKRatePerYenTotal": 480.0057780000002,
            "Count": 35
        },
        "15": {
            "YearMonth": "2022/06",
            "USDRatePerDollar": 136.67274887878796,
            "MMKRatePerYen": 13.652678363636372,
            "DayTime": "15 00:00",
            "USDRatePerDollarTotal": 4510.200713000003,
            "MMKRatePerYenTotal": 450.5383860000003,
            "Count": 33
        },
        "16": {
            "YearMonth": "2022/06",
            "USDRatePerDollar": 135.84874097297302,
            "MMKRatePerYen": 13.71344383783783,
            "DayTime": "16 00:00",
            "USDRatePerDollarTotal": 5026.403416000002,
            "MMKRatePerYenTotal": 507.39742199999966,
            "Count": 37
        },
        "17": {
            "YearMonth": "2022/06",
            "USDRatePerDollar": 134.98053417647054,
            "MMKRatePerYen": 13.860469411764715,
            "DayTime": "17 00:00",
            "USDRatePerDollarTotal": 4589.338161999998,
            "MMKRatePerYenTotal": 471.2559600000003,
            "Count": 34
        },
        "18": {
            "YearMonth": "2022/06",
            "USDRatePerDollar": 136.29707730000007,
            "MMKRatePerYen": 13.758209833333337,
            "DayTime": "18 00:00",
            "USDRatePerDollarTotal": 4088.912319000002,
            "MMKRatePerYenTotal": 412.74629500000015,
            "Count": 30
        },
        "19": {
            "YearMonth": "2022/06",
            "USDRatePerDollar": 136.50010880000005,
            "MMKRatePerYen": 13.633165000000007,
            "DayTime": "19 00:00",
            "USDRatePerDollarTotal": 4095.0032640000018,
            "MMKRatePerYenTotal": 408.9949500000002,
            "Count": 30
        },
        "20": {
            "YearMonth": "2022/06",
            "USDRatePerDollar": 136.45907159999996,
            "MMKRatePerYen": 13.633165000000007,
            "DayTime": "20 00:00",
            "USDRatePerDollarTotal": 4093.772147999999,
            "MMKRatePerYenTotal": 408.9949500000002,
            "Count": 30
        },
        "21": {
            "YearMonth": "2022/06",
            "USDRatePerDollar": 136.54580014705894,
            "MMKRatePerYen": 13.631194441176467,
            "DayTime": "21 00:00",
            "USDRatePerDollarTotal": 4642.557205000004,
            "MMKRatePerYenTotal": 463.46061099999986,
            "Count": 34
        },
        "22": {
            "YearMonth": "2022/06",
            "USDRatePerDollar": 137.58569854545456,
            "MMKRatePerYen": 13.541814000000011,
            "DayTime": "22 00:00",
            "USDRatePerDollarTotal": 4540.328052000001,
            "MMKRatePerYenTotal": 446.87986200000034,
            "Count": 33
        },
        "23": {
            "YearMonth": "2022/06",
            "USDRatePerDollar": 137.38062005405405,
            "MMKRatePerYen": 13.523267189189177,
            "DayTime": "23 00:00",
            "USDRatePerDollarTotal": 5083.082942,
            "MMKRatePerYenTotal": 500.36088599999954,
            "Count": 37
        },
        "24": {
            "YearMonth": "2022/06",
            "USDRatePerDollar": 136.43119721875001,
            "MMKRatePerYen": 13.608577593749995,
            "DayTime": "24 00:00",
            "USDRatePerDollarTotal": 4365.7983110000005,
            "MMKRatePerYenTotal": 435.47448299999985,
            "Count": 32
        },
        "25": {
            "YearMonth": "2022/06",
            "USDRatePerDollar": 136.56040421428568,
            "MMKRatePerYen": 13.625917571428571,
            "DayTime": "25 00:00",
            "USDRatePerDollarTotal": 3823.691317999999,
            "MMKRatePerYenTotal": 381.525692,
            "Count": 28
        },
        "26": {
            "YearMonth": "2022/06",
            "USDRatePerDollar": 136.70446813793097,
            "MMKRatePerYen": 13.611440000000002,
            "DayTime": "26 00:00",
            "USDRatePerDollarTotal": 3964.4295759999986,
            "MMKRatePerYenTotal": 394.73176000000007,
            "Count": 29
        },
        "27": {
            "YearMonth": "2022/06",
            "USDRatePerDollar": 136.52958428124998,
            "MMKRatePerYen": 13.64623437499999,
            "DayTime": "27 00:00",
            "USDRatePerDollarTotal": 4368.946696999999,
            "MMKRatePerYenTotal": 436.6794999999997,
            "Count": 32
        },
        "28": {
            "YearMonth": "2022/06",
            "USDRatePerDollar": 136.76368965789464,
            "MMKRatePerYen": 13.62301294736843,
            "DayTime": "28 00:00",
            "USDRatePerDollarTotal": 5197.020206999997,
            "MMKRatePerYenTotal": 517.6744920000003,
            "Count": 38
        },
        "29": {
            "YearMonth": "2022/06",
            "USDRatePerDollar": 137.49501947222217,
            "MMKRatePerYen": 13.555496666666679,
            "DayTime": "29 00:00",
            "USDRatePerDollarTotal": 4949.820700999998,
            "MMKRatePerYenTotal": 487.99788000000046,
            "Count": 36
        },
        "30": {
            "YearMonth": "2022/06",
            "USDRatePerDollar": 138.02483664999994,
            "MMKRatePerYen": 13.503945225,
            "DayTime": "30 00:00",
            "USDRatePerDollarTotal": 5520.993465999997,
            "MMKRatePerYenTotal": 540.157809,
            "Count": 40
        },
        "01": {
            "YearMonth": "2022/06",
            "USDRatePerDollar": 130.2175581470589,
            "MMKRatePerYen": 14.344046470588244,
            "DayTime": "01 00:00",
            "USDRatePerDollarTotal": 4427.396977000002,
            "MMKRatePerYenTotal": 487.6975800000003,
            "Count": 34
        },
        "02": {
            "YearMonth": "2022/06",
            "USDRatePerDollar": 131.344166625,
            "MMKRatePerYen": 14.209906374999994,
            "DayTime": "02 00:00",
            "USDRatePerDollarTotal": 4203.013332,
            "MMKRatePerYenTotal": 454.7170039999998,
            "Count": 32
        },
        "03": {
            "YearMonth": "2022/06",
            "USDRatePerDollar": 131.34517019354846,
            "MMKRatePerYen": 14.170315741935495,
            "DayTime": "03 00:00",
            "USDRatePerDollarTotal": 4071.700276000002,
            "MMKRatePerYenTotal": 439.27978800000034,
            "Count": 31
        },
        "04": {
            "YearMonth": "2022/06",