{
    "Items": {
        "10": {
            "YearMonth": "2022/03",
            "USDRatePerDollar": 117.25424681578954,
            "MMKRatePerYen": 15.351791236842114,
            "DayTime": "10 00:00",
            "USDRatePerDollarTotal": 4455.661379000003,
            "MMKRatePerYenTotal": 583.3680670000003,
            "Count": 38
        },
        "11": {
            "YearMonth": "2022/03",
            "USDRatePerDollar": 117.59513600000005,
            "MMKRatePerYen": 15.324720354838696,
            "DayTime": "11 00:00",
            "USDRatePerDollarTotal": 3645.449216000002,
            "MMKRatePerYenTotal": 475.0663309999996,
            "Count": 31
        },
        "12": {
            "YearMonth": "2022/03",
            "USDRatePerDollar": 118.39939765517244,
            "MMKRatePerYen": 15.22344075862069,
            "DayTime": "12 00:00",
            "USDRatePerDollarTotal": 3433.582532000001,
            "MMKRatePerYenTotal": 441.479782,
            "Count": 29
        },
        "13": {
            "YearMonth": "2022/03",
            "USDRatePerDollar": 118.62303753333337,
            "MMKRatePerYen": 15.1487243,
            "DayTime": "13 00:00",
            "USDRatePerDollarTotal": 3558.691126000001,
            "MMKRatePerYenTotal": 454.461729,
            "Count": 30
        },
        "14": {
            "YearMonth": "2022/03",
            "USDRatePerDollar": 118.83201953333338,
            "MMKRatePerYen": 15.133385200000005,
            "DayTime": "14 00:00",
            "USDRatePerDollarTotal": 3564.9605860000015,
            "MMKRatePerYenTotal": 454.00155600000016,
            "Count": 30
        },
        "15": {
            "YearMonth": "2022/03",
            "USDRatePerDollar": 119.51323253125,
            "MMKRatePerYen": 15.060539124999988,
            "DayTime": "15 00:00",
            "USDRatePerDollarTotal": 3824.423441,
            "MMKRatePerYenTotal": 481.9372519999996,
            "Count": 32
        },
        "16": {
            "YearMonth": "2022/03",
            "USDRatePerDollar": 119.63028042857142,
            "MMKRatePerYen": 15.011801542857134,
            "DayTime": "16 00:00",
            "USDRatePerDollarTotal": 4187.059815,
            "MMKRatePerYenTotal": 525.4130539999996,
            "Count": 35
        },
        "17": {
            "YearMonth": "2022/03",
            "USDRatePerDollar": 119.95536919444443,
            "MMKRatePerYen": 14.958718777777769,
            "DayTime": "17 00:00",
            "USDRatePerDollarTotal": 4318.393290999999,
            "MMKRatePerYenTotal": 538.5138759999996,
            "Count": 36
        },
        "18": {
            "YearMonth": "2022/03",
            "USDRatePerDollar": 120.03838514705882,
            "MMKRatePerYen": 14.95350958823529,
            "DayTime": "18 00:00",
            "USDRatePerDollarTotal": 4081.3050949999997,
            "MMKRatePerYenTotal": 508.41932599999984,
            "Count": 34
        },
        "19": {
            "YearMonth": "2022/03",
            "USDRatePerDollar": 120.43867183333333,
            "MMKRatePerYen": 14.929826299999997,
            "DayTime": "19 00:00",
            "USDRatePerDollarTotal": 3613.160155,
            "MMKRatePerYenTotal": 447.8947889999999,
            "Count": 30
        },
        "20": {
            "YearMonth": "2022/03",
            "USDRatePerDollar": 120.54001572413793,
            "MMKRatePerYen": 14.903707999999996,
            "DayTime": "20 00:00",
            "USDRatePerDollarTotal": 3495.660456,
            "MMKRatePerYenTotal": 432.2075319999999,
            "Count": 29
        },
        "21": {
            "YearMonth": "2022/03",
            "USDRatePerDollar": 120.53292351612899,
            "MMKRatePerYen": 14.901742322580642,
            "DayTime": "21 00:00",
            "USDRatePerDollarTotal": 3736.5206289999987,
            "MMKRatePerYenTotal": 461.9540119999999,
            "Count": 31
        },
        "22": {
            "YearMonth": "2022/03",
            "USDRatePerDollar": 120.95294293939394,
            "MMKRatePerYen": 14.867537090909082,
            "DayTime": "22 00:00",
            "USDRatePerDollarTotal": 3991.4471169999997,
            "MMKRatePerYenTotal": 490.6287239999997,
            "Count": 33
        },
        "23": {
            "YearMonth": "2022/03",
            "USDRatePerDollar": 122.11143688888893,
            "MMKRatePerYen": 14.73856799999999,
            "DayTime": "23 00:00",
            "USDRatePerDollarTotal": 4396.011728000001,
            "MMKRatePerYenTotal": 530.5884479999996,
            "Count": 36
        },
        "24": {
            "YearMonth": "2022/03",
            "USDRatePerDollar": 122.52235994285722,
            "MMKRatePerYen": 14.666121314285709,
            "DayTime": "24 00:00",
            "USDRatePerDollarTotal": 4288.2825980000025,
            "MMKRatePerYenTotal": 513.3142459999998,
            "Count": 35
        },
        "25": {
            "YearMonth": "2022/03",
            "USDRatePerDollar": 123.23171607692308,
            "MMKRatePerYen": 14.582767307692311,
            "DayTime": "25 00:00",
            "USDRatePerDollarTotal": 4806.036927,
            "MMKRatePerYenTotal": 568.7279250000001,
            "Count": 39
        },
        "26": {
            "YearMonth": "2022/03",
            "USDRatePerDollar": 123.36948035483876,
            "MMKRatePerYen": 14.541977806451623,
            "DayTime": "26 00:00",
            "USDRatePerDollarTotal": 3824.4538910000015,
            "MMKRatePerYenTotal": 450.80131200000034,
            "Count": 31
        },
        "27": {
            "YearMonth": "2022/03",
            "USDRatePerDollar": 123.45557750000005,
            "MMKRatePerYen": 14.552000000000005,
            "DayTime": "27 00:00",
            "USDRatePerDollarTotal": 3456.7561700000015,
            "MMKRatePerYenTotal": 407.45600000000013,
            "Count": 28
        },
        "28": {
            "YearMonth": "2022/03",
            "USDRatePerDollar": 123.8696620263158,
            "MMKRatePerYen": 14.537351736842107,
            "DayTime": "28 00:00",
            "USDRatePerDollarTotal": 4707.047157,
            "MMKRatePerYenTotal": 552.4193660000001,
            "Count": 38
        },
        "29": {
            "YearMonth": "2022/03",
            "USDRatePerDollar": 124.76517109999996,
            "MMKRatePerYen": 14.413332999999989,
            "DayTime": "29 00:00",
            "USDRatePerDollarTotal": 3742.955132999999,
            "MMKRatePerYenTotal": 432.39998999999966,
            "Count": 30
        },
        "30": {
            "YearMonth": "2022/03",
            "USDRatePerDollar": 123.78530463888885,
            "MMKRatePerYen": 14.403056361111119,
            "DayTime": "30 00:00",
            "USDRatePerDollarTotal": 4456.270966999999,
            "MMKRatePerYenTotal": 518.5100290000003,
            "Count": 36
        },
        "31": {
            "YearMonth": "2022/03",
            "USDRatePerDollar": 123.38973381081084,
            "MMKRatePerYen": 14.518413621621624,
            "DayTime": "31 00:00",
            "USDRatePerDollarTotal": 4565.420151000001,
            "MMKRatePerYenTotal": 537.1813040000001,
            "Count": 37
        },
        "01": {
            "YearMonth": "2022/03",
            "USDRatePerDollar": 116.45745172972968,
            "MMKRatePerYen": 15.428305945945942,
            "DayTime": "01 00:00",
            "USDRatePerDollarTotal": 4308.925713999998,
            "MMKRatePerYenTotal": 570.8473199999999,
            "Count": 37
        },
        "02": {
            "YearMonth": "2022/03",
            "USDRatePerDollar": 116.3131497575758,
            "MMKRatePerYen": 15.449999999999992,
            "DayTime": "02 00:00",
            "USDRatePerDollarTotal": 3838.3339420000016,
            "MMKRatePerYenTotal": 509.84999999999974,
            "Count": 33
        },
        "03": {
            "YearMonth": "2022/03",