{
    "Items": {
        "10": {
            "YearMonth": "2022/05",
            "USDRatePerDollar": 131.9037143714285,
            "MMKRatePerYen": 14.138420942857136,
            "DayTime": "10 00:00",
            "USDRatePerDollarTotal": 4616.6300029999975,
            "MMKRatePerYenTotal": 494.8447329999998,
            "Count": 35
        },
        "11": {
            "YearMonth": "2022/05",
            "USDRatePerDollar": 131.8294553333333,
            "MMKRatePerYen": 14.135230888888893,
            "DayTime": "11 00:00",
            "USDRatePerDollarTotal": 4745.860391999999,
            "MMKRatePerYenTotal": 508.8683120000002,
            "Count": 36
        },
        "12": {
            "YearMonth": "2022/05",
            "USDRatePerDollar": 131.42506185714285,
            "MMKRatePerYen": 14.155229942857147,
            "DayTime": "12 00:00",
            "USDRatePerDollarTotal": 4599.877165,
            "MMKRatePerYenTotal": 495.43304800000016,
            "Count": 35
        },
        "13": {
            "YearMonth": "2022/05",
            "USDRatePerDollar": 130.39292238235294,
            "MMKRatePerYen": 14.276333352941181,
            "DayTime": "13 00:00",
            "USDRatePerDollarTotal": 4433.359361,
            "MMKRatePerYenTotal": 485.39533400000016,
            "Count": 34
        },
        "14": {
            "YearMonth": "2022/05",
            "USDRatePerDollar": 130.59845653571423,
            "MMKRatePerYen": 14.28950885714285,
            "DayTime": "14 00:00",
            "USDRatePerDollarTotal": 3656.756782999999,
            "MMKRatePerYenTotal": 400.1062479999998,
            "Count": 28
        },
        "15": {
            "YearMonth": "2022/05",
            "USDRatePerDollar": 130.6662838518518,
            "MMKRatePerYen": 14.250858999999995,
            "DayTime": "15 00:00",
            "USDRatePerDollarTotal": 3527.989663999999,
            "MMKRatePerYenTotal": 384.7731929999999,
            "Count": 27
        },
        "16": {
            "YearMonth": "2022/05",
            "USDRatePerDollar": 130.52156703448284,
            "MMKRatePerYen": 14.250858999999995,
            "DayTime": "16 00:00",
            "USDRatePerDollarTotal": 3785.125444000002,
            "MMKRatePerYenTotal": 413.27491099999986,
            "Count": 29
        },
        "17": {
            "YearMonth": "2022/05",
            "USDRatePerDollar": 130.6384975714286,
            "MMKRatePerYen": 14.259374257142865,
            "DayTime": "17 00:00",
            "USDRatePerDollarTotal": 4572.347415,
            "MMKRatePerYenTotal": 499.07809900000024,
            "Count": 35
        },
        "18": {
            "YearMonth": "2022/05",
            "USDRatePerDollar": 130.6997526176471,
            "MMKRatePerYen": 14.245076970588233,
            "DayTime": "18 00:00",
            "USDRatePerDollarTotal": 4443.791589000001,
            "MMKRatePerYenTotal": 484.3326169999999,
            "Count": 34
        },
        "19": {
            "YearMonth": "2022/05",
            "USDRatePerDollar": 130.10862333333333,
            "MMKRatePerYen": 14.304728121212124,
            "DayTime": "19 00:00",
            "USDRatePerDollarTotal": 4293.58457,
            "MMKRatePerYenTotal": 472.0560280000001,
            "Count": 33
        },
        "20": {
            "YearMonth": "2022/05",
            "USDRatePerDollar": 129.42643667741942,
            "MMKRatePerYen": 14.391065967741934,
            "DayTime": "20 00:00",
            "USDRatePerDollarTotal": 4012.2195370000018,
            "MMKRatePerYenTotal": 446.12304499999993,
            "Count": 31
        },
        "21": {
            "YearMonth": "2022/05",
            "USDRatePerDollar": 129.31873065517246,
            "MMKRatePerYen": 14.406161655172417,
            "DayTime": "21 00:00",
            "USDRatePerDollarTotal": 3750.2431890000016,
            "MMKRatePerYenTotal": 417.7786880000001,
            "Count": 29
        },
        "22": {
            "YearMonth": "2022/05",
            "USDRatePerDollar": 129.31526044444453,
            "MMKRatePerYen": 14.403364000000007,
            "DayTime": "22 00:00",
            "USDRatePerDollarTotal": 3491.5120320000024,
            "MMKRatePerYenTotal": 388.89082800000017,
            "Count": 27
        },
        "23": {
            "YearMonth": "2022/05",
            "USDRatePerDollar": 129.0497225882353,
            "MMKRatePerYen": 14.396684147058812,
            "DayTime": "23 00:00",
            "USDRatePerDollarTotal": 4387.690568000001,
            "MMKRatePerYenTotal": 489.4872609999996,
            "Count": 34
        },
        "24": {
            "YearMonth": "2022/05",
            "USDRatePerDollar": 129.1240330666666,
            "MMKRatePerYen": 14.403221199999988,
            "DayTime": "24 00:00",
            "USDRatePerDollarTotal": 3873.7209919999987,
            "MMKRatePerYenTotal": 432.09663599999965,
            "Count": 30
        },
        "25": {
            "YearMonth": "2022/05",
            "USDRatePerDollar": 128.5631344871795,
            "MMKRatePerYen": 14.483706000000007,
            "DayTime": "25 00:00",
            "USDRatePerDollarTotal": 5013.962245000001,
            "MMKRatePerYenTotal": 564.8645340000003,
            "Count": 39
        },
        "26": {
            "YearMonth": "2022/05",
            "USDRatePerDollar": 128.73893343749998,
            "MMKRatePerYen": 14.485115375000007,
            "DayTime": "26 00:00",
            "USDRatePerDollarTotal": 4119.645869999999,
            "MMKRatePerYenTotal": 463.5236920000002,
            "Count": 32
        },
        "27": {
            "YearMonth": "2022/05",
            "USDRatePerDollar": 128.45559976470588,
            "MMKRatePerYen": 14.4832245882353,
            "DayTime": "27 00:00",
            "USDRatePerDollarTotal": 4367.490392,
            "MMKRatePerYenTotal": 492.4296360000002,
            "Count": 34
        },
        "28": {
            "YearMonth": "2022/05",
            "USDRatePerDollar": 128.47465279310344,
            "MMKRatePerYen": 14.485926206896554,
            "DayTime": "28 00:00",
            "USDRatePerDollarTotal": 3725.764931,
            "MMKRatePerYenTotal": 420.09186000000005,
            "Count": 29
        },
        "29": {
            "YearMonth": "2022/05",
            "USDRatePerDollar": 128.5664179310345,
            "MMKRatePerYen": 14.480412,
            "DayTime": "29 00:00",
            "USDRatePerDollarTotal": 3728.4261200000005,
            "MMKRatePerYenTotal": 419.931948,
            "Count": 29
        },
        "30": {
            "YearMonth": "2022/05",
            "USDRatePerDollar": 128.50797634375,
            "MMKRatePerYen": 14.480412,
            "DayTime": "30 00:00",
            "USDRatePerDollarTotal": 4112.255243,
            "MMKRatePerYenTotal": 463.373184,
            "Count": 32
        },
        "31": {
            "YearMonth": "2022/05",
            "USDRatePerDollar": 129.15537223529412,
            "MMKRatePerYen": 14.442878205882357,
            "DayTime": "31 00:00",
            "USDRatePerDollarTotal": 4391.282656,
            "MMKRatePerYenTotal": 491.0578590000001,
            "Count": 34
        },
        "01": {
            "YearMonth": "2022/05",
            "USDRatePerDollar": 131.31836828571426,
            "MMKRatePerYen": 14.20354200000001,
            "DayTime": "01 00:00",
            "USDRatePerDollarTotal": 3676.9143119999994,
            "MMKRatePerYenTotal": 397.69917600000025,
            "Count": 28
        },
        "02": {
            "YearMonth": "2022/05",
            "USDRatePerDollar": 131.50424982758625,
            "MMKRatePerYen": 14.20354200000001,
            "DayTime": "02 00:00",
            "USDRatePerDollarTotal": 3813.6232450000016,
            "MMKRatePerYenTotal": 411.9027180000003,
            "Count": 29
        },
        "03": {
            "YearMonth": "2022/05",