{
    "Items": {
        "10": {
            "YearMonth": "2022/01",
            "USDRatePerDollar": 116.95963588235293,
            "MMKRatePerYen": 15.343457,
            "DayTime": "10 00:00",
            "USDRatePerDollarTotal": 3976.6276199999993,
            "MMKRatePerYenTotal": 521.677538,
            "Count": 34
        },
        "11": {
            "YearMonth": "2022/01",
            "USDRatePerDollar": 116.6712975405405,
            "MMKRatePerYen": 15.385531324324313,
            "DayTime": "11 00:00",
            "USDRatePerDollarTotal": 4316.838008999998,
            "MMKRatePerYenTotal": 569.2646589999996,
            "Count": 37
        },
        "12": {
            "YearMonth": "2022/01",
            "USDRatePerDollar": 116.6366295882353,
            "MMKRatePerYen": 15.374311411764708,
            "DayTime": "12 00:00",
            "USDRatePerDollarTotal": 3965.645406,
            "MMKRatePerYenTotal": 522.7265880000001,
            "Count": 34
        },
        "13": {
            "YearMonth": "2022/01",
            "USDRatePerDollar": 116.15372941176471,
            "MMKRatePerYen": 15.363472941176466,
            "DayTime": "13 00:00",
            "USDRatePerDollarTotal": 3949.2268000000004,
            "MMKRatePerYenTotal": 522.3580799999999,
            "Count": 34
        },
        "14": {
            "YearMonth": "2022/01",
            "USDRatePerDollar": 115.44075823529408,
            "MMKRatePerYen": 15.48345388235294,
            "DayTime": "14 00:00",
            "USDRatePerDollarTotal": 3924.9857799999986,
            "MMKRatePerYenTotal": 526.437432,
            "Count": 34
        },
        "15": {
            "YearMonth": "2022/01",
            "USDRatePerDollar": 115.37322450000002,
            "MMKRatePerYen": 15.536241099999994,
            "DayTime": "15 00:00",
            "USDRatePerDollarTotal": 3461.1967350000004,
            "MMKRatePerYenTotal": 466.08723299999986,
            "Count": 30
        },
        "16": {
            "YearMonth": "2022/01",
            "USDRatePerDollar": 115.51276560000001,
            "MMKRatePerYen": 15.538164999999994,
            "DayTime": "16 00:00",
            "USDRatePerDollarTotal": 3465.3829680000003,
            "MMKRatePerYenTotal": 466.1449499999998,
            "Count": 30
        },
        "17": {
            "YearMonth": "2022/01",
            "USDRatePerDollar": 115.59473629411772,
            "MMKRatePerYen": 15.525697705882358,
            "DayTime": "17 00:00",
            "USDRatePerDollarTotal": 3930.2210340000024,
            "MMKRatePerYenTotal": 527.8737220000002,
            "Count": 34
        },
        "18": {
            "YearMonth": "2022/01",
            "USDRatePerDollar": 115.95567274999998,
            "MMKRatePerYen": 15.505582472222219,
            "DayTime": "18 00:00",
            "USDRatePerDollarTotal": 4174.404218999999,
            "MMKRatePerYenTotal": 558.2009689999999,
            "Count": 36
        },
        "19": {
            "YearMonth": "2022/01",
            "USDRatePerDollar": 115.87511964705877,
            "MMKRatePerYen": 15.491093823529411,
            "DayTime": "19 00:00",
            "USDRatePerDollarTotal": 3939.754067999998,
            "MMKRatePerYenTotal": 526.69719,
            "Count": 34
        },
        "20": {
            "YearMonth": "2022/01",
            "USDRatePerDollar": 115.66369610000004,
            "MMKRatePerYen": 15.51203975,
            "DayTime": "20 00:00",
            "USDRatePerDollarTotal": 4626.5478440000015,
            "MMKRatePerYenTotal": 620.48159,
            "Count": 40
        },
        "21": {
            "YearMonth": "2022/01",
            "USDRatePerDollar": 115.32147544444443,
            "MMKRatePerYen": 15.5459895,
            "DayTime": "21 00:00",
            "USDRatePerDollarTotal": 4151.573116,
            "MMKRatePerYenTotal": 559.655622,
            "Count": 36
        },
        "22": {
            "YearMonth": "2022/01",
            "USDRatePerDollar": 115.00158449999998,
            "MMKRatePerYen": 15.587514600000008,
            "DayTime": "22 00:00",
            "USDRatePerDollarTotal": 3450.0475349999992,
            "MMKRatePerYenTotal": 467.6254380000002,
            "Count": 30
        },
        "23": {
            "YearMonth": "2022/01",
            "USDRatePerDollar": 114.98180165517239,
            "MMKRatePerYen": 15.604707000000005,
            "DayTime": "23 00:00",
            "USDRatePerDollarTotal": 3334.472247999999,
            "MMKRatePerYenTotal": 452.53650300000015,
            "Count": 29
        },
        "24": {
            "YearMonth": "2022/01",
            "USDRatePerDollar": 115.03606347058818,
            "MMKRatePerYen": 15.603115941176464,
            "DayTime": "24 00:00",
            "USDRatePerDollarTotal": 3911.226157999998,
            "MMKRatePerYenTotal": 530.5059419999998,
            "Count": 34
        },
        "25": {
            "YearMonth": "2022/01",
            "USDRatePerDollar": 115.11916310714285,
            "MMKRatePerYen": 15.597035357142852,
            "DayTime": "25 00:00",
            "USDRatePerDollarTotal": 3223.336567,
            "MMKRatePerYenTotal": 436.71698999999984,
            "Count": 28
        },
        "26": {
            "YearMonth": "2022/01",
            "USDRatePerDollar": 115.1090538823529,
            "MMKRatePerYen": 15.591695823529408,
            "DayTime": "26 00:00",
            "USDRatePerDollarTotal": 3913.7078319999982,
            "MMKRatePerYenTotal": 530.1176579999999,
            "Count": 34
        },
        "27": {
            "YearMonth": "2022/01",
            "USDRatePerDollar": 115.71323038709671,
            "MMKRatePerYen": 15.509881516129036,
            "DayTime": "27 00:00",
            "USDRatePerDollarTotal": 3587.110141999998,
            "MMKRatePerYenTotal": 480.8063270000001,
            "Count": 31
        },
        "28": {
            "YearMonth": "2022/01",
            "USDRatePerDollar": 116.50457837837834,
            "MMKRatePerYen": 15.407279162162165,
            "DayTime": "28 00:00",
            "USDRatePerDollarTotal": 4310.669399999999,
            "MMKRatePerYenTotal": 570.0693290000002,
            "Count": 37
        },
        "29": {
            "YearMonth": "2022/01",
            "USDRatePerDollar": 116.60500103225802,
            "MMKRatePerYen": 15.393733322580653,
            "DayTime": "29 00:00",
            "USDRatePerDollarTotal": 3614.7550319999987,
            "MMKRatePerYenTotal": 477.20573300000024,
            "Count": 31
        },
        "30": {
            "YearMonth": "2022/01",
            "USDRatePerDollar": 116.56304092857138,
            "MMKRatePerYen": 15.400659000000005,
            "DayTime": "30 00:00",
            "USDRatePerDollarTotal": 3263.765145999999,
            "MMKRatePerYenTotal": 431.2184520000001,
            "Count": 28
        },
        "31": {
            "YearMonth": "2022/01",
            "USDRatePerDollar": 116.6401737435897,
            "MMKRatePerYen": 15.395315307692313,
            "DayTime": "31 00:00",
            "USDRatePerDollarTotal": 4548.966775999998,
            "MMKRatePerYenTotal": 600.4172970000002,
            "Count": 39
        },
        "01": {
            "YearMonth": "2022/01",
            "USDRatePerDollar": 116.39688714285718,
            "MMKRatePerYen": 15.417737714285712,
            "DayTime": "01 00:00",
            "USDRatePerDollarTotal": 3259.112840000001,
            "MMKRatePerYenTotal": 431.69665599999996,
            "Count": 28
        },
        "02": {
            "YearMonth": "2022/01",
            "USDRatePerDollar": 116.40081600000002,
            "MMKRatePerYen": 15.410686999999998,
            "DayTime": "02 00:00",
            "USDRatePerDollarTotal": 3026.4212160000006,
            "MMKRatePerYenTotal": 400.67786199999995,
            "Count": 26
        },
        "03": {
            "YearMonth": "2022/01",