{
    "202002": {
        "Items": {
            "16": {
                "YearMonth": "2020/02",
                "USDRatePerDollar": 111.00009931578951,
                "MMKRatePerYen": 13.091139684210532,
                "DayTime": "16 00:00",
                "USDRatePerDollarTotal": 2109.001887000001,
                "MMKRatePerYenTotal": 248.7316540000001,
                "Count": 19
            },
            "17": {
                "YearMonth": "2020/02",
                "USDRatePerDollar": 111.02276207692306,
                "MMKRatePerYen": 13.092345948717952,
                "DayTime": "17 00:00",
                "USDRatePerDollarTotal": 4329.887720999999,
                "MMKRatePerYenTotal": 510.6014920000001,
                "Count": 39
            },
            "18": {
                "YearMonth": "2020/02",
                "USDRatePerDollar": 111.05512834285716,
                "MMKRatePerYen": 13.066878914285718,
                "DayTime": "18 00:00",
                "USDRatePerDollarTotal": 3886.9294920000007,
                "MMKRatePerYenTotal": 457.34076200000015,
                "Count": 35
            },
            "19": {
                "YearMonth": "2020/02",
                "USDRatePerDollar": 111.1266204545455,
                "MMKRatePerYen": 13.088429303030301,
                "DayTime": "19 00:00",
                "USDRatePerDollarTotal": 3667.1784750000015,
                "MMKRatePerYenTotal": 431.9181669999999,
                "Count": 33
            },
            "20": {
                "YearMonth": "2020/02",
                "USDRatePerDollar": 112.13053176744181,
                "MMKRatePerYen": 12.995876627906975,
                "DayTime": "20 00:00",
                "USDRatePerDollarTotal": 4821.612865999998,
                "MMKRatePerYenTotal": 558.822695,
                "Count": 43
            },
            "21": {
                "YearMonth": "2020/02",
                "USDRatePerDollar": 113.05914730188678,
                "MMKRatePerYen": 12.8503803962264,
                "DayTime": "21 00:00",
                "USDRatePerDollarTotal": 5992.1348069999995,
                "MMKRatePerYenTotal": 681.0701609999992,
                "Count": 53
            },
            "22": {
                "YearMonth": "2020/02",
                "USDRatePerDollar": 112.99274329999994,
                "MMKRatePerYen": 12.857406999999997,
                "DayTime": "22 00:00",
                "USDRatePerDollarTotal": 5649.637164999997,
                "MMKRatePerYenTotal": 642.8703499999998,
                "Count": 50
            },
            "23": {
                "YearMonth": "2020/02",
                "USDRatePerDollar": 112.84098148648647,
                "MMKRatePerYen": 12.874371999999996,
                "DayTime": "23 00:00",
                "USDRatePerDollarTotal": 4175.116314999999,
                "MMKRatePerYenTotal": 476.35176399999983,
                "Count": 37
            },
            "24": {
                "YearMonth": "2020/02",
                "USDRatePerDollar": 112.82409716326528,
                "MMKRatePerYen": 12.876845285714275,
                "DayTime": "24 00:00",
                "USDRatePerDollarTotal": 5528.3807609999985,
                "MMKRatePerYenTotal": 630.9654189999994,
                "Count": 49
            },
            "25": {
                "YearMonth": "2020/02",
                "USDRatePerDollar": 112.24593999999986,
                "MMKRatePerYen": 12.947079185185173,
                "DayTime": "25 00:00",
                "USDRatePerDollarTotal": 6061.280759999992,
                "MMKRatePerYenTotal": 699.1422759999994,
                "Count": 54
            },
            "26": {
                "YearMonth": "2020/02",
                "USDRatePerDollar": 111.76000903921555,
                "MMKRatePerYen": 13.033980313725479,
                "DayTime": "26 00:00",
                "USDRatePerDollarTotal": 5699.760460999993,
                "MMKRatePerYenTotal": 664.7329959999994,
                "Count": 51
            },
            "27": {
                "YearMonth": "2020/02",
                "USDRatePerDollar": 111.59322374074074,
                "MMKRatePerYen": 13.03169970370371,
                "DayTime": "27 00:00",
                "USDRatePerDollarTotal": 6026.034082,
                "MMKRatePerYenTotal": 703.7117840000003,
                "Count": 54
            },
            "28": {
                "YearMonth": "2020/02",
                "USDRatePerDollar": 110.8539608666666,
                "MMKRatePerYen": 13.051437555555562,
                "DayTime": "28 00:00",
                "USDRatePerDollarTotal": 4988.428238999997,
                "MMKRatePerYenTotal": 587.3146900000003,
                "Count": 45
            },
            "29": {
                "YearMonth": "2020/02",
                "USDRatePerDollar": 109.67493934615382,
                "MMKRatePerYen": 13.100359230769223,
                "DayTime": "29 00:00",
                "USDRatePerDollarTotal": 2851.5484229999993,
                "MMKRatePerYenTotal": 340.6093399999998,
                "Count": 26
            }
        }
    },
    "202003": {
        "Items": {
            "10": {
                "YearMonth": "2020/03",
                "USDRatePerDollar": 104.03947816666667,
                "MMKRatePerYen": 13.060907296296298,
                "DayTime": "10 00:00",
                "USDRatePerDollarTotal": 5618.131821,
                "MMKRatePerYenTotal": 705.2889940000001,
                "Count": 54
            },
            "11": {
                "YearMonth": "2020/03",
                "USDRatePerDollar": 105.71117256000008,
                "MMKRatePerYen": 12.687770019999995,
                "DayTime": "11 00:00",
                "USDRatePerDollarTotal": 5285.558628000004,
                "MMKRatePerYenTotal": 634.3885009999998,
                "Count": 50
            },
            "01": {
                "YearMonth": "2020/03",
                "USDRatePerDollar": 109.31310588461535,
                "MMKRatePerYen": 13.143939999999994,
                "DayTime": "01 00:00",
                "USDRatePerDollarTotal": 2842.140752999999,
                "MMKRatePerYenTotal": 341.7424399999998,
                "Count": 26
            },
            "02": {
                "YearMonth": "2020/03",
                "USDRatePerDollar": 109.29985890909096,
                "MMKRatePerYen": 13.14510120454545,
                "DayTime": "02 00:00",
                "USDRatePerDollarTotal": 4809.193792000002,
                "MMKRatePerYenTotal": 578.3844529999998,
                "Count": 44
            },
            "03": {
                "YearMonth": "2020/03",
                "USDRatePerDollar": 109.2597807727273,
                "MMKRatePerYen": 13.146999045454544,
                "DayTime": "03 00:00",
                "USDRatePerDollarTotal": 4807.430354000001,
                "MMKRatePerYenTotal": 578.467958,
                "Count": 44
            },
            "04": {
                "YearMonth": "2020/03",
                "USDRatePerDollar": 108.6231812826086,
                "MMKRatePerYen": 13.142748021739129,
                "DayTime": "04 00:00",
                "USDRatePerDollarTotal": 4996.666338999996,
                "MMKRatePerYenTotal": 604.5664089999999,
                "Count": 46
            },
            "05": {
                "YearMonth": "2020/03",
                "USDRatePerDollar": 108.62218124999994,
                "MMKRatePerYen": 12.894036178571426,
                "DayTime": "05 00:00",
                "USDRatePerDollarTotal": 6082.842149999997,
                "MMKRatePerYenTotal": 722.0660259999999,
                "Count": 56
            },
            "06": {
                "YearMonth": "2020/03",
                "USDRatePerDollar": 107.55807890384625,
                "MMKRatePerYen": 12.951212480769225,
                "DayTime": "06 00:00",