{
    "202201": {
        "Items": {
            "01": {
                "YearMonth": "2022/01",
                "USDRatePerDollar": 116.39688714285718,
                "MMKRatePerYen": 15.417737714285712,
                "DayTime": "01 00:00",
                "USDRatePerDollarTotal": 3259.112840000001,
                "MMKRatePerYenTotal": 431.69665599999996,
                "Count": 28
            },
            "02": {
                "YearMonth": "2022/01",
                "USDRatePerDollar": 116.40081600000002,
                "MMKRatePerYen": 15.410686999999998,
                "DayTime": "02 00:00",
                "USDRatePerDollarTotal": 3026.4212160000006,
                "MMKRatePerYenTotal": 400.67786199999995,
                "Count": 26
            },
            "03": {
                "YearMonth": "2022/01",
                "USDRatePerDollar": 116.46624813793102,
                "MMKRatePerYen": 15.410686999999998,
                "DayTime": "03 00:00",
                "USDRatePerDollarTotal": 3377.5211959999997,
                "MMKRatePerYenTotal": 446.90992299999994,
                "Count": 29
            }
        }
    }
}