{
    "202201": {
        "Items": {
            "01": {
                "YearMonth": "2022/01",
                "USDRatePerDollar": 116.39688714285718,
                "MMKRatePerYen": 15.417737714285712,
                "DayTime": "01 00:00",
                "USDRatePerDollarTotal": 3259.112840000001,
                "MMKRatePerYenTotal": 431.69665599999996,
                "Count": 28
            }
        }
    }
}