{
    "202401": {
        "Items": {
            "01": {
                "YearMonth": "2024/01",
                "USDRatePerDollar": 142.65275342857137,
                "MMKRatePerYen": 23.830000000000002,
                "DayTime": "01 00:00",
                "USDRatePerDollarTotal": 3994.2770959999984,
                "MMKRatePerYenTotal": 667.24,
                "Count": 28
            }
        }
    }
}