{
    "202401": {
        "Items": {
            "10": {
                "YearMonth": "2024/01",
                "USDRatePerDollar": 145.95739958823523,
                "MMKRatePerYen": 23.395349999999986,
                "DayTime": "10 00:00",
                "USDRatePerDollarTotal": 4962.551585999998,
                "MMKRatePerYenTotal": 795.4418999999996,
                "Count": 34
            },
            "11": {
                "YearMonth": "2024/01",
                "USDRatePerDollar": 146.9445628484848,
                "MMKRatePerYen": 23.332089393939395,
                "DayTime": "11 00:00",
                "USDRatePerDollarTotal": 4849.170573999998,
                "MMKRatePerYenTotal": 769.9589500000001,
                "Count": 33
            },
            "12": {
                "YearMonth": "2024/01",
                "USDRatePerDollar": 146.84974194117646,
                "MMKRatePerYen": 23.27354470588235,
                "DayTime": "12 00:00",
                "USDRatePerDollarTotal": 4992.891226,
                "MMKRatePerYenTotal": 791.3005199999999,
                "Count": 34
            },
            "13": {
                "YearMonth": "2024/01",
                "USDRatePerDollar": 146.59720064285713,
                "MMKRatePerYen": 23.2636,
                "DayTime": "13 00:00",
                "USDRatePerDollarTotal": 4104.721618,
                "MMKRatePerYenTotal": 651.3808,
                "Count": 28
            },
            "14": {
                "YearMonth": "2024/01",
                "USDRatePerDollar": 146.56265285714287,
                "MMKRatePerYen": 23.2636,
                "DayTime": "14 00:00",
                "USDRatePerDollarTotal": 4103.75428,
                "MMKRatePerYenTotal": 651.3808,
                "Count": 28
            },
            "15": {
                "YearMonth": "2024/01",
                "USDRatePerDollar": 146.64494470588232,
                "MMKRatePerYen": 23.2636,
                "DayTime": "15 00:00",
                "USDRatePerDollarTotal": 4985.928119999999,
                "MMKRatePerYenTotal": 790.9624,
                "Count": 34
            },
            "16": {
                "YearMonth": "2024/01",
                "USDRatePerDollar": 147.39316075757569,
                "MMKRatePerYen": 23.244317878787875,
                "DayTime": "16 00:00",
                "USDRatePerDollarTotal": 4863.974304999998,
                "MMKRatePerYenTotal": 767.0624899999999,
                "Count": 33
            },
            "17": {
                "YearMonth": "2024/01",
                "USDRatePerDollar": 148.6191514871794,
                "MMKRatePerYen": 23.08850384615385,
                "DayTime": "17 00:00",
                "USDRatePerDollarTotal": 5796.146907999997,
                "MMKRatePerYenTotal": 900.4516500000001,
                "Count": 39
            },
            "18": {
                "YearMonth": "2024/01",
                "USDRatePerDollar": 149.53780270588237,
                "MMKRatePerYen": 22.93411764705883,
                "DayTime": "18 00:00",
                "USDRatePerDollarTotal": 5084.2852920000005,
                "MMKRatePerYenTotal": 779.7600000000002,
                "Count": 34
            },
            "19": {
                "YearMonth": "2024/01",
                "USDRatePerDollar": 149.8259736764706,
                "MMKRatePerYen": 22.850294117647078,
                "DayTime": "19 00:00",
                "USDRatePerDollarTotal": 5094.083105000001,
                "MMKRatePerYenTotal": 776.9100000000007,
                "Count": 34
            },
            "20": {
                "YearMonth": "2024/01",
                "USDRatePerDollar": 149.88145230769226,
                "MMKRatePerYen": 22.83,
                "DayTime": "20 00:00",
                "USDRatePerDollarTotal": 3896.9177599999985,
                "MMKRatePerYenTotal": 593.5799999999999,
                "Count": 26
            },
            "21": {
                "YearMonth": "2024/01",
                "USDRatePerDollar": 149.83444085714282,
                "MMKRatePerYen": 22.830000000000002,
                "DayTime": "21 00:00",
                "USDRatePerDollarTotal": 4195.364343999999,
                "MMKRatePerYenTotal": 639.24,
                "Count": 28
            },
            "22": {
                "YearMonth": "2024/01",
                "USDRatePerDollar": 149.75456332432432,
                "MMKRatePerYen": 22.83000000000001,
                "DayTime": "22 00:00",
                "USDRatePerDollarTotal": 5540.918843,
                "MMKRatePerYenTotal": 844.7100000000004,
                "Count": 37
            },
            "23": {
                "YearMonth": "2024/01",
                "USDRatePerDollar": 149.66945662857137,
                "MMKRatePerYen": 22.86142857142857,
                "DayTime": "23 00:00",
                "USDRatePerDollarTotal": 5238.430981999998,
                "MMKRatePerYenTotal": 800.1499999999999,
                "Count": 35
            },
            "24": {
                "YearMonth": "2024/01",
                "USDRatePerDollar": 149.79962467567574,
                "MMKRatePerYen": 22.858864864864866,
                "DayTime": "24 00:00",
                "USDRatePerDollarTotal": 5542.586113000002,
                "MMKRatePerYenTotal": 845.778,
                "Count": 37
            },
            "25": {
                "YearMonth": "2024/01",
                "USDRatePerDollar": 149.32486279487176,
                "MMKRatePerYen": 22.952203076923077,
                "DayTime": "25 00:00",
                "USDRatePerDollarTotal": 5823.669648999999,
                "MMKRatePerYenTotal": 895.1359199999999,
                "Count": 39
            },
            "26": {
                "YearMonth": "2024/01",
                "USDRatePerDollar": 149.37738064705889,
                "MMKRatePerYen": 23,
                "DayTime": "26 00:00",
                "USDRatePerDollarTotal": 5078.830942000002,
                "MMKRatePerYenTotal": 782,
                "Count": 34
            },
            "27": {
                "YearMonth": "2024/01",
                "USDRatePerDollar": 149.70976684615377,
                "MMKRatePerYen": 22.950384615384607,
                "DayTime": "27 00:00",
                "USDRatePerDollarTotal": 3892.4539379999983,
                "MMKRatePerYenTotal": 596.7099999999998,
                "Count": 26
            },
            "28": {
                "YearMonth": "2024/01",
                "USDRatePerDollar": 149.8562716071428,
                "MMKRatePerYen": 22.91399999999999,
                "DayTime": "28 00:00",
                "USDRatePerDollarTotal": 4195.975604999998,
                "MMKRatePerYenTotal": 641.5919999999998,
                "Count": 28
            },
            "01": {
                "YearMonth": "2024/01",
                "USDRatePerDollar": 142.65275342857137,
                "MMKRatePerYen": 23.830000000000002,
                "DayTime": "01 00:00",
                "USDRatePerDollarTotal": 3994.2770959999984,
                "MMKRatePerYenTotal": 667.24,
                "Count": 28
            },
            "02": {
                "YearMonth": "2024/01",
                "USDRatePerDollar": 142.78286499999996,
                "MMKRatePerYen": 23.83000000000001,
                "DayTime": "02 00:00",
                "USDRatePerDollarTotal": 4854.617409999999,
                "MMKRatePerYenTotal": 810.2200000000003,
                "Count": 34
            },
            "03": {
                "YearMonth": "2024/01",
                "USDRatePerDollar": 143.45838403333335,
                "MMKRatePerYen": 23.830000000000002,
                "DayTime": "03 00:00",
                "USDRatePerDollarTotal": 4303.751521,
                "MMKRatePerYenTotal": 714.9000000000001,
                "Count": 30
            },