{
    "Items": {
        "10": {
            "YearMonth": "2020/12",
            "USDRatePerDollar": 105.45243662500008,
            "MMKRatePerYen": 12.695920500000001,
            "DayTime": "10 00:00",
            "USDRatePerDollarTotal": 3374.4779720000024,
            "MMKRatePerYenTotal": 406.26945600000005,
            "Count": 32
        },
        "11": {
            "YearMonth": "2020/12",
            "USDRatePerDollar": 105.39116528125001,
            "MMKRatePerYen": 12.727893562500011,
            "DayTime": "11 00:00",
            "USDRatePerDollarTotal": 3372.5172890000003,
            "MMKRatePerYenTotal": 407.29259400000035,
            "Count": 32
        },
        "12": {
            "YearMonth": "2020/12",
            "USDRatePerDollar": 105.2069508928572,
            "MMKRatePerYen": 12.843184285714282,
            "DayTime": "12 00:00",
            "USDRatePerDollarTotal": 2945.7946250000014,
            "MMKRatePerYenTotal": 359.60915999999986,
            "Count": 28
        },
        "13": {
            "YearMonth": "2020/12",
            "USDRatePerDollar": 105.20648750000005,
            "MMKRatePerYen": 12.872644999999995,
            "DayTime": "13 00:00",
            "USDRatePerDollarTotal": 3156.1946250000015,
            "MMKRatePerYenTotal": 386.17934999999983,
            "Count": 30
        },
        "14": {
            "YearMonth": "2020/12",
            "USDRatePerDollar": 105.209286969697,
            "MMKRatePerYen": 12.924867969696962,
            "DayTime": "14 00:00",
            "USDRatePerDollarTotal": 3471.9064700000013,
            "MMKRatePerYenTotal": 426.5206429999997,
            "Count": 33
        },
        "15": {
            "YearMonth": "2020/12",
            "USDRatePerDollar": 105.25010718750003,
            "MMKRatePerYen": 13.09090778125,
            "DayTime": "15 00:00",
            "USDRatePerDollarTotal": 3368.003430000001,
            "MMKRatePerYenTotal": 418.909049,
            "Count": 32
        },
        "16": {
            "YearMonth": "2020/12",
            "USDRatePerDollar": 104.86932148648651,
            "MMKRatePerYen": 13.147489756756764,
            "DayTime": "16 00:00",
            "USDRatePerDollarTotal": 3880.164895000001,
            "MMKRatePerYenTotal": 486.45712100000026,
            "Count": 37
        },
        "17": {
            "YearMonth": "2020/12",
            "USDRatePerDollar": 104.5754411860465,
            "MMKRatePerYen": 13.023858186046514,
            "DayTime": "17 00:00",
            "USDRatePerDollarTotal": 4496.743971,
            "MMKRatePerYenTotal": 560.0259020000001,
            "Count": 43
        },
        "18": {
            "YearMonth": "2020/12",
            "USDRatePerDollar": 104.44500682352947,
            "MMKRatePerYen": 13.026937970588229,
            "DayTime": "18 00:00",
            "USDRatePerDollarTotal": 3551.130232000002,
            "MMKRatePerYenTotal": 442.91589099999976,
            "Count": 34
        },
        "19": {
            "YearMonth": "2020/12",
            "USDRatePerDollar": 104.52181996666665,
            "MMKRatePerYen": 12.955226999999997,
            "DayTime": "19 00:00",
            "USDRatePerDollarTotal": 3135.6545989999995,
            "MMKRatePerYenTotal": 388.6568099999999,
            "Count": 30
        },
        "20": {
            "YearMonth": "2020/12",
            "USDRatePerDollar": 104.49265406896549,
            "MMKRatePerYen": 12.930955999999997,
            "DayTime": "20 00:00",
            "USDRatePerDollarTotal": 3030.2869679999994,
            "MMKRatePerYenTotal": 374.9977239999999,
            "Count": 29
        },
        "21": {
            "YearMonth": "2020/12",
            "USDRatePerDollar": 104.52287614999992,
            "MMKRatePerYen": 12.927299100000004,
            "DayTime": "21 00:00",
            "USDRatePerDollarTotal": 4180.915045999996,
            "MMKRatePerYenTotal": 517.0919640000002,
            "Count": 40
        },
        "22": {
            "YearMonth": "2020/12",
            "USDRatePerDollar": 104.54480875555558,
            "MMKRatePerYen": 12.821399866666669,
            "DayTime": "22 00:00",
            "USDRatePerDollarTotal": 4704.516394000001,
            "MMKRatePerYenTotal": 576.9629940000001,
            "Count": 45
        },
        "23": {
            "YearMonth": "2020/12",
            "USDRatePerDollar": 104.68985020588241,
            "MMKRatePerYen": 12.737303294117654,
            "DayTime": "23 00:00",
            "USDRatePerDollarTotal": 3559.454907000002,
            "MMKRatePerYenTotal": 433.0683120000002,
            "Count": 34
        },
        "24": {
            "YearMonth": "2020/12",
            "USDRatePerDollar": 104.69949502941179,
            "MMKRatePerYen": 12.774225999999999,
            "DayTime": "24 00:00",
            "USDRatePerDollarTotal": 3559.782831000001,
            "MMKRatePerYenTotal": 434.32368399999996,
            "Count": 34
        },
        "25": {
            "YearMonth": "2020/12",
            "USDRatePerDollar": 104.78290727027029,
            "MMKRatePerYen": 12.826821540540545,
            "DayTime": "25 00:00",
            "USDRatePerDollarTotal": 3876.9675690000004,
            "MMKRatePerYenTotal": 474.5923970000002,
            "Count": 37
        },
        "26": {
            "YearMonth": "2020/12",
            "USDRatePerDollar": 104.6863882142857,
            "MMKRatePerYen": 12.840145000000005,
            "DayTime": "26 00:00",
            "USDRatePerDollarTotal": 2931.2188699999997,
            "MMKRatePerYenTotal": 359.52406000000013,
            "Count": 28
        },
        "27": {
            "YearMonth": "2020/12",
            "USDRatePerDollar": 104.66706982758618,
            "MMKRatePerYen": 12.840145000000005,
            "DayTime": "27 00:00",
            "USDRatePerDollarTotal": 3035.345024999999,
            "MMKRatePerYenTotal": 372.36420500000014,
            "Count": 29
        },
        "28": {
            "YearMonth": "2020/12",
            "USDRatePerDollar": 104.68902455555555,
            "MMKRatePerYen": 12.833805138888899,
            "DayTime": "28 00:00",
            "USDRatePerDollarTotal": 3768.8048839999997,
            "MMKRatePerYenTotal": 462.0169850000003,
            "Count": 36
        },
        "29": {
            "YearMonth": "2020/12",
            "USDRatePerDollar": 104.85767748571429,
            "MMKRatePerYen": 12.76081334285715,
            "DayTime": "29 00:00",
            "USDRatePerDollarTotal": 3670.018712,
            "MMKRatePerYenTotal": 446.6284670000002,
            "Count": 35
        },
        "30": {
            "YearMonth": "2020/12",
            "USDRatePerDollar": 104.66662283783788,
            "MMKRatePerYen": 12.744302054054044,
            "DayTime": "30 00:00",
            "USDRatePerDollarTotal": 3872.6650450000016,
            "MMKRatePerYenTotal": 471.53917599999966,
            "Count": 37
        },
        "31": {
            "YearMonth": "2020/12",
            "USDRatePerDollar": 104.38907792857135,
            "MMKRatePerYen": 12.76833167857143,
            "DayTime": "31 00:00",
            "USDRatePerDollarTotal": 2922.8941819999977,
            "MMKRatePerYenTotal": 357.51328700000005,
            "Count": 28
        },
        "01": {
            "YearMonth": "2020/12",
            "USDRatePerDollar": 105.43824128947374,
            "MMKRatePerYen": 12.524886947368426,
            "DayTime": "01 00:00",
            "USDRatePerDollarTotal": 4006.653169000002,
            "MMKRatePerYenTotal": 475.9457040000002,
            "Count": 38
        },
        "02": {
            "YearMonth": "2020/12",
            "USDRatePerDollar": 105.53145027027024,
            "MMKRatePerYen": 12.548483567567558,
            "DayTime": "02 00:00",
            "USDRatePerDollarTotal": 3904.663659999999,
            "MMKRatePerYenTotal": 464.29389199999963,
            "Count": 37
        },