{
    "Items": {
        "01": {
            "YearMonth": "2021/10",
            "USDRatePerDollar": 112.64263976923084,
            "MMKRatePerYen": 17.499393051282034,
            "DayTime": "01 00:00",
            "USDRatePerDollarTotal": 4393.062951000003,
            "MMKRatePerYenTotal": 682.4763289999993,
            "Count": 39
        },
        "02": {
            "YearMonth": "2021/10",
            "USDRatePerDollar": 112.38078420000005,
            "MMKRatePerYen": 17.460566999999987,
            "DayTime": "02 00:00",
            "USDRatePerDollarTotal": 3371.4235260000014,
            "MMKRatePerYenTotal": 523.8170099999996,
            "Count": 30
        },
        "03": {
            "YearMonth": "2021/10",
            "USDRatePerDollar": 112.3336908571429,
            "MMKRatePerYen": 17.46578799999999,
            "DayTime": "03 00:00",
            "USDRatePerDollarTotal": 3145.3433440000013,
            "MMKRatePerYenTotal": 489.0420639999997,
            "Count": 28
        },
        "04": {
            "YearMonth": "2021/10",
            "USDRatePerDollar": 112.3277138484848,
            "MMKRatePerYen": 17.46578799999999,
            "DayTime": "04 00:00",
            "USDRatePerDollarTotal": 3706.814556999999,
            "MMKRatePerYenTotal": 576.3710039999996,
            "Count": 33
        },
        "05": {
            "YearMonth": "2021/10",
            "USDRatePerDollar": 112.2965121666667,
            "MMKRatePerYen": 17.54614399999999,
            "DayTime": "05 00:00",
            "USDRatePerDollarTotal": 3368.895365000001,
            "MMKRatePerYenTotal": 526.3843199999998,
            "Count": 30
        }
    }
}