{
    "Items": {
        "10": {
            "YearMonth": "2021/10",
            "USDRatePerDollar": 113.50594919354835,
            "MMKRatePerYen": 17.541140999999996,
            "DayTime": "10 00:00",
            "USDRatePerDollarTotal": 3518.6844249999986,
            "MMKRatePerYenTotal": 543.7753709999998,
            "Count": 31
        },
        "11": {
            "YearMonth": "2021/10",
            "USDRatePerDollar": 113.72680805405408,
            "MMKRatePerYen": 17.504431324324322,
            "DayTime": "11 00:00",
            "USDRatePerDollarTotal": 4207.891898000001,
            "MMKRatePerYenTotal": 647.6639589999999,
            "Count": 37
        },
        "12": {
            "YearMonth": "2021/10",
            "USDRatePerDollar": 114.46373995000002,
            "MMKRatePerYen": 17.248774625000017,
            "DayTime": "12 00:00",
            "USDRatePerDollarTotal": 4578.5495980000005,
            "MMKRatePerYenTotal": 689.9509850000006,
            "Count": 40
        },
        "13": {
            "YearMonth": "2021/10",
            "USDRatePerDollar": 114.74020762499991,
            "MMKRatePerYen": 16.793017031250002,
            "DayTime": "13 00:00",
            "USDRatePerDollarTotal": 3671.686643999997,
            "MMKRatePerYenTotal": 537.3765450000001,
            "Count": 32
        },
        "14": {
            "YearMonth": "2021/10",
            "USDRatePerDollar": 114.68502234285722,
            "MMKRatePerYen": 16.502596628571432,
            "DayTime": "14 00:00",
            "USDRatePerDollarTotal": 4013.9757820000027,
            "MMKRatePerYenTotal": 577.5908820000001,
            "Count": 35
        },
        "15": {
            "YearMonth": "2021/10",
            "USDRatePerDollar": 115.05119294871795,
            "MMKRatePerYen": 16.58260466666668,
            "DayTime": "15 00:00",
            "USDRatePerDollarTotal": 4486.9965250000005,
            "MMKRatePerYenTotal": 646.7215820000005,
            "Count": 39
        },
        "16": {
            "YearMonth": "2021/10",
            "USDRatePerDollar": 115.44367216129034,
            "MMKRatePerYen": 16.453474967741943,
            "DayTime": "16 00:00",
            "USDRatePerDollarTotal": 3578.7538370000007,
            "MMKRatePerYenTotal": 510.05772400000023,
            "Count": 31
        },
        "17": {
            "YearMonth": "2021/10",
            "USDRatePerDollar": 115.51319107692308,
            "MMKRatePerYen": 16.42704800000001,
            "DayTime": "17 00:00",
            "USDRatePerDollarTotal": 3003.342968,
            "MMKRatePerYenTotal": 427.10324800000024,
            "Count": 26
        },
        "01": {
            "YearMonth": "2021/10",
            "USDRatePerDollar": 112.64263976923084,
            "MMKRatePerYen": 17.499393051282034,
            "DayTime": "01 00:00",
            "USDRatePerDollarTotal": 4393.062951000003,
            "MMKRatePerYenTotal": 682.4763289999993,
            "Count": 39
        },
        "02": {
            "YearMonth": "2021/10",
            "USDRatePerDollar": 112.38078420000005,
            "MMKRatePerYen": 17.460566999999987,
            "DayTime": "02 00:00",
            "USDRatePerDollarTotal": 3371.4235260000014,
            "MMKRatePerYenTotal": 523.8170099999996,
            "Count": 30
        },
        "03": {
            "YearMonth": "2021/10",
            "USDRatePerDollar": 112.3336908571429,
            "MMKRatePerYen": 17.46578799999999,
            "DayTime": "03 00:00",
            "USDRatePerDollarTotal": 3145.3433440000013,
            "MMKRatePerYenTotal": 489.0420639999997,
            "Count": 28
        },
        "04": {
            "YearMonth": "2021/10",
            "USDRatePerDollar": 112.3277138484848,
            "MMKRatePerYen": 17.46578799999999,
            "DayTime": "04 00:00",
            "USDRatePerDollarTotal": 3706.814556999999,
            "MMKRatePerYenTotal": 576.3710039999996,
            "Count": 33
        },
        "05": {
            "YearMonth": "2021/10",
            "USDRatePerDollar": 112.2965121666667,
            "MMKRatePerYen": 17.54614399999999,
            "DayTime": "05 00:00",
            "USDRatePerDollarTotal": 3368.895365000001,
            "MMKRatePerYenTotal": 526.3843199999998,
            "Count": 30
        },
        "06": {
            "YearMonth": "2021/10",
            "USDRatePerDollar": 112.74803544736835,
            "MMKRatePerYen": 17.611968947368428,
            "DayTime": "06 00:00",
            "USDRatePerDollarTotal": 4284.425346999998,
            "MMKRatePerYenTotal": 669.2548200000003,
            "Count": 38
        },
        "07": {
            "YearMonth": "2021/10",
            "USDRatePerDollar": 112.74647902777775,
            "MMKRatePerYen": 17.627086833333337,
            "DayTime": "07 00:00",
            "USDRatePerDollarTotal": 4058.873244999999,
            "MMKRatePerYenTotal": 634.5751260000001,
            "Count": 36
        },
        "08": {
            "YearMonth": "2021/10",
            "USDRatePerDollar": 112.96812102777777,
            "MMKRatePerYen": 17.633655694444442,
            "DayTime": "08 00:00",
            "USDRatePerDollarTotal": 4066.8523569999998,
            "MMKRatePerYenTotal": 634.811605,
            "Count": 36
        },
        "09": {
            "YearMonth": "2021/10",
            "USDRatePerDollar": 113.4100216428571,
            "MMKRatePerYen": 17.572881714285707,
            "DayTime": "09 00:00",
            "USDRatePerDollarTotal": 3175.4806059999987,
            "MMKRatePerYenTotal": 492.0406879999998,
            "Count": 28
        }
    }
}