{
    "Items": {
        "01": {
            "YearMonth": "2021/07",
            "USDRatePerDollar": 112.22595151351355,
            "MMKRatePerYen": 14.44817983783783,
            "DayTime": "01 00:00",
            "USDRatePerDollarTotal": 4152.360206000001,
            "MMKRatePerYenTotal": 534.5826539999997,
            "Count": 37
        },
        "02": {
            "YearMonth": "2021/07",
            "USDRatePerDollar": 112.73176602777772,
            "MMKRatePerYen": 14.415710166666663,
            "DayTime": "02 00:00",
            "USDRatePerDollarTotal": 4058.3435769999983,
            "MMKRatePerYenTotal": 518.9655659999999,
            "Count": 36
        },
        "03": {
            "YearMonth": "2021/07",
            "USDRatePerDollar": 112.46538981481474,
            "MMKRatePerYen": 14.44229025925926,
            "DayTime": "03 00:00",
            "USDRatePerDollarTotal": 3036.565524999998,
            "MMKRatePerYenTotal": 389.941837,
            "Count": 27
        },
        "04": {
            "YearMonth": "2021/07",
            "USDRatePerDollar": 112.30810178571421,
            "MMKRatePerYen": 14.456721000000002,
            "DayTime": "04 00:00",
            "USDRatePerDollarTotal": 3144.626849999998,
            "MMKRatePerYenTotal": 404.78818800000005,
            "Count": 28
        },
        "05": {
            "YearMonth": "2021/07",
            "USDRatePerDollar": 112.32218974418602,
            "MMKRatePerYen": 14.472356232558132,
            "DayTime": "05 00:00",
            "USDRatePerDollarTotal": 4829.854158999999,
            "MMKRatePerYenTotal": 622.3113179999997,
            "Count": 43
        },
        "06": {
            "YearMonth": "2021/07",
            "USDRatePerDollar": 112.19142054285722,
            "MMKRatePerYen": 14.55680957142856,
            "DayTime": "06 00:00",
            "USDRatePerDollarTotal": 3926.6997190000025,
            "MMKRatePerYenTotal": 509.4883349999996,
            "Count": 35
        },
        "07": {
            "YearMonth": "2021/07",
            "USDRatePerDollar": 111.91216013793101,
            "MMKRatePerYen": 14.643291241379305,
            "DayTime": "07 00:00",
            "USDRatePerDollarTotal": 3245.4526439999995,
            "MMKRatePerYenTotal": 424.65544599999987,
            "Count": 29
        },
        "08": {
            "YearMonth": "2021/07",
            "USDRatePerDollar": 111.86902005882362,
            "MMKRatePerYen": 14.722469647058833,
            "DayTime": "08 00:00",
            "USDRatePerDollarTotal": 3803.5466820000033,
            "MMKRatePerYenTotal": 500.56396800000033,
            "Count": 34
        }
    }
}