{
    "Items": {
        "01": {
            "YearMonth": "2021/11",
            "USDRatePerDollar": 115.38484262162169,
            "MMKRatePerYen": 15.444049999999999,
            "DayTime": "01 00:00",
            "USDRatePerDollarTotal": 4269.239177000002,
            "MMKRatePerYenTotal": 571.42985,
            "Count": 37
        },
        "02": {
            "YearMonth": "2021/11",
            "USDRatePerDollar": 115.27013826315785,
            "MMKRatePerYen": 15.478227473684207,
            "DayTime": "02 00:00",
            "USDRatePerDollarTotal": 4380.265253999998,
            "MMKRatePerYenTotal": 588.1726439999999,
            "Count": 38
        }
    }
}