{
    "Items": {
        "01": {
            "YearMonth": "2021/10",
            "USDRatePerDollar": 112.64263976923084,
            "MMKRatePerYen": 17.499393051282034,
            "DayTime": "01 00:00",
            "USDRatePerDollarTotal": 4393.062951000003,
            "MMKRatePerYenTotal": 682.4763289999993,
            "Count": 39
        },
        "02": {
            "YearMonth": "2021/10",
            "USDRatePerDollar": 112.38078420000005,
            "MMKRatePerYen": 17.460566999999987,
            "DayTime": "02 00:00",
            "USDRatePerDollarTotal": 3371.4235260000014,
            "MMKRatePerYenTotal": 523.8170099999996,
            "Count": 30
        }
    }
}