{
    "Items": {
        "01": {
            "YearMonth": "2021/08",
            "USDRatePerDollar": 110.95078276923074,
            "MMKRatePerYen": 14.881047000000006,
            "DayTime": "01 00:00",
            "USDRatePerDollarTotal": 2884.7203519999994,
            "MMKRatePerYenTotal": 386.90722200000016,
            "Count": 26
        }
    }
}