{
    "Items": {
        "01": {
            "YearMonth": "2021/12",
            "USDRatePerDollar": 114.66611236842108,
            "MMKRatePerYen": 15.740457763157888,
            "DayTime": "01 00:00",
            "USDRatePerDollarTotal": 4357.312270000001,
            "MMKRatePerYenTotal": 598.1373949999997,
            "Count": 38
        },
        "02": {
            "YearMonth": "2021/12",
            "USDRatePerDollar": 114.32744229411762,
            "MMKRatePerYen": 15.769582000000003,
            "DayTime": "02 00:00",
            "USDRatePerDollarTotal": 3887.133037999999,
            "MMKRatePerYenTotal": 536.1657880000001,
            "Count": 34
        },
        "03": {
            "YearMonth": "2021/12",
            "USDRatePerDollar": 114.42503813888892,
            "MMKRatePerYen": 15.741060055555558,
            "DayTime": "03 00:00",
            "USDRatePerDollarTotal": 4119.301373000001,
            "MMKRatePerYenTotal": 566.678162,
            "Count": 36
        },
        "04": {
            "YearMonth": "2021/12",
            "USDRatePerDollar": 114.18411359999998,
            "MMKRatePerYen": 15.750970066666671,
            "DayTime": "04 00:00",
            "USDRatePerDollarTotal": 3425.523407999999,
            "MMKRatePerYenTotal": 472.52910200000014,
            "Count": 30
        },
        "05": {
            "YearMonth": "2021/12",
            "USDRatePerDollar": 114.0901038965517,
            "MMKRatePerYen": 15.770102000000005,
            "DayTime": "05 00:00",
            "USDRatePerDollarTotal": 3308.6130129999992,
            "MMKRatePerYenTotal": 457.33295800000013,
            "Count": 29
        },
        "06": {
            "YearMonth": "2021/12",
            "USDRatePerDollar": 114.1572601333334,
            "MMKRatePerYen": 15.72533250000001,
            "DayTime": "06 00:00",
            "USDRatePerDollarTotal": 3424.7178040000017,
            "MMKRatePerYenTotal": 471.7599750000003,
            "Count": 30
        },
        "07": {
            "YearMonth": "2021/12",
            "USDRatePerDollar": 114.72365367567569,
            "MMKRatePerYen": 15.651797054054049,
            "DayTime": "07 00:00",
            "USDRatePerDollarTotal": 4244.775186000001,
            "MMKRatePerYenTotal": 579.1164909999998,
            "Count": 37
        },
        "08": {
            "YearMonth": "2021/12",
            "USDRatePerDollar": 114.84706390909088,
            "MMKRatePerYen": 15.64366457575757,
            "DayTime": "08 00:00",
            "USDRatePerDollarTotal": 3789.953108999999,
            "MMKRatePerYenTotal": 516.2409309999998,
            "Count": 33
        }
    }
}