{
    "Items": {
        "01": {
            "YearMonth": "2021/09",
            "USDRatePerDollar": 111.28530605128202,
            "MMKRatePerYen": 15.109717794871798,
            "DayTime": "01 00:00",
            "USDRatePerDollarTotal": 4340.126935999999,
            "MMKRatePerYenTotal": 589.2789940000001,
            "Count": 39
        },
        "02": {
            "YearMonth": "2021/09",
            "USDRatePerDollar": 111.28155311764709,
            "MMKRatePerYen": 15.176916411764697,
            "DayTime": "02 00:00",
            "USDRatePerDollarTotal": 3783.572806000001,
            "MMKRatePerYenTotal": 516.0151579999997,
            "Count": 34
        },
        "03": {
            "YearMonth": "2021/09",
            "USDRatePerDollar": 111.22013877777785,
            "MMKRatePerYen": 15.2499631111111,
            "DayTime": "03 00:00",
            "USDRatePerDollarTotal": 4003.9249960000025,
            "MMKRatePerYenTotal": 548.9986719999996,
            "Count": 36
        }
    }
}