{
    "Items": {
        "01": {
            "YearMonth": "2021/12",
            "USDRatePerDollar": 114.66611236842108,
            "MMKRatePerYen": 15.740457763157888,
            "DayTime": "01 00:00",
            "USDRatePerDollarTotal": 4357.312270000001,
            "MMKRatePerYenTotal": 598.1373949999997,
            "Count": 38
        }
    }
}