{
    "Items": {
        "01": {
            "YearMonth": "2021/11",
            "USDRatePerDollar": 115.38484262162169,
            "MMKRatePerYen": 15.444049999999999,
            "DayTime": "01 00:00",
            "USDRatePerDollarTotal": 4269.239177000002,
            "MMKRatePerYenTotal": 571.42985,
            "Count": 37
        }
    }
}