{
    "Items": {
        "01": {
            "YearMonth": "2021/06",
            "USDRatePerDollar": 110.77197137499992,
            "MMKRatePerYen": 14.646270718749992,
            "DayTime": "01 00:00",
            "USDRatePerDollarTotal": 3544.7030839999975,
            "MMKRatePerYenTotal": 468.68066299999975,
            "Count": 32
        },
        "02": {
            "YearMonth": "2021/06",
            "USDRatePerDollar": 110.77580512500006,
            "MMKRatePerYen": 14.915613062499997,
            "DayTime": "02 00:00",
            "USDRatePerDollarTotal": 3544.825764000002,
            "MMKRatePerYenTotal": 477.2996179999999,
            "Count": 32
        },
        "03": {
            "YearMonth": "2021/06",
            "USDRatePerDollar": 110.86047182758624,
            "MMKRatePerYen": 14.901313241379306,
            "DayTime": "03 00:00",
            "USDRatePerDollarTotal": 3214.953683000001,
            "MMKRatePerYenTotal": 432.1380839999999,
            "Count": 29
        },
        "04": {
            "YearMonth": "2021/06",
            "USDRatePerDollar": 111.35129422857136,
            "MMKRatePerYen": 14.845512885714278,
            "DayTime": "04 00:00",
            "USDRatePerDollarTotal": 3897.2952979999977,
            "MMKRatePerYenTotal": 519.5929509999997,
            "Count": 35
        },
        "05": {
            "YearMonth": "2021/06",
            "USDRatePerDollar": 110.91452407142853,
            "MMKRatePerYen": 14.878281571428573,
            "DayTime": "05 00:00",
            "USDRatePerDollarTotal": 3105.6066739999987,
            "MMKRatePerYenTotal": 416.59188400000005,
            "Count": 28
        },
        "06": {
            "YearMonth": "2021/06",
            "USDRatePerDollar": 110.74189215999996,
            "MMKRatePerYen": 14.917732,
            "DayTime": "06 00:00",
            "USDRatePerDollarTotal": 2768.5473039999993,
            "MMKRatePerYenTotal": 372.9433,
            "Count": 25
        },
        "07": {
            "YearMonth": "2021/06",
            "USDRatePerDollar": 110.7577678823529,
            "MMKRatePerYen": 14.915489529411763,
            "DayTime": "07 00:00",
            "USDRatePerDollarTotal": 3765.7641079999985,
            "MMKRatePerYenTotal": 507.12664399999994,
            "Count": 34
        }
    }
}