{
    "Items": {
        "10": {
            "YearMonth": "2021/08",
            "USDRatePerDollar": 111.54530583333332,
            "MMKRatePerYen": 14.796027249999996,
            "DayTime": "10 00:00",
            "USDRatePerDollarTotal": 4015.6310099999996,
            "MMKRatePerYenTotal": 532.6569809999999,
            "Count": 36
        },
        "11": {
            "YearMonth": "2021/08",
            "USDRatePerDollar": 111.78775737142857,
            "MMKRatePerYen": 14.793554542857136,
            "DayTime": "11 00:00",
            "USDRatePerDollarTotal": 3912.571508,
            "MMKRatePerYenTotal": 517.7744089999998,
            "Count": 35
        },
        "01": {
            "YearMonth": "2021/08",
            "USDRatePerDollar": 110.95078276923074,
            "MMKRatePerYen": 14.881047000000006,
            "DayTime": "01 00:00",
            "USDRatePerDollarTotal": 2884.7203519999994,
            "MMKRatePerYenTotal": 386.90722200000016,
            "Count": 26
        },
        "02": {
            "YearMonth": "2021/08",
            "USDRatePerDollar": 110.93316683870961,
            "MMKRatePerYen": 14.908447000000002,
            "DayTime": "02 00:00",
            "USDRatePerDollarTotal": 3438.928171999998,
            "MMKRatePerYenTotal": 462.16185700000005,
            "Count": 31
        },
        "03": {
            "YearMonth": "2021/08",
            "USDRatePerDollar": 110.60625329411762,
            "MMKRatePerYen": 14.946425823529408,
            "DayTime": "03 00:00",
            "USDRatePerDollarTotal": 3760.612611999999,
            "MMKRatePerYenTotal": 508.17847799999987,
            "Count": 34
        },
        "04": {
            "YearMonth": "2021/08",
            "USDRatePerDollar": 110.33272396874997,
            "MMKRatePerYen": 14.926893437499988,
            "DayTime": "04 00:00",
            "USDRatePerDollarTotal": 3530.647166999999,
            "MMKRatePerYenTotal": 477.6605899999996,
            "Count": 32
        },
        "05": {
            "YearMonth": "2021/08",
            "USDRatePerDollar": 110.80856719999994,
            "MMKRatePerYen": 14.901005274999989,
            "DayTime": "05 00:00",
            "USDRatePerDollarTotal": 4432.342687999998,
            "MMKRatePerYenTotal": 596.0402109999995,
            "Count": 40
        },
        "06": {
            "YearMonth": "2021/08",
            "USDRatePerDollar": 110.97839400000005,
            "MMKRatePerYen": 14.874685903225801,
            "DayTime": "06 00:00",
            "USDRatePerDollarTotal": 3440.3302140000014,
            "MMKRatePerYenTotal": 461.11526299999986,
            "Count": 31
        },
        "07": {
            "YearMonth": "2021/08",
            "USDRatePerDollar": 111.4042948571429,
            "MMKRatePerYen": 14.809608964285717,
            "DayTime": "07 00:00",
            "USDRatePerDollarTotal": 3119.3202560000013,
            "MMKRatePerYenTotal": 414.6690510000001,
            "Count": 28
        },
        "08": {
            "YearMonth": "2021/08",
            "USDRatePerDollar": 111.5067395555556,
            "MMKRatePerYen": 14.773120000000004,
            "DayTime": "08 00:00",
            "USDRatePerDollarTotal": 3010.6819680000012,
            "MMKRatePerYenTotal": 398.8742400000001,
            "Count": 27
        },
        "09": {
            "YearMonth": "2021/08",
            "USDRatePerDollar": 111.48642319999998,
            "MMKRatePerYen": 14.773120000000004,
            "DayTime": "09 00:00",
            "USDRatePerDollarTotal": 3344.5926959999993,
            "MMKRatePerYenTotal": 443.1936000000001,
            "Count": 30
        }
    }
}