{
    "Items": {
        "01": {
            "YearMonth": "2021/08",
            "USDRatePerDollar": 110.95078276923074,
            "MMKRatePerYen": 14.881047000000006,
            "DayTime": "01 00:00",
            "USDRatePerDollarTotal": 2884.7203519999994,
            "MMKRatePerYenTotal": 386.90722200000016,
            "Count": 26
        },
        "02": {
            "YearMonth": "2021/08",
            "USDRatePerDollar": 110.93316683870961,
            "MMKRatePerYen": 14.908447000000002,
            "DayTime": "02 00:00",
            "USDRatePerDollarTotal": 3438.928171999998,
            "MMKRatePerYenTotal": 462.16185700000005,
            "Count": 31
        },
        "03": {
            "YearMonth": "2021/08",
            "USDRatePerDollar": 110.60625329411762,
            "MMKRatePerYen": 14.946425823529408,
            "DayTime": "03 00:00",
            "USDRatePerDollarTotal": 3760.612611999999,
            "MMKRatePerYenTotal": 508.17847799999987,
            "Count": 34
        },
        "04": {
            "YearMonth": "2021/08",
            "USDRatePerDollar": 110.33272396874997,
            "MMKRatePerYen": 14.926893437499988,
            "DayTime": "04 00:00",
            "USDRatePerDollarTotal": 3530.647166999999,
            "MMKRatePerYenTotal": 477.6605899999996,
            "Count": 32
        }
    }
}