{
    "Items": {
        "01": {
            "YearMonth": "2021/08",
            "USDRatePerDollar": 110.95078276923074,
            "MMKRatePerYen": 14.881047000000006,
            "DayTime": "01 00:00",
            "USDRatePerDollarTotal": 2884.7203519999994,
            "MMKRatePerYenTotal": 386.90722200000016,
            "Count": 26
        },
        "02": {
            "YearMonth": "2021/08",
            "USDRatePerDollar": 110.93316683870961,
            "MMKRatePerYen": 14.908447000000002,
            "DayTime": "02 00:00",
            "USDRatePerDollarTotal": 3438.928171999998,
            "MMKRatePerYenTotal": 462.16185700000005,
            "Count": 31
        }
    }
}