{
    "Items": {
        "01": {
            "YearMonth": "2021/09",
            "USDRatePerDollar": 111.28530605128202,
            "MMKRatePerYen": 15.109717794871798,
            "DayTime": "01 00:00",
            "USDRatePerDollarTotal": 4340.126935999999,
            "MMKRatePerYenTotal": 589.2789940000001,
            "Count": 39
        }
    }
}