{
    "Items": {
        "01": {
            "YearMonth": "2021/11",
            "USDRatePerDollar": 115.38484262162169,
            "MMKRatePerYen": 15.444049999999999,
            "DayTime": "01 00:00",
            "USDRatePerDollarTotal": 4269.239177000002,
            "MMKRatePerYenTotal": 571.42985,
            "Count": 37
        },
        "02": {
            "YearMonth": "2021/11",
            "USDRatePerDollar": 115.27013826315785,
            "MMKRatePerYen": 15.478227473684207,
            "DayTime": "02 00:00",
            "USDRatePerDollarTotal": 4380.265253999998,
            "MMKRatePerYenTotal": 588.1726439999999,
            "Count": 38
        },
        "03": {
            "YearMonth": "2021/11",
            "USDRatePerDollar": 115.15305919999997,
            "MMKRatePerYen": 15.543961000000003,
            "DayTime": "03 00:00",
            "USDRatePerDollarTotal": 3454.5917759999993,
            "MMKRatePerYenTotal": 466.3188300000001,
            "Count": 30
        },
        "04": {
            "YearMonth": "2021/11",
            "USDRatePerDollar": 115.33505793750001,
            "MMKRatePerYen": 15.598170312499999,
            "DayTime": "04 00:00",
            "USDRatePerDollarTotal": 3690.7218540000003,
            "MMKRatePerYenTotal": 499.14144999999996,
            "Count": 32
        }
    }
}