{
    "Items": {
        "01": {
            "YearMonth": "2021/06",
            "USDRatePerDollar": 110.77197137499992,
            "MMKRatePerYen": 14.646270718749992,
            "DayTime": "01 00:00",
            "USDRatePerDollarTotal": 3544.7030839999975,
            "MMKRatePerYenTotal": 468.68066299999975,
            "Count": 32
        },
        "02": {
            "YearMonth": "2021/06",
            "USDRatePerDollar": 110.77580512500006,
            "MMKRatePerYen": 14.915613062499997,
            "DayTime": "02 00:00",
            "USDRatePerDollarTotal": 3544.825764000002,
            "MMKRatePerYenTotal": 477.2996179999999,
            "Count": 32
        },
        "03": {
            "YearMonth": "2021/06",
            "USDRatePerDollar": 110.86047182758624,
            "MMKRatePerYen": 14.901313241379306,
            "DayTime": "03 00:00",
            "USDRatePerDollarTotal": 3214.953683000001,
            "MMKRatePerYenTotal": 432.1380839999999,
            "Count": 29
        }
    }
}