{
    "Items": {
        "10": {
            "YearMonth": "2021/12",
            "USDRatePerDollar": 114.80580708571435,
            "MMKRatePerYen": 15.648768285714297,
            "DayTime": "10 00:00",
            "USDRatePerDollarTotal": 4018.203248000002,
            "MMKRatePerYenTotal": 547.7068900000004,
            "Count": 35
        },
        "11": {
            "YearMonth": "2021/12",
            "USDRatePerDollar": 114.70103535714293,
            "MMKRatePerYen": 15.654735428571431,
            "DayTime": "11 00:00",
            "USDRatePerDollarTotal": 3211.628990000002,
            "MMKRatePerYenTotal": 438.3325920000001,
            "Count": 28
        },
        "12": {
            "YearMonth": "2021/12",
            "USDRatePerDollar": 114.65223028571437,
            "MMKRatePerYen": 15.654201857142866,
            "DayTime": "12 00:00",
            "USDRatePerDollarTotal": 3210.262448000002,
            "MMKRatePerYenTotal": 438.31765200000024,
            "Count": 28
        },
        "13": {
            "YearMonth": "2021/12",
            "USDRatePerDollar": 114.70696029729737,
            "MMKRatePerYen": 15.63807194594595,
            "DayTime": "13 00:00",
            "USDRatePerDollarTotal": 4244.157531000003,
            "MMKRatePerYenTotal": 578.6086620000001,
            "Count": 37
        },
        "14": {
            "YearMonth": "2021/12",
            "USDRatePerDollar": 114.85775971428568,
            "MMKRatePerYen": 15.634427428571437,
            "DayTime": "14 00:00",
            "USDRatePerDollarTotal": 4020.021589999999,
            "MMKRatePerYenTotal": 547.2049600000003,
            "Count": 35
        },
        "15": {
            "YearMonth": "2021/12",
            "USDRatePerDollar": 114.99150311764708,
            "MMKRatePerYen": 15.630379999999995,
            "DayTime": "15 00:00",
            "USDRatePerDollarTotal": 3909.7111060000007,
            "MMKRatePerYenTotal": 531.4329199999999,
            "Count": 34
        },
        "16": {
            "YearMonth": "2021/12",
            "USDRatePerDollar": 115.27508151515153,
            "MMKRatePerYen": 15.588083393939383,
            "DayTime": "16 00:00",
            "USDRatePerDollarTotal": 3804.0776900000005,
            "MMKRatePerYenTotal": 514.4067519999996,
            "Count": 33
        },
        "17": {
            "YearMonth": "2021/12",
            "USDRatePerDollar": 115.0179291714286,
            "MMKRatePerYen": 15.577036228571423,
            "DayTime": "17 00:00",
            "USDRatePerDollarTotal": 4025.6275210000013,
            "MMKRatePerYenTotal": 545.1962679999998,
            "Count": 35
        },
        "01": {
            "YearMonth": "2021/12",
            "USDRatePerDollar": 114.66611236842108,
            "MMKRatePerYen": 15.740457763157888,
            "DayTime": "01 00:00",
            "USDRatePerDollarTotal": 4357.312270000001,
            "MMKRatePerYenTotal": 598.1373949999997,
            "Count": 38
        },
        "02": {
            "YearMonth": "2021/12",
            "USDRatePerDollar": 114.32744229411762,
            "MMKRatePerYen": 15.769582000000003,
            "DayTime": "02 00:00",
            "USDRatePerDollarTotal": 3887.133037999999,
            "MMKRatePerYenTotal": 536.1657880000001,
            "Count": 34
        },
        "03": {
            "YearMonth": "2021/12",
            "USDRatePerDollar": 114.42503813888892,
            "MMKRatePerYen": 15.741060055555558,
            "DayTime": "03 00:00",
            "USDRatePerDollarTotal": 4119.301373000001,
            "MMKRatePerYenTotal": 566.678162,
            "Count": 36
        },
        "04": {
            "YearMonth": "2021/12",
            "USDRatePerDollar": 114.18411359999998,
            "MMKRatePerYen": 15.750970066666671,
            "DayTime": "04 00:00",
            "USDRatePerDollarTotal": 3425.523407999999,
            "MMKRatePerYenTotal": 472.52910200000014,
            "Count": 30
        },
        "05": {
            "YearMonth": "2021/12",
            "USDRatePerDollar": 114.0901038965517,
            "MMKRatePerYen": 15.770102000000005,
            "DayTime": "05 00:00",
            "USDRatePerDollarTotal": 3308.6130129999992,
            "MMKRatePerYenTotal": 457.33295800000013,
            "Count": 29
        },
        "06": {
            "YearMonth": "2021/12",
            "USDRatePerDollar": 114.1572601333334,
            "MMKRatePerYen": 15.72533250000001,
            "DayTime": "06 00:00",
            "USDRatePerDollarTotal": 3424.7178040000017,
            "MMKRatePerYenTotal": 471.7599750000003,
            "Count": 30
        },
        "07": {
            "YearMonth": "2021/12",
            "USDRatePerDollar": 114.72365367567569,
            "MMKRatePerYen": 15.651797054054049,
            "DayTime": "07 00:00",
            "USDRatePerDollarTotal": 4244.775186000001,
            "MMKRatePerYenTotal": 579.1164909999998,
            "Count": 37
        },
        "08": {
            "YearMonth": "2021/12",
            "USDRatePerDollar": 114.84706390909088,
            "MMKRatePerYen": 15.64366457575757,
            "DayTime": "08 00:00",
            "USDRatePerDollarTotal": 3789.953108999999,
            "MMKRatePerYenTotal": 516.2409309999998,
            "Count": 33
        },
        "09": {
            "YearMonth": "2021/12",
            "USDRatePerDollar": 114.91628750000004,
            "MMKRatePerYen": 15.640271437500003,
            "DayTime": "09 00:00",
            "USDRatePerDollarTotal": 3677.321200000001,
            "MMKRatePerYenTotal": 500.4886860000001,
            "Count": 32
        }
    }
}