{
    "Items": {
        "10": {
            "YearMonth": "2021/09",
            "USDRatePerDollar": 111.10324352941171,
            "MMKRatePerYen": 15.486303882352946,
            "DayTime": "10 00:00",
            "USDRatePerDollarTotal": 3777.510279999998,
            "MMKRatePerYenTotal": 526.5343320000002,
            "Count": 34
        },
        "11": {
            "YearMonth": "2021/09",
            "USDRatePerDollar": 111.14555486206898,
            "MMKRatePerYen": 15.593459482758611,
            "DayTime": "11 00:00",
            "USDRatePerDollarTotal": 3223.2210910000003,
            "MMKRatePerYenTotal": 452.2103249999997,
            "Count": 29
        },
        "12": {
            "YearMonth": "2021/09",
            "USDRatePerDollar": 111.172652,
            "MMKRatePerYen": 15.65391399999999,
            "DayTime": "12 00:00",
            "USDRatePerDollarTotal": 2890.488952,
            "MMKRatePerYenTotal": 407.00176399999975,
            "Count": 26
        },
        "13": {
            "YearMonth": "2021/09",
            "USDRatePerDollar": 111.17208945454547,
            "MMKRatePerYen": 15.857471090909096,
            "DayTime": "13 00:00",
            "USDRatePerDollarTotal": 3668.6789520000007,
            "MMKRatePerYenTotal": 523.2965460000001,
            "Count": 33
        },
        "14": {
            "YearMonth": "2021/09",
            "USDRatePerDollar": 111.26172860000005,
            "MMKRatePerYen": 16.72824211428571,
            "DayTime": "14 00:00",
            "USDRatePerDollarTotal": 3894.160501000002,
            "MMKRatePerYenTotal": 585.4884739999999,
            "Count": 35
        },
        "15": {
            "YearMonth": "2021/09",
            "USDRatePerDollar": 110.96006408108116,
            "MMKRatePerYen": 17.04033308108108,
            "DayTime": "15 00:00",
            "USDRatePerDollarTotal": 4105.522371000003,
            "MMKRatePerYenTotal": 630.4923239999999,
            "Count": 37
        },
        "16": {
            "YearMonth": "2021/09",
            "USDRatePerDollar": 110.60724916666673,
            "MMKRatePerYen": 17.092802738095223,
            "DayTime": "16 00:00",
            "USDRatePerDollarTotal": 4645.504465000003,
            "MMKRatePerYenTotal": 717.8977149999994,
            "Count": 42
        },
        "17": {
            "YearMonth": "2021/09",
            "USDRatePerDollar": 110.92268108108112,
            "MMKRatePerYen": 16.906086243243255,
            "DayTime": "17 00:00",
            "USDRatePerDollarTotal": 4104.139200000001,
            "MMKRatePerYenTotal": 625.5251910000004,
            "Count": 37
        },
        "18": {
            "YearMonth": "2021/09",
            "USDRatePerDollar": 111.183552962963,
            "MMKRatePerYen": 16.895662259259264,
            "DayTime": "18 00:00",
            "USDRatePerDollarTotal": 3001.955930000001,
            "MMKRatePerYenTotal": 456.1828810000002,
            "Count": 27
        },
        "19": {
            "YearMonth": "2021/09",
            "USDRatePerDollar": 111.22216018518523,
            "MMKRatePerYen": 16.910363000000004,
            "DayTime": "19 00:00",
            "USDRatePerDollarTotal": 3002.9983250000014,
            "MMKRatePerYenTotal": 456.57980100000015,
            "Count": 27
        },
        "20": {
            "YearMonth": "2021/09",
            "USDRatePerDollar": 111.21191080645164,
            "MMKRatePerYen": 16.910363000000004,
            "DayTime": "20 00:00",
            "USDRatePerDollarTotal": 3447.569235000001,
            "MMKRatePerYenTotal": 524.2212530000002,
            "Count": 31
        },
        "21": {
            "YearMonth": "2021/09",
            "USDRatePerDollar": 110.81815294444448,
            "MMKRatePerYen": 17.031775611111115,
            "DayTime": "21 00:00",
            "USDRatePerDollarTotal": 3989.453506000001,
            "MMKRatePerYenTotal": 613.1439220000002,
            "Count": 36
        },
        "22": {
            "YearMonth": "2021/09",
            "USDRatePerDollar": 110.61938049999999,
            "MMKRatePerYen": 17.190157725,
            "DayTime": "22 00:00",
            "USDRatePerDollarTotal": 4424.7752199999995,
            "MMKRatePerYenTotal": 687.606309,
            "Count": 40
        },
        "23": {
            "YearMonth": "2021/09",
            "USDRatePerDollar": 110.98541419999995,
            "MMKRatePerYen": 17.185844725000003,
            "DayTime": "23 00:00",
            "USDRatePerDollarTotal": 4439.416567999998,
            "MMKRatePerYenTotal": 687.4337890000002,
            "Count": 40
        },
        "24": {
            "YearMonth": "2021/09",
            "USDRatePerDollar": 111.50477286111112,
            "MMKRatePerYen": 17.217963888888885,
            "DayTime": "24 00:00",
            "USDRatePerDollarTotal": 4014.1718230000006,
            "MMKRatePerYenTotal": 619.8466999999998,
            "Count": 36
        },
        "25": {
            "YearMonth": "2021/09",
            "USDRatePerDollar": 111.90587996666666,
            "MMKRatePerYen": 17.22299300000001,
            "DayTime": "25 00:00",
            "USDRatePerDollarTotal": 3357.176399,
            "MMKRatePerYenTotal": 516.6897900000002,
            "Count": 30
        },
        "26": {
            "YearMonth": "2021/09",
            "USDRatePerDollar": 111.98186662068966,
            "MMKRatePerYen": 17.211717000000007,
            "DayTime": "26 00:00",
            "USDRatePerDollarTotal": 3247.4741320000003,
            "MMKRatePerYenTotal": 499.1397930000002,
            "Count": 29
        },
        "27": {
            "YearMonth": "2021/09",
            "USDRatePerDollar": 111.90004954054062,
            "MMKRatePerYen": 17.202966945945946,
            "DayTime": "27 00:00",
            "USDRatePerDollarTotal": 4140.301833000003,
            "MMKRatePerYenTotal": 636.509777,
            "Count": 37
        },
        "28": {
            "YearMonth": "2021/09",
            "USDRatePerDollar": 112.27925361111119,
            "MMKRatePerYen": 17.145124055555552,
            "DayTime": "28 00:00",
            "USDRatePerDollarTotal": 4042.0531300000025,
            "MMKRatePerYenTotal": 617.2244659999999,
            "Count": 36
        },
        "29": {
            "YearMonth": "2021/09",
            "USDRatePerDollar": 112.6985035609756,
            "MMKRatePerYen": 17.24126948780487,
            "DayTime": "29 00:00",
            "USDRatePerDollarTotal": 4620.638645999999,
            "MMKRatePerYenTotal": 706.8920489999997,
            "Count": 41
        },
        "30": {
            "YearMonth": "2021/09",
            "USDRatePerDollar": 113.09231592500001,
            "MMKRatePerYen": 17.38918062500001,
            "DayTime": "30 00:00",
            "USDRatePerDollarTotal": 4523.692637,
            "MMKRatePerYenTotal": 695.5672250000003,
            "Count": 40
        },
        "01": {
            "YearMonth": "2021/09",
            "USDRatePerDollar": 111.28530605128202,
            "MMKRatePerYen": 15.109717794871798,
            "DayTime": "01 00:00",
            "USDRatePerDollarTotal": 4340.126935999999,
            "MMKRatePerYenTotal": 589.2789940000001,
            "Count": 39
        },
        "02": {
            "YearMonth": "2021/09",
            "USDRatePerDollar": 111.28155311764709,
            "MMKRatePerYen": 15.176916411764697,
            "DayTime": "02 00:00",
            "USDRatePerDollarTotal": 3783.572806000001,
            "MMKRatePerYenTotal": 516.0151579999997,
            "Count": 34
        },
        "03": {
            "YearMonth": "2021/09",
            "USDRatePerDollar": 111.22013877777785,
            "MMKRatePerYen": 15.2499631111111,
            "DayTime": "03 00:00",
            "USDRatePerDollarTotal": 4003.9249960000025,
            "MMKRatePerYenTotal": 548.9986719999996,
            "Count": 36
        },
        "04": {
            "YearMonth": "2021/09",