{
    "Items": {
        "10": {
            "YearMonth": "2021/11",
            "USDRatePerDollar": 114.14670908108106,
            "MMKRatePerYen": 15.856274243243245,
            "DayTime": "10 00:00",
            "USDRatePerDollarTotal": 4223.428235999999,
            "MMKRatePerYenTotal": 586.6821470000001,
            "Count": 37
        },
        "11": {
            "YearMonth": "2021/11",
            "USDRatePerDollar": 114.9996171,
            "MMKRatePerYen": 15.5067429,
            "DayTime": "11 00:00",
            "USDRatePerDollarTotal": 4599.984684,
            "MMKRatePerYenTotal": 620.269716,
            "Count": 40
        },
        "12": {
            "YearMonth": "2021/11",
            "USDRatePerDollar": 115.40925563888885,
            "MMKRatePerYen": 15.487503944444455,
            "DayTime": "12 00:00",
            "USDRatePerDollarTotal": 4154.733202999999,
            "MMKRatePerYenTotal": 557.5501420000004,
            "Count": 36
        },
        "01": {
            "YearMonth": "2021/11",
            "USDRatePerDollar": 115.38484262162169,
            "MMKRatePerYen": 15.444049999999999,
            "DayTime": "01 00:00",
            "USDRatePerDollarTotal": 4269.239177000002,
            "MMKRatePerYenTotal": 571.42985,
            "Count": 37
        },
        "02": {
            "YearMonth": "2021/11",
            "USDRatePerDollar": 115.27013826315785,
            "MMKRatePerYen": 15.478227473684207,
            "DayTime": "02 00:00",
            "USDRatePerDollarTotal": 4380.265253999998,
            "MMKRatePerYenTotal": 588.1726439999999,
            "Count": 38
        },
        "03": {
            "YearMonth": "2021/11",
            "USDRatePerDollar": 115.15305919999997,
            "MMKRatePerYen": 15.543961000000003,
            "DayTime": "03 00:00",
            "USDRatePerDollarTotal": 3454.5917759999993,
            "MMKRatePerYenTotal": 466.3188300000001,
            "Count": 30
        },
        "04": {
            "YearMonth": "2021/11",
            "USDRatePerDollar": 115.33505793750001,
            "MMKRatePerYen": 15.598170312499999,
            "DayTime": "04 00:00",
            "USDRatePerDollarTotal": 3690.7218540000003,
            "MMKRatePerYenTotal": 499.14144999999996,
            "Count": 32
        },
        "05": {
            "YearMonth": "2021/11",
            "USDRatePerDollar": 115.12258197142856,
            "MMKRatePerYen": 15.649375714285718,
            "DayTime": "05 00:00",
            "USDRatePerDollarTotal": 4029.2903689999994,
            "MMKRatePerYenTotal": 547.7281500000001,
            "Count": 35
        },
        "06": {
            "YearMonth": "2021/11",
            "USDRatePerDollar": 114.76550806666667,
            "MMKRatePerYen": 15.74650476666667,
            "DayTime": "06 00:00",
            "USDRatePerDollarTotal": 3442.965242,
            "MMKRatePerYenTotal": 472.3951430000001,
            "Count": 30
        },
        "07": {
            "YearMonth": "2021/11",
            "USDRatePerDollar": 114.69169737931037,
            "MMKRatePerYen": 15.785433000000008,
            "DayTime": "07 00:00",
            "USDRatePerDollarTotal": 3326.0592240000005,
            "MMKRatePerYenTotal": 457.77755700000023,
            "Count": 29
        },
        "08": {
            "YearMonth": "2021/11",
            "USDRatePerDollar": 114.7598446,
            "MMKRatePerYen": 15.794210000000016,
            "DayTime": "08 00:00",
            "USDRatePerDollarTotal": 4590.393784,
            "MMKRatePerYenTotal": 631.7684000000006,
            "Count": 40
        },
        "09": {
            "YearMonth": "2021/11",
            "USDRatePerDollar": 114.45361503225804,
            "MMKRatePerYen": 15.913613258064522,
            "DayTime": "09 00:00",
            "USDRatePerDollarTotal": 3548.0620659999995,
            "MMKRatePerYenTotal": 493.3220110000002,
            "Count": 31
        }
    }
}