{
    "Items": {
        "10": {
            "YearMonth": "2021/05",
            "USDRatePerDollar": 109.97103463157892,
            "MMKRatePerYen": 13.934291052631588,
            "DayTime": "10 00:00",
            "USDRatePerDollarTotal": 4178.899315999999,
            "MMKRatePerYenTotal": 529.5030600000003,
            "Count": 38
        },
        "11": {
            "YearMonth": "2021/05",
            "USDRatePerDollar": 110.10858305882347,
            "MMKRatePerYen": 14.061023058823523,
            "DayTime": "11 00:00",
            "USDRatePerDollarTotal": 3743.691823999998,
            "MMKRatePerYenTotal": 478.07478399999974,
            "Count": 34
        },
        "12": {
            "YearMonth": "2021/05",
            "USDRatePerDollar": 109.99817275000004,
            "MMKRatePerYen": 14.343944437500006,
            "DayTime": "12 00:00",
            "USDRatePerDollarTotal": 3519.941528000001,
            "MMKRatePerYenTotal": 459.0062220000002,
            "Count": 32
        },
        "13": {
            "YearMonth": "2021/05",
            "USDRatePerDollar": 110.71107943750003,
            "MMKRatePerYen": 14.600475218750002,
            "DayTime": "13 00:00",
            "USDRatePerDollarTotal": 3542.754542000001,
            "MMKRatePerYenTotal": 467.2152070000001,
            "Count": 32
        },
        "14": {
            "YearMonth": "2021/05",
            "USDRatePerDollar": 110.7948175757576,
            "MMKRatePerYen": 14.776350303030313,
            "DayTime": "14 00:00",
            "USDRatePerDollarTotal": 3656.228980000001,
            "MMKRatePerYenTotal": 487.6195600000003,
            "Count": 33
        },
        "15": {
            "YearMonth": "2021/05",
            "USDRatePerDollar": 110.64277620000003,
            "MMKRatePerYen": 14.835979999999989,
            "DayTime": "15 00:00",
            "USDRatePerDollarTotal": 3319.2832860000008,
            "MMKRatePerYenTotal": 445.0793999999997,
            "Count": 30
        },
        "16": {
            "YearMonth": "2021/05",
            "USDRatePerDollar": 110.59444533333335,
            "MMKRatePerYen": 14.841777999999993,
            "DayTime": "16 00:00",
            "USDRatePerDollarTotal": 2986.0500240000006,
            "MMKRatePerYenTotal": 400.7280059999998,
            "Count": 27
        },
        "17": {
            "YearMonth": "2021/05",
            "USDRatePerDollar": 110.57587142105264,
            "MMKRatePerYen": 14.975114421052629,
            "DayTime": "17 00:00",
            "USDRatePerDollarTotal": 2100.941557,
            "MMKRatePerYenTotal": 284.52717399999995,
            "Count": 19
        },
        "18": {
            "YearMonth": "2021/05",
            "USDRatePerDollar": 110.45724483870971,
            "MMKRatePerYen": 14.940303064516119,
            "DayTime": "18 00:00",
            "USDRatePerDollarTotal": 3424.174590000001,
            "MMKRatePerYenTotal": 463.1493949999997,
            "Count": 31
        },
        "19": {
            "YearMonth": "2021/05",
            "USDRatePerDollar": 110.20905185294116,
            "MMKRatePerYen": 14.90068614705883,
            "DayTime": "19 00:00",
            "USDRatePerDollarTotal": 3747.1077629999995,
            "MMKRatePerYenTotal": 506.6233290000002,
            "Count": 34
        },
        "01": {
            "YearMonth": "2021/05",
            "USDRatePerDollar": 110.52141270000004,
            "MMKRatePerYen": 13.724138800000002,
            "DayTime": "01 00:00",
            "USDRatePerDollarTotal": 2210.428254000001,
            "MMKRatePerYenTotal": 274.48277600000006,
            "Count": 20
        },
        "02": {
            "YearMonth": "2021/05",
            "USDRatePerDollar": 110.52138500000005,
            "MMKRatePerYen": 13.722281000000006,
            "DayTime": "02 00:00",
            "USDRatePerDollarTotal": 3315.6415500000016,
            "MMKRatePerYenTotal": 411.66843000000017,
            "Count": 30
        },
        "03": {
            "YearMonth": "2021/05",
            "USDRatePerDollar": 110.63130207142854,
            "MMKRatePerYen": 13.722281000000006,
            "DayTime": "03 00:00",
            "USDRatePerDollarTotal": 3097.676457999999,
            "MMKRatePerYenTotal": 384.22386800000015,
            "Count": 28
        },
        "04": {
            "YearMonth": "2021/05",
            "USDRatePerDollar": 110.47888221212118,
            "MMKRatePerYen": 13.758524878787876,
            "DayTime": "04 00:00",
            "USDRatePerDollarTotal": 3645.803112999999,
            "MMKRatePerYenTotal": 454.0313209999999,
            "Count": 33
        },
        "05": {
            "YearMonth": "2021/05",
            "USDRatePerDollar": 110.51915547222217,
            "MMKRatePerYen": 13.792937388888886,
            "DayTime": "05 00:00",
            "USDRatePerDollarTotal": 3978.689596999998,
            "MMKRatePerYenTotal": 496.5457459999999,
            "Count": 36
        },
        "06": {
            "YearMonth": "2021/05",
            "USDRatePerDollar": 110.52425102777782,
            "MMKRatePerYen": 13.823178055555555,
            "DayTime": "06 00:00",
            "USDRatePerDollarTotal": 3978.8730370000017,
            "MMKRatePerYenTotal": 497.63441,
            "Count": 36
        },
        "07": {
            "YearMonth": "2021/05",
            "USDRatePerDollar": 110.37012689743594,
            "MMKRatePerYen": 13.873630461538465,
            "DayTime": "07 00:00",
            "USDRatePerDollarTotal": 4304.434949000001,
            "MMKRatePerYenTotal": 541.0715880000001,
            "Count": 39
        },
        "08": {
            "YearMonth": "2021/05",
            "USDRatePerDollar": 109.98148162962968,
            "MMKRatePerYen": 13.919812888888886,
            "DayTime": "08 00:00",
            "USDRatePerDollarTotal": 2969.5000040000014,
            "MMKRatePerYenTotal": 375.83494799999994,
            "Count": 27
        },
        "09": {
            "YearMonth": "2021/05",
            "USDRatePerDollar": 109.84162400000004,
            "MMKRatePerYen": 13.944480999999998,
            "DayTime": "09 00:00",
            "USDRatePerDollarTotal": 2965.723848000001,
            "MMKRatePerYenTotal": 376.50098699999995,
            "Count": 27
        }
    }
}