{
    "Items": {
        "01": {
            "YearMonth": "2021/09",
            "USDRatePerDollar": 111.28530605128202,
            "MMKRatePerYen": 15.109717794871798,
            "DayTime": "01 00:00",
            "USDRatePerDollarTotal": 4340.126935999999,
            "MMKRatePerYenTotal": 589.2789940000001,
            "Count": 39
        },
        "02": {
            "YearMonth": "2021/09",
            "USDRatePerDollar": 111.28155311764709,
            "MMKRatePerYen": 15.176916411764697,
            "DayTime": "02 00:00",
            "USDRatePerDollarTotal": 3783.572806000001,
            "MMKRatePerYenTotal": 516.0151579999997,
            "Count": 34
        },
        "03": {
            "YearMonth": "2021/09",
            "USDRatePerDollar": 111.22013877777785,
            "MMKRatePerYen": 15.2499631111111,
            "DayTime": "03 00:00",
            "USDRatePerDollarTotal": 4003.9249960000025,
            "MMKRatePerYenTotal": 548.9986719999996,
            "Count": 36
        },
        "04": {
            "YearMonth": "2021/09",
            "USDRatePerDollar": 111.04930313793103,
            "MMKRatePerYen": 15.331878206896546,
            "DayTime": "04 00:00",
            "USDRatePerDollarTotal": 3220.429791,
            "MMKRatePerYenTotal": 444.6244679999998,
            "Count": 29
        },
        "05": {
            "YearMonth": "2021/09",
            "USDRatePerDollar": 110.98725368965518,
            "MMKRatePerYen": 15.363480999999995,
            "DayTime": "05 00:00",
            "USDRatePerDollarTotal": 3218.630357,
            "MMKRatePerYenTotal": 445.54094899999984,
            "Count": 29
        },
        "06": {
            "YearMonth": "2021/09",
            "USDRatePerDollar": 111.00695431428565,
            "MMKRatePerYen": 15.370146000000005,
            "DayTime": "06 00:00",
            "USDRatePerDollarTotal": 3885.243400999998,
            "MMKRatePerYenTotal": 537.9551100000002,
            "Count": 35
        },
        "07": {
            "YearMonth": "2021/09",
            "USDRatePerDollar": 111.0516741666666,
            "MMKRatePerYen": 15.37853491666667,
            "DayTime": "07 00:00",
            "USDRatePerDollarTotal": 3997.860269999998,
            "MMKRatePerYenTotal": 553.6272570000001,
            "Count": 36
        },
        "08": {
            "YearMonth": "2021/09",
            "USDRatePerDollar": 111.43053233333336,
            "MMKRatePerYen": 15.37672338888889,
            "DayTime": "08 00:00",
            "USDRatePerDollarTotal": 4011.4991640000007,
            "MMKRatePerYenTotal": 553.562042,
            "Count": 36
        }
    }
}