{
    "Items": {
        "01": {
            "YearMonth": "2021/07",
            "USDRatePerDollar": 112.22595151351355,
            "MMKRatePerYen": 14.44817983783783,
            "DayTime": "01 00:00",
            "USDRatePerDollarTotal": 4152.360206000001,
            "MMKRatePerYenTotal": 534.5826539999997,
            "Count": 37
        }
    }
}