{
    "Items": {
        "01": {
            "YearMonth": "2021/07",
            "USDRatePerDollar": 112.22595151351355,
            "MMKRatePerYen": 14.44817983783783,
            "DayTime": "01 00:00",
            "USDRatePerDollarTotal": 4152.360206000001,
            "MMKRatePerYenTotal": 534.5826539999997,
            "Count": 37
        },
        "02": {
            "YearMonth": "2021/07",
            "USDRatePerDollar": 112.73176602777772,
            "MMKRatePerYen": 14.415710166666663,
            "DayTime": "02 00:00",
            "USDRatePerDollarTotal": 4058.3435769999983,
            "MMKRatePerYenTotal": 518.9655659999999,
            "Count": 36
        },
        "03": {
            "YearMonth": "2021/07",
            "USDRatePerDollar": 112.46538981481474,
            "MMKRatePerYen": 14.44229025925926,
            "DayTime": "03 00:00",
            "USDRatePerDollarTotal": 3036.565524999998,
            "MMKRatePerYenTotal": 389.941837,
            "Count": 27
        }
    }
}