{
    "Items": {
        "01": {
            "YearMonth": "2021/06",
            "USDRatePerDollar": 110.77197137499992,
            "MMKRatePerYen": 14.646270718749992,
            "DayTime": "01 00:00",
            "USDRatePerDollarTotal": 3544.7030839999975,
            "MMKRatePerYenTotal": 468.68066299999975,
            "Count": 32
        }
    }
}