{
    "Items": {
        "01": {
            "YearMonth": "2021/12",
            "USDRatePerDollar": 114.66611236842108,
            "MMKRatePerYen": 15.740457763157888,
            "DayTime": "01 00:00",
            "USDRatePerDollarTotal": 4357.312270000001,
            "MMKRatePerYenTotal": 598.1373949999997,
            "Count": 38
        },
        "02": {
            "YearMonth": "2021/12",
            "USDRatePerDollar": 114.32744229411762,
            "MMKRatePerYen": 15.769582000000003,
            "DayTime": "02 00:00",
            "USDRatePerDollarTotal": 3887.133037999999,
            "MMKRatePerYenTotal": 536.1657880000001,
            "Count": 34
        }
    }
}