{
    "Items": {
        "10": {
            "YearMonth": "2022/08",
            "USDRatePerDollar": 136.53594184375004,
            "MMKRatePerYen": 15.459160375000003,
            "DayTime": "10 00:00",
            "USDRatePerDollarTotal": 4369.150139000001,
            "MMKRatePerYenTotal": 494.6931320000001,
            "Count": 32
        },
        "11": {
            "YearMonth": "2022/08",
            "USDRatePerDollar": 134.96237667741931,
            "MMKRatePerYen": 15.614217096774206,
            "DayTime": "11 00:00",
            "USDRatePerDollarTotal": 4183.833676999999,
            "MMKRatePerYenTotal": 484.0407300000004,
            "Count": 31
        },
        "12": {
            "YearMonth": "2022/08",
            "USDRatePerDollar": 134.64808611764704,
            "MMKRatePerYen": 15.696170294117648,
            "DayTime": "12 00:00",
            "USDRatePerDollarTotal": 4578.034927999999,
            "MMKRatePerYenTotal": 533.66979,
            "Count": 34
        },
        "13": {
            "YearMonth": "2022/08",
            "USDRatePerDollar": 134.9578206896551,
            "MMKRatePerYen": 15.659388793103455,
            "DayTime": "13 00:00",
            "USDRatePerDollarTotal": 3913.776799999998,
            "MMKRatePerYenTotal": 454.1222750000002,
            "Count": 29
        },
        "14": {
            "YearMonth": "2022/08",
            "USDRatePerDollar": 135.00659999999993,
            "MMKRatePerYen": 15.640036000000006,
            "DayTime": "14 00:00",
            "USDRatePerDollarTotal": 3645.1781999999985,
            "MMKRatePerYenTotal": 422.28097200000013,
            "Count": 27
        },
        "15": {
            "YearMonth": "2022/08",
            "USDRatePerDollar": 134.91989250000006,
            "MMKRatePerYen": 15.640036000000006,
            "DayTime": "15 00:00",
            "USDRatePerDollarTotal": 4857.116130000002,
            "MMKRatePerYenTotal": 563.0412960000002,
            "Count": 36
        },
        "16": {
            "YearMonth": "2022/08",
            "USDRatePerDollar": 134.7937828378378,
            "MMKRatePerYen": 15.657421135135138,
            "DayTime": "16 00:00",
            "USDRatePerDollarTotal": 4987.369964999999,
            "MMKRatePerYenTotal": 579.3245820000001,
            "Count": 37
        },
        "17": {
            "YearMonth": "2022/08",
            "USDRatePerDollar": 135.53374997297294,
            "MMKRatePerYen": 15.590907891891897,
            "DayTime": "17 00:00",
            "USDRatePerDollarTotal": 5014.7487489999985,
            "MMKRatePerYenTotal": 576.8635920000002,
            "Count": 37
        },
        "18": {
            "YearMonth": "2022/08",
            "USDRatePerDollar": 136.32068060606056,
            "MMKRatePerYen": 15.527445090909085,
            "DayTime": "18 00:00",
            "USDRatePerDollarTotal": 4498.582459999999,
            "MMKRatePerYenTotal": 512.4056879999998,
            "Count": 33
        },
        "19": {
            "YearMonth": "2022/08",
            "USDRatePerDollar": 137.34946031249996,
            "MMKRatePerYen": 15.424131250000006,
            "DayTime": "19 00:00",
            "USDRatePerDollarTotal": 4395.182729999999,
            "MMKRatePerYenTotal": 493.5722000000002,
            "Count": 32
        },
        "20": {
            "YearMonth": "2022/08",
            "USDRatePerDollar": 138.31251692857143,
            "MMKRatePerYen": 15.293378892857147,
            "DayTime": "20 00:00",
            "USDRatePerDollarTotal": 3872.750474,
            "MMKRatePerYenTotal": 428.2146090000001,
            "Count": 28
        },
        "21": {
            "YearMonth": "2022/08",
            "USDRatePerDollar": 138.48382615384614,
            "MMKRatePerYen": 15.241937000000005,
            "DayTime": "21 00:00",
            "USDRatePerDollarTotal": 3600.5794799999994,
            "MMKRatePerYenTotal": 396.29036200000013,
            "Count": 26
        },
        "22": {
            "YearMonth": "2022/08",
            "USDRatePerDollar": 138.63650441176463,
            "MMKRatePerYen": 15.241937000000004,
            "DayTime": "22 00:00",
            "USDRatePerDollarTotal": 4713.641149999998,
            "MMKRatePerYenTotal": 518.2258580000001,
            "Count": 34
        },
        "23": {
            "YearMonth": "2022/08",
            "USDRatePerDollar": 138.8682822564101,
            "MMKRatePerYen": 15.207477384615391,
            "DayTime": "23 00:00",
            "USDRatePerDollarTotal": 5415.863007999995,
            "MMKRatePerYenTotal": 593.0916180000003,
            "Count": 39
        },
        "24": {
            "YearMonth": "2022/08",
            "USDRatePerDollar": 138.40928180000003,
            "MMKRatePerYen": 15.244583485714296,
            "DayTime": "24 00:00",
            "USDRatePerDollarTotal": 4844.324863000001,
            "MMKRatePerYenTotal": 533.5604220000004,
            "Count": 35
        },
        "25": {
            "YearMonth": "2022/08",
            "USDRatePerDollar": 138.44286910810806,
            "MMKRatePerYen": 15.25657621621623,
            "DayTime": "25 00:00",
            "USDRatePerDollarTotal": 5122.386156999998,
            "MMKRatePerYenTotal": 564.4933200000005,
            "Count": 37
        },
        "01": {
            "YearMonth": "2022/08",
            "USDRatePerDollar": 134.44089853846157,
            "MMKRatePerYen": 13.812185,
            "DayTime": "01 00:00",
            "USDRatePerDollarTotal": 5243.1950430000015,
            "MMKRatePerYenTotal": 538.675215,
            "Count": 39
        },
        "02": {
            "YearMonth": "2022/08",
            "USDRatePerDollar": 133.01524651428574,
            "MMKRatePerYen": 13.984234285714274,
            "DayTime": "02 00:00",
            "USDRatePerDollarTotal": 4655.533628000001,
            "MMKRatePerYenTotal": 489.4481999999996,
            "Count": 35
        },
        "03": {
            "YearMonth": "2022/08",
            "USDRatePerDollar": 134.12942617142863,
            "MMKRatePerYen": 13.913478457142865,
            "DayTime": "03 00:00",
            "USDRatePerDollarTotal": 4694.529916000002,
            "MMKRatePerYenTotal": 486.9717460000003,
            "Count": 35
        },
        "04": {
            "YearMonth": "2022/08",
            "USDRatePerDollar": 135.16748388888888,
            "MMKRatePerYen": 13.786653527777787,
            "DayTime": "04 00:00",
            "USDRatePerDollarTotal": 4866.02942,
            "MMKRatePerYenTotal": 496.31952700000033,
            "Count": 36
        },
        "05": {
            "YearMonth": "2022/08",
            "USDRatePerDollar": 134.71564069444446,
            "MMKRatePerYen": 13.821444333333345,
            "DayTime": "05 00:00",
            "USDRatePerDollarTotal": 4849.763065000001,
            "MMKRatePerYenTotal": 497.5719960000004,
            "Count": 36
        },
        "06": {
            "YearMonth": "2022/08",
            "USDRatePerDollar": 136.06032024137932,
            "MMKRatePerYen": 13.851373000000006,
            "DayTime": "06 00:00",
            "USDRatePerDollarTotal": 3945.7492870000005,
            "MMKRatePerYenTotal": 401.6898170000002,
            "Count": 29
        },
        "07": {
            "YearMonth": "2022/08",
            "USDRatePerDollar": 136.5174715925926,
            "MMKRatePerYen": 13.851373000000004,
            "DayTime": "07 00:00",
            "USDRatePerDollarTotal": 3685.9717330000003,
            "MMKRatePerYenTotal": 373.9870710000001,
            "Count": 27
        },
        "08": {
            "YearMonth": "2022/08",
            "USDRatePerDollar": 136.57535618918925,
            "MMKRatePerYen": 14.538527243243237,
            "DayTime": "08 00:00",
            "USDRatePerDollarTotal": 5053.288179000002,
            "MMKRatePerYenTotal": 537.9255079999998,
            "Count": 37
        },