{
    "Items": {
        "10": {
            "YearMonth": "2022/02",
            "USDRatePerDollar": 116.85461926315786,
            "MMKRatePerYen": 15.381093157894739,
            "DayTime": "10 00:00",
            "USDRatePerDollarTotal": 4440.475531999999,
            "MMKRatePerYenTotal": 584.4815400000001,
            "Count": 38
        },
        "11": {
            "YearMonth": "2022/02",
            "USDRatePerDollar": 117.25890036363637,
            "MMKRatePerYen": 15.356558787878782,
            "DayTime": "11 00:00",
            "USDRatePerDollarTotal": 3869.543712,
            "MMKRatePerYenTotal": 506.7664399999998,
            "Count": 33
        },
        "12": {
            "YearMonth": "2022/02",
            "USDRatePerDollar": 116.90073256666668,
            "MMKRatePerYen": 15.362028599999995,
            "DayTime": "12 00:00",
            "USDRatePerDollarTotal": 3507.0219770000003,
            "MMKRatePerYenTotal": 460.86085799999984,
            "Count": 30
        },
        "13": {
            "YearMonth": "2022/02",
            "USDRatePerDollar": 116.72590192307695,
            "MMKRatePerYen": 15.387930999999996,
            "DayTime": "13 00:00",
            "USDRatePerDollarTotal": 3034.8734500000005,
            "MMKRatePerYenTotal": 400.0862059999999,
            "Count": 26
        },
        "14": {
            "YearMonth": "2022/02",
            "USDRatePerDollar": 116.75626361111108,
            "MMKRatePerYen": 15.383673444444437,
            "DayTime": "14 00:00",
            "USDRatePerDollarTotal": 4203.225489999999,
            "MMKRatePerYenTotal": 553.8122439999997,
            "Count": 36
        },
        "15": {
            "YearMonth": "2022/02",
            "USDRatePerDollar": 116.74928323529409,
            "MMKRatePerYen": 15.382129529411777,
            "DayTime": "15 00:00",
            "USDRatePerDollarTotal": 3969.475629999999,
            "MMKRatePerYenTotal": 522.9924040000004,
            "Count": 34
        },
        "16": {
            "YearMonth": "2022/02",
            "USDRatePerDollar": 116.877150875,
            "MMKRatePerYen": 15.369601250000006,
            "DayTime": "16 00:00",
            "USDRatePerDollarTotal": 3740.068828,
            "MMKRatePerYenTotal": 491.8272400000002,
            "Count": 32
        },
        "17": {
            "YearMonth": "2022/02",
            "USDRatePerDollar": 116.74258782352939,
            "MMKRatePerYen": 15.376145617647055,
            "DayTime": "17 00:00",
            "USDRatePerDollarTotal": 3969.2479859999994,
            "MMKRatePerYenTotal": 522.7889509999999,
            "Count": 34
        },
        "18": {
            "YearMonth": "2022/02",
            "USDRatePerDollar": 116.42805768749996,
            "MMKRatePerYen": 15.413134375000006,
            "DayTime": "18 00:00",
            "USDRatePerDollarTotal": 3725.6978459999987,
            "MMKRatePerYenTotal": 493.2203000000002,
            "Count": 32
        },
        "19": {
            "YearMonth": "2022/02",
            "USDRatePerDollar": 116.3774929655172,
            "MMKRatePerYen": 15.431589206896549,
            "DayTime": "19 00:00",
            "USDRatePerDollarTotal": 3374.947295999999,
            "MMKRatePerYenTotal": 447.5160869999999,
            "Count": 29
        },
        "20": {
            "YearMonth": "2022/02",
            "USDRatePerDollar": 116.33272399999996,
            "MMKRatePerYen": 15.432710999999996,
            "DayTime": "20 00:00",
            "USDRatePerDollarTotal": 3257.3162719999987,
            "MMKRatePerYenTotal": 432.1159079999999,
            "Count": 28
        },
        "21": {
            "YearMonth": "2022/02",
            "USDRatePerDollar": 116.31350012500003,
            "MMKRatePerYen": 15.432710999999994,
            "DayTime": "21 00:00",
            "USDRatePerDollarTotal": 3722.032004000001,
            "MMKRatePerYenTotal": 493.8467519999998,
            "Count": 32
        },
        "22": {
            "YearMonth": "2022/02",
            "USDRatePerDollar": 116.03676511764701,
            "MMKRatePerYen": 15.440572411764705,
            "DayTime": "22 00:00",
            "USDRatePerDollarTotal": 3945.2500139999984,
            "MMKRatePerYenTotal": 524.979462,
            "Count": 34
        },
        "23": {
            "YearMonth": "2022/02",
            "USDRatePerDollar": 116.2509101212121,
            "MMKRatePerYen": 15.443237121212126,
            "DayTime": "23 00:00",
            "USDRatePerDollarTotal": 3836.2800339999994,
            "MMKRatePerYenTotal": 509.62682500000017,
            "Count": 33
        },
        "24": {
            "YearMonth": "2022/02",
            "USDRatePerDollar": 116.10853174999997,
            "MMKRatePerYen": 15.441783949999998,
            "DayTime": "24 00:00",
            "USDRatePerDollarTotal": 4644.341269999999,
            "MMKRatePerYenTotal": 617.6713579999999,
            "Count": 40
        },
        "25": {
            "YearMonth": "2022/02",
            "USDRatePerDollar": 116.45637680555554,
            "MMKRatePerYen": 15.39083702777778,
            "DayTime": "25 00:00",
            "USDRatePerDollarTotal": 4192.4295649999995,
            "MMKRatePerYenTotal": 554.070133,
            "Count": 36
        },
        "26": {
            "YearMonth": "2022/02",
            "USDRatePerDollar": 116.69013863636361,
            "MMKRatePerYen": 15.37121909090909,
            "DayTime": "26 00:00",
            "USDRatePerDollarTotal": 1283.5915249999998,
            "MMKRatePerYenTotal": 169.08341,
            "Count": 11
        },
        "27": {
            "YearMonth": "2022/02",
            "USDRatePerDollar": 116.87640454545453,
            "MMKRatePerYen": 15.383109999999999,
            "DayTime": "27 00:00",
            "USDRatePerDollarTotal": 1285.6404499999999,
            "MMKRatePerYenTotal": 169.21420999999998,
            "Count": 11
        },
        "28": {
            "YearMonth": "2022/02",
            "USDRatePerDollar": 116.85001732432428,
            "MMKRatePerYen": 15.383109999999991,
            "DayTime": "28 00:00",
            "USDRatePerDollarTotal": 4323.4506409999985,
            "MMKRatePerYenTotal": 569.1750699999997,
            "Count": 37
        },
        "01": {
            "YearMonth": "2022/02",
            "USDRatePerDollar": 116.45019856250005,
            "MMKRatePerYen": 15.402493124999989,
            "DayTime": "01 00:00",
            "USDRatePerDollarTotal": 3726.4063540000016,
            "MMKRatePerYenTotal": 492.87977999999964,
            "Count": 32
        },
        "02": {
            "YearMonth": "2022/02",
            "USDRatePerDollar": 116.06820972222226,
            "MMKRatePerYen": 15.44199791666667,
            "DayTime": "02 00:00",
            "USDRatePerDollarTotal": 4178.4555500000015,
            "MMKRatePerYenTotal": 555.9119250000001,
            "Count": 36
        },
        "03": {
            "YearMonth": "2022/02",
            "USDRatePerDollar": 115.81954512499992,
            "MMKRatePerYen": 15.490129374999992,
            "DayTime": "03 00:00",
            "USDRatePerDollarTotal": 3706.2254439999974,
            "MMKRatePerYenTotal": 495.68413999999973,
            "Count": 32
        },
        "04": {
            "YearMonth": "2022/02",
            "USDRatePerDollar": 116.1039510625,
            "MMKRatePerYen": 15.461221750000004,
            "DayTime": "04 00:00",
            "USDRatePerDollarTotal": 3715.326434,
            "MMKRatePerYenTotal": 494.7590960000001,
            "Count": 32
        },
        "05": {
            "YearMonth": "2022/02",
            "USDRatePerDollar": 116.42525341379306,
            "MMKRatePerYen": 15.427743310344836,
            "DayTime": "05 00:00",
            "USDRatePerDollarTotal": 3376.332348999999,
            "MMKRatePerYenTotal": 447.40455600000024,
            "Count": 29
        },