{
    "Items": {
        "01": {
            "YearMonth": "2022/06",
            "USDRatePerDollar": 130.2175581470589,
            "MMKRatePerYen": 14.344046470588244,
            "DayTime": "01 00:00",
            "USDRatePerDollarTotal": 4427.396977000002,
            "MMKRatePerYenTotal": 487.6975800000003,
            "Count": 34
        },
        "02": {
            "YearMonth": "2022/06",
            "USDRatePerDollar": 131.344166625,
            "MMKRatePerYen": 14.209906374999994,
            "DayTime": "02 00:00",
            "USDRatePerDollarTotal": 4203.013332,
            "MMKRatePerYenTotal": 454.7170039999998,
            "Count": 32
        },
        "03": {
            "YearMonth": "2022/06",
            "USDRatePerDollar": 131.34517019354846,
            "MMKRatePerYen": 14.170315741935495,
            "DayTime": "03 00:00",
            "USDRatePerDollarTotal": 4071.700276000002,
            "MMKRatePerYenTotal": 439.27978800000034,
            "Count": 31
        },
        "04": {
            "YearMonth": "2022/06",
            "USDRatePerDollar": 132.09383382758625,
            "MMKRatePerYen": 14.113737448275867,
            "DayTime": "04 00:00",
            "USDRatePerDollarTotal": 3830.7211810000017,
            "MMKRatePerYenTotal": 409.2983860000001,
            "Count": 29
        },
        "05": {
            "YearMonth": "2022/06",
            "USDRatePerDollar": 132.36219567857148,
            "MMKRatePerYen": 14.064410000000006,
            "DayTime": "05 00:00",
            "USDRatePerDollarTotal": 3706.1414790000017,
            "MMKRatePerYenTotal": 393.80348000000015,
            "Count": 28
        }
    }
}