{
    "Items": {
        "01": {
            "YearMonth": "2022/04",
            "USDRatePerDollar": 123.66454900000004,
            "MMKRatePerYen": 14.566813545454552,
            "DayTime": "01 00:00",
            "USDRatePerDollarTotal": 4080.9301170000012,
            "MMKRatePerYenTotal": 480.70484700000026,
            "Count": 33
        },
        "02": {
            "YearMonth": "2022/04",
            "USDRatePerDollar": 123.92902245161288,
            "MMKRatePerYen": 14.519852258064512,
            "DayTime": "02 00:00",
            "USDRatePerDollarTotal": 3841.799695999999,
            "MMKRatePerYenTotal": 450.11541999999986,
            "Count": 31
        },
        "03": {
            "YearMonth": "2022/04",
            "USDRatePerDollar": 123.88431485714283,
            "MMKRatePerYen": 14.482532999999993,
            "DayTime": "03 00:00",
            "USDRatePerDollarTotal": 3468.760815999999,
            "MMKRatePerYenTotal": 405.5109239999998,
            "Count": 28
        }
    }
}