{
    "Items": {
        "01": {
            "YearMonth": "2022/03",
            "USDRatePerDollar": 116.45745172972968,
            "MMKRatePerYen": 15.428305945945942,
            "DayTime": "01 00:00",
            "USDRatePerDollarTotal": 4308.925713999998,
            "MMKRatePerYenTotal": 570.8473199999999,
            "Count": 37
        },
        "02": {
            "YearMonth": "2022/03",
            "USDRatePerDollar": 116.3131497575758,
            "MMKRatePerYen": 15.449999999999992,
            "DayTime": "02 00:00",
            "USDRatePerDollarTotal": 3838.3339420000016,
            "MMKRatePerYenTotal": 509.84999999999974,
            "Count": 33
        },
        "03": {
            "YearMonth": "2022/03",
            "USDRatePerDollar": 116.77795787499996,
            "MMKRatePerYen": 15.418873906249997,
            "DayTime": "03 00:00",
            "USDRatePerDollarTotal": 3736.8946519999986,
            "MMKRatePerYenTotal": 493.4039649999999,
            "Count": 32
        },
        "04": {
            "YearMonth": "2022/03",
            "USDRatePerDollar": 116.81064066666664,
            "MMKRatePerYen": 15.386741333333337,
            "DayTime": "04 00:00",
            "USDRatePerDollarTotal": 4205.183063999999,
            "MMKRatePerYenTotal": 553.9226880000001,
            "Count": 36
        },
        "05": {
            "YearMonth": "2022/03",
            "USDRatePerDollar": 116.25794116129026,
            "MMKRatePerYen": 15.426940129032252,
            "DayTime": "05 00:00",
            "USDRatePerDollarTotal": 3603.9961759999983,
            "MMKRatePerYenTotal": 478.2351439999998,
            "Count": 31
        },
        "06": {
            "YearMonth": "2022/03",
            "USDRatePerDollar": 116.09007034482754,
            "MMKRatePerYen": 15.449999999999992,
            "DayTime": "06 00:00",
            "USDRatePerDollarTotal": 3366.6120399999986,
            "MMKRatePerYenTotal": 448.0499999999998,
            "Count": 29
        }
    }
}