{
    "Items": {
        "10": {
            "YearMonth": "2022/09",
            "USDRatePerDollar": 144.3142501333333,
            "MMKRatePerYen": 20.873440000000002,
            "DayTime": "10 00:00",
            "USDRatePerDollarTotal": 4329.427503999999,
            "MMKRatePerYenTotal": 626.2032,
            "Count": 30
        },
        "11": {
            "YearMonth": "2022/09",
            "USDRatePerDollar": 144.1538614444444,
            "MMKRatePerYen": 20.922399999999996,
            "DayTime": "11 00:00",
            "USDRatePerDollarTotal": 3892.154258999999,
            "MMKRatePerYenTotal": 564.9047999999999,
            "Count": 27
        },
        "12": {
            "YearMonth": "2022/09",
            "USDRatePerDollar": 144.34010026470588,
            "MMKRatePerYen": 20.922400000000007,
            "DayTime": "12 00:00",
            "USDRatePerDollarTotal": 4907.563409,
            "MMKRatePerYenTotal": 711.3616000000002,
            "Count": 34
        },
        "13": {
            "YearMonth": "2022/09",
            "USDRatePerDollar": 144.32151877419355,
            "MMKRatePerYen": 20.911345096774205,
            "DayTime": "13 00:00",
            "USDRatePerDollarTotal": 4473.967082,
            "MMKRatePerYenTotal": 648.2516980000004,
            "Count": 31
        },
        "14": {
            "YearMonth": "2022/09",
            "USDRatePerDollar": 145.77480044736848,
            "MMKRatePerYen": 20.770296526315782,
            "DayTime": "14 00:00",
            "USDRatePerDollarTotal": 5539.442417000002,
            "MMKRatePerYenTotal": 789.2712679999997,
            "Count": 38
        },
        "15": {
            "YearMonth": "2022/09",
            "USDRatePerDollar": 145.15452518749998,
            "MMKRatePerYen": 20.8037529375,
            "DayTime": "15 00:00",
            "USDRatePerDollarTotal": 4644.9448059999995,
            "MMKRatePerYenTotal": 665.720094,
            "Count": 32
        },
        "16": {
            "YearMonth": "2022/09",
            "USDRatePerDollar": 145.0522755945946,
            "MMKRatePerYen": 20.783564702702716,
            "DayTime": "16 00:00",
            "USDRatePerDollarTotal": 5366.934197,
            "MMKRatePerYenTotal": 768.9918940000005,
            "Count": 37
        },
        "17": {
            "YearMonth": "2022/09",
            "USDRatePerDollar": 144.665672,
            "MMKRatePerYen": 20.817085857142853,
            "DayTime": "17 00:00",
            "USDRatePerDollarTotal": 4050.6388159999997,
            "MMKRatePerYenTotal": 582.8784039999999,
            "Count": 28
        },
        "18": {
            "YearMonth": "2022/09",
            "USDRatePerDollar": 144.5503895652174,
            "MMKRatePerYen": 20.85953799999999,
            "DayTime": "18 00:00",
            "USDRatePerDollarTotal": 3324.6589599999998,
            "MMKRatePerYenTotal": 479.7693739999998,
            "Count": 23
        },
        "19": {
            "YearMonth": "2022/09",
            "USDRatePerDollar": 144.65185444117648,
            "MMKRatePerYen": 20.859538000000008,
            "DayTime": "19 00:00",
            "USDRatePerDollarTotal": 4918.163051,
            "MMKRatePerYenTotal": 709.2242920000002,
            "Count": 34
        },
        "20": {
            "YearMonth": "2022/09",
            "USDRatePerDollar": 144.81644309677424,
            "MMKRatePerYen": 20.83806187096773,
            "DayTime": "20 00:00",
            "USDRatePerDollarTotal": 4489.309736000001,
            "MMKRatePerYenTotal": 645.9799179999997,
            "Count": 31
        },
        "21": {
            "YearMonth": "2022/09",
            "USDRatePerDollar": 145.28071658823524,
            "MMKRatePerYen": 20.78253197058825,
            "DayTime": "21 00:00",
            "USDRatePerDollarTotal": 4939.544363999998,
            "MMKRatePerYenTotal": 706.6060870000005,
            "Count": 34
        },
        "22": {
            "YearMonth": "2022/09",
            "USDRatePerDollar": 146.03859530952388,
            "MMKRatePerYen": 20.718851000000015,
            "DayTime": "22 00:00",
            "USDRatePerDollarTotal": 6133.621003000003,
            "MMKRatePerYenTotal": 870.1917420000007,
            "Count": 42
        },
        "23": {
            "YearMonth": "2022/09",
            "USDRatePerDollar": 144.34966525714293,
            "MMKRatePerYen": 20.960326428571413,
            "DayTime": "23 00:00",
            "USDRatePerDollarTotal": 5052.238284000003,
            "MMKRatePerYenTotal": 733.6114249999995,
            "Count": 35
        },
        "24": {
            "YearMonth": "2022/09",
            "USDRatePerDollar": 144.65554982142856,
            "MMKRatePerYen": 20.981910142857146,
            "DayTime": "24 00:00",
            "USDRatePerDollarTotal": 4050.3553949999996,
            "MMKRatePerYenTotal": 587.4934840000001,
            "Count": 28
        },
        "25": {
            "YearMonth": "2022/09",
            "USDRatePerDollar": 144.94732257142854,
            "MMKRatePerYen": 20.920000000000005,
            "DayTime": "25 00:00",
            "USDRatePerDollarTotal": 4058.5250319999996,
            "MMKRatePerYenTotal": 585.7600000000001,
            "Count": 28
        },
        "26": {
            "YearMonth": "2022/09",
            "USDRatePerDollar": 145.28465502702707,
            "MMKRatePerYen": 20.845675675675658,
            "DayTime": "26 00:00",
            "USDRatePerDollarTotal": 5375.532236000002,
            "MMKRatePerYenTotal": 771.2899999999994,
            "Count": 37
        },
        "27": {
            "YearMonth": "2022/09",
            "USDRatePerDollar": 146.0686365142857,
            "MMKRatePerYen": 20.764000000000003,
            "DayTime": "27 00:00",
            "USDRatePerDollarTotal": 5112.4022780000005,
            "MMKRatePerYenTotal": 726.7400000000001,
            "Count": 35
        },
        "28": {
            "YearMonth": "2022/09",
            "USDRatePerDollar": 146.27242113157902,
            "MMKRatePerYen": 20.726842105263177,
            "DayTime": "28 00:00",
            "USDRatePerDollarTotal": 5558.352003000003,
            "MMKRatePerYenTotal": 787.6200000000007,
            "Count": 38
        },
        "29": {
            "YearMonth": "2022/09",
            "USDRatePerDollar": 145.9566317209302,
            "MMKRatePerYen": 20.751627906976722,
            "DayTime": "29 00:00",
            "USDRatePerDollarTotal": 6276.135163999998,
            "MMKRatePerYenTotal": 892.319999999999,
            "Count": 43
        },
        "01": {
            "YearMonth": "2022/09",
            "USDRatePerDollar": 140.77746918750003,
            "MMKRatePerYen": 17.749644624999995,
            "DayTime": "01 00:00",
            "USDRatePerDollarTotal": 4504.879014000001,
            "MMKRatePerYenTotal": 567.9886279999998,
            "Count": 32
        },
        "02": {
            "YearMonth": "2022/09",
            "USDRatePerDollar": 141.62939426470595,
            "MMKRatePerYen": 21.708823529411767,
            "DayTime": "02 00:00",
            "USDRatePerDollarTotal": 4815.399405000002,
            "MMKRatePerYenTotal": 738.1,
            "Count": 34
        },
        "03": {
            "YearMonth": "2022/09",
            "USDRatePerDollar": 141.78311153571426,
            "MMKRatePerYen": 21.635714285714272,
            "DayTime": "03 00:00",
            "USDRatePerDollarTotal": 3969.9271229999995,
            "MMKRatePerYenTotal": 605.7999999999996,
            "Count": 28
        },
        "04": {
            "YearMonth": "2022/09",
            "USDRatePerDollar": 141.8033111153846,
            "MMKRatePerYen": 21.39999999999999,
            "DayTime": "04 00:00",
            "USDRatePerDollarTotal": 3686.886088999999,
            "MMKRatePerYenTotal": 556.3999999999997,
            "Count": 26
        },
        "05": {
            "YearMonth": "2022/09",