{
    "Items": {
        "01": {
            "YearMonth": "2022/12",
            "USDRatePerDollar": 139.09166538461534,
            "MMKRatePerYen": 20.662882999999994,
            "DayTime": "01 00:00",
            "USDRatePerDollarTotal": 5424.574949999998,
            "MMKRatePerYenTotal": 805.8524369999998,
            "Count": 39
        },
        "02": {
            "YearMonth": "2022/12",
            "USDRatePerDollar": 137.04239247368415,
            "MMKRatePerYen": 20.994395736842108,
            "DayTime": "02 00:00",
            "USDRatePerDollarTotal": 5207.610913999998,
            "MMKRatePerYenTotal": 797.787038,
            "Count": 38
        },
        "03": {
            "YearMonth": "2022/12",
            "USDRatePerDollar": 136.03309606451606,
            "MMKRatePerYen": 21.19859083870968,
            "DayTime": "03 00:00",
            "USDRatePerDollarTotal": 4217.025977999998,
            "MMKRatePerYenTotal": 657.1563160000001,
            "Count": 31
        }
    }
}