{
    "Items": {
        "10": {
            "YearMonth": "2022/12",
            "USDRatePerDollar": 138.08110151724145,
            "MMKRatePerYen": 20.890614620689657,
            "DayTime": "10 00:00",
            "USDRatePerDollarTotal": 4004.351944000002,
            "MMKRatePerYenTotal": 605.8278240000001,
            "Count": 29
        },
        "11": {
            "YearMonth": "2022/12",
            "USDRatePerDollar": 138.25461680769237,
            "MMKRatePerYen": 20.890697999999993,
            "DayTime": "11 00:00",
            "USDRatePerDollarTotal": 3594.620037000002,
            "MMKRatePerYenTotal": 543.1581479999999,
            "Count": 26
        },
        "12": {
            "YearMonth": "2022/12",
            "USDRatePerDollar": 138.38274635483873,
            "MMKRatePerYen": 20.89069738709678,
            "DayTime": "12 00:00",
            "USDRatePerDollarTotal": 4289.865137000001,
            "MMKRatePerYenTotal": 647.6116190000001,
            "Count": 31
        },
        "13": {
            "YearMonth": "2022/12",
            "USDRatePerDollar": 139.17023841176467,
            "MMKRatePerYen": 20.804874323529425,
            "DayTime": "13 00:00",
            "USDRatePerDollarTotal": 4731.788105999999,
            "MMKRatePerYenTotal": 707.3657270000004,
            "Count": 34
        },
        "14": {
            "YearMonth": "2022/12",
            "USDRatePerDollar": 137.7247672352941,
            "MMKRatePerYen": 20.969964588235282,
            "DayTime": "14 00:00",
            "USDRatePerDollarTotal": 4682.642086,
            "MMKRatePerYenTotal": 712.9787959999995,
            "Count": 34
        },
        "15": {
            "YearMonth": "2022/12",
            "USDRatePerDollar": 137.2269524166667,
            "MMKRatePerYen": 21.0761806111111,
            "DayTime": "15 00:00",
            "USDRatePerDollarTotal": 4940.170287000002,
            "MMKRatePerYenTotal": 758.7425019999995,
            "Count": 36
        },
        "16": {
            "YearMonth": "2022/12",
            "USDRatePerDollar": 138.86397615384618,
            "MMKRatePerYen": 20.83990800000002,
            "DayTime": "16 00:00",
            "USDRatePerDollarTotal": 5415.695070000002,
            "MMKRatePerYenTotal": 812.7564120000008,
            "Count": 39
        },
        "17": {
            "YearMonth": "2022/12",
            "USDRatePerDollar": 138.5677344137931,
            "MMKRatePerYen": 20.912739586206893,
            "DayTime": "17 00:00",
            "USDRatePerDollarTotal": 4018.464298,
            "MMKRatePerYenTotal": 606.4694479999999,
            "Count": 29
        },
        "18": {
            "YearMonth": "2022/12",
            "USDRatePerDollar": 138.38784285714286,
            "MMKRatePerYen": 21.04012,
            "DayTime": "18 00:00",
            "USDRatePerDollarTotal": 3874.8596,
            "MMKRatePerYenTotal": 589.12336,
            "Count": 28
        },
        "19": {
            "YearMonth": "2022/12",
            "USDRatePerDollar": 138.18464382352948,
            "MMKRatePerYen": 21.04012,
            "DayTime": "19 00:00",
            "USDRatePerDollarTotal": 4698.277890000002,
            "MMKRatePerYenTotal": 715.3640800000001,
            "Count": 34
        },
        "20": {
            "YearMonth": "2022/12",
            "USDRatePerDollar": 137.05210911428563,
            "MMKRatePerYen": 20.933555771428573,
            "DayTime": "20 00:00",
            "USDRatePerDollarTotal": 4796.823818999997,
            "MMKRatePerYenTotal": 732.6744520000001,
            "Count": 35
        },
        "21": {
            "YearMonth": "2022/12",
            "USDRatePerDollar": 133.85536384615392,
            "MMKRatePerYen": 21.475275410256426,
            "DayTime": "21 00:00",
            "USDRatePerDollarTotal": 5220.359190000003,
            "MMKRatePerYenTotal": 837.5357410000006,
            "Count": 39
        },
        "22": {
            "YearMonth": "2022/12",
            "USDRatePerDollar": 133.77825279999996,
            "MMKRatePerYen": 21.6163724,
            "DayTime": "22 00:00",
            "USDRatePerDollarTotal": 4013.347583999999,
            "MMKRatePerYenTotal": 648.491172,
            "Count": 30
        },
        "23": {
            "YearMonth": "2022/12",
            "USDRatePerDollar": 133.99922521875,
            "MMKRatePerYen": 21.551532875,
            "DayTime": "23 00:00",
            "USDRatePerDollarTotal": 4287.975207,
            "MMKRatePerYenTotal": 689.649052,
            "Count": 32
        },
        "01": {
            "YearMonth": "2022/12",
            "USDRatePerDollar": 139.09166538461534,
            "MMKRatePerYen": 20.662882999999994,
            "DayTime": "01 00:00",
            "USDRatePerDollarTotal": 5424.574949999998,
            "MMKRatePerYenTotal": 805.8524369999998,
            "Count": 39
        },
        "02": {
            "YearMonth": "2022/12",
            "USDRatePerDollar": 137.04239247368415,
            "MMKRatePerYen": 20.994395736842108,
            "DayTime": "02 00:00",
            "USDRatePerDollarTotal": 5207.610913999998,
            "MMKRatePerYenTotal": 797.787038,
            "Count": 38
        },
        "03": {
            "YearMonth": "2022/12",
            "USDRatePerDollar": 136.03309606451606,
            "MMKRatePerYen": 21.19859083870968,
            "DayTime": "03 00:00",
            "USDRatePerDollarTotal": 4217.025977999998,
            "MMKRatePerYenTotal": 657.1563160000001,
            "Count": 31
        },
        "04": {
            "YearMonth": "2022/12",
            "USDRatePerDollar": 135.83227485714278,
            "MMKRatePerYen": 21.250706,
            "DayTime": "04 00:00",
            "USDRatePerDollarTotal": 3803.303695999998,
            "MMKRatePerYenTotal": 595.019768,
            "Count": 28
        },
        "05": {
            "YearMonth": "2022/12",
            "USDRatePerDollar": 135.87209006060604,
            "MMKRatePerYen": 21.250706000000005,
            "DayTime": "05 00:00",
            "USDRatePerDollarTotal": 4483.778971999999,
            "MMKRatePerYenTotal": 701.2732980000002,
            "Count": 33
        },
        "06": {
            "YearMonth": "2022/12",
            "USDRatePerDollar": 137.8118467027026,
            "MMKRatePerYen": 21.016989108108113,
            "DayTime": "06 00:00",
            "USDRatePerDollarTotal": 5099.038327999997,
            "MMKRatePerYenTotal": 777.6285970000002,
            "Count": 37
        },
        "07": {
            "YearMonth": "2022/12",
            "USDRatePerDollar": 138.66253019444446,
            "MMKRatePerYen": 20.86168233333332,
            "DayTime": "07 00:00",
            "USDRatePerDollarTotal": 4991.851087000001,
            "MMKRatePerYenTotal": 751.0205639999996,
            "Count": 36
        },
        "08": {
            "YearMonth": "2022/12",
            "USDRatePerDollar": 138.58930636363638,
            "MMKRatePerYen": 20.88910681818182,
            "DayTime": "08 00:00",
            "USDRatePerDollarTotal": 4573.447110000001,
            "MMKRatePerYenTotal": 689.3405250000001,
            "Count": 33
        },
        "09": {
            "YearMonth": "2022/12",
            "USDRatePerDollar": 138.20788331428568,
            "MMKRatePerYen": 20.898469199999987,
            "DayTime": "09 00:00",
            "USDRatePerDollarTotal": 4837.275915999999,
            "MMKRatePerYenTotal": 731.4464219999995,
            "Count": 35
        }
    }
}