{
    "Items": {
        "01": {
            "YearMonth": "2022/03",
            "USDRatePerDollar": 116.45745172972968,
            "MMKRatePerYen": 15.428305945945942,
            "DayTime": "01 00:00",
            "USDRatePerDollarTotal": 4308.925713999998,
            "MMKRatePerYenTotal": 570.8473199999999,
            "Count": 37
        },
        "02": {
            "YearMonth": "2022/03",
            "USDRatePerDollar": 116.3131497575758,
            "MMKRatePerYen": 15.449999999999992,
            "DayTime": "02 00:00",
            "USDRatePerDollarTotal": 3838.3339420000016,
            "MMKRatePerYenTotal": 509.84999999999974,
            "Count": 33
        }
    }
}