{
    "Items": {
        "10": {
            "YearMonth": "2022/11",
            "USDRatePerDollar": 147.75742519444444,
            "MMKRatePerYen": 19.497667,
            "DayTime": "10 00:00",
            "USDRatePerDollarTotal": 5319.267307,
            "MMKRatePerYenTotal": 701.916012,
            "Count": 36
        },
        "11": {
            "YearMonth": "2022/11",
            "USDRatePerDollar": 144.15361645833343,
            "MMKRatePerYen": 20.038201041666692,
            "DayTime": "11 00:00",
            "USDRatePerDollarTotal": 6919.373590000005,
            "MMKRatePerYenTotal": 961.8336500000012,
            "Count": 48
        },
        "12": {
            "YearMonth": "2022/11",
            "USDRatePerDollar": 140.63933266666666,
            "MMKRatePerYen": 20.19,
            "DayTime": "12 00:00",
            "USDRatePerDollarTotal": 1687.671992,
            "MMKRatePerYenTotal": 242.28,
            "Count": 12
        },
        "13": {
            "YearMonth": "2022/11",
            "USDRatePerDollar": 140.370578,
            "MMKRatePerYen": 20.19,
            "DayTime": "13 00:00",
            "USDRatePerDollarTotal": 2386.299826,
            "MMKRatePerYenTotal": 343.23,
            "Count": 17
        },
        "14": {
            "YearMonth": "2022/11",
            "USDRatePerDollar": 140.615548625,
            "MMKRatePerYen": 20.19,
            "DayTime": "14 00:00",
            "USDRatePerDollarTotal": 1124.924389,
            "MMKRatePerYenTotal": 161.52,
            "Count": 8
        },
        "15": {
            "YearMonth": "2022/11",
            "USDRatePerDollar": 141.8766798965517,
            "MMKRatePerYen": 20.359913482758632,
            "DayTime": "15 00:00",
            "USDRatePerDollarTotal": 4114.423717,
            "MMKRatePerYenTotal": 590.4374910000004,
            "Count": 29
        },
        "16": {
            "YearMonth": "2022/11",
            "USDRatePerDollar": 141.44363280555555,
            "MMKRatePerYen": 20.423827305555545,
            "DayTime": "16 00:00",
            "USDRatePerDollarTotal": 5091.970781,
            "MMKRatePerYenTotal": 735.2577829999996,
            "Count": 36
        },
        "17": {
            "YearMonth": "2022/11",
            "USDRatePerDollar": 141.21581587878782,
            "MMKRatePerYen": 20.452837,
            "DayTime": "17 00:00",
            "USDRatePerDollarTotal": 4660.121923999998,
            "MMKRatePerYenTotal": 674.943621,
            "Count": 33
        },
        "18": {
            "YearMonth": "2022/11",
            "USDRatePerDollar": 141.54590411764707,
            "MMKRatePerYen": 20.37789361764706,
            "DayTime": "18 00:00",
            "USDRatePerDollarTotal": 4812.56074,
            "MMKRatePerYenTotal": 692.8483830000001,
            "Count": 34
        },
        "19": {
            "YearMonth": "2022/11",
            "USDRatePerDollar": 141.81089820689655,
            "MMKRatePerYen": 20.31626613793103,
            "DayTime": "19 00:00",
            "USDRatePerDollarTotal": 4112.516048,
            "MMKRatePerYenTotal": 589.1717179999999,
            "Count": 29
        },
        "20": {
            "YearMonth": "2022/11",
            "USDRatePerDollar": 141.94397800000004,
            "MMKRatePerYen": 20.301768,
            "DayTime": "20 00:00",
            "USDRatePerDollarTotal": 3974.431384000001,
            "MMKRatePerYenTotal": 568.4495039999999,
            "Count": 28
        },
        "21": {
            "YearMonth": "2022/11",
            "USDRatePerDollar": 142.00668009090907,
            "MMKRatePerYen": 20.301768000000003,
            "DayTime": "21 00:00",
            "USDRatePerDollarTotal": 4686.220442999999,
            "MMKRatePerYenTotal": 669.9583440000001,
            "Count": 33
        },
        "22": {
            "YearMonth": "2022/11",
            "USDRatePerDollar": 143.14821090909095,
            "MMKRatePerYen": 20.161988818181825,
            "DayTime": "22 00:00",
            "USDRatePerDollarTotal": 4723.8909600000015,
            "MMKRatePerYenTotal": 665.3456310000003,
            "Count": 33
        },
        "23": {
            "YearMonth": "2022/11",
            "USDRatePerDollar": 142.99538266666661,
            "MMKRatePerYen": 20.158139757575753,
            "DayTime": "23 00:00",
            "USDRatePerDollarTotal": 4718.847627999999,
            "MMKRatePerYenTotal": 665.2186119999999,
            "Count": 33
        },
        "24": {
            "YearMonth": "2022/11",
            "USDRatePerDollar": 141.26693433333332,
            "MMKRatePerYen": 20.346763999999993,
            "DayTime": "24 00:00",
            "USDRatePerDollarTotal": 5085.609635999999,
            "MMKRatePerYenTotal": 732.4835039999997,
            "Count": 36
        },
        "25": {
            "YearMonth": "2022/11",
            "USDRatePerDollar": 140.16622150000003,
            "MMKRatePerYen": 20.523871166666652,
            "DayTime": "25 00:00",
            "USDRatePerDollarTotal": 5045.983974000002,
            "MMKRatePerYenTotal": 738.8593619999995,
            "Count": 36
        },
        "26": {
            "YearMonth": "2022/11",
            "USDRatePerDollar": 140.51186906666663,
            "MMKRatePerYen": 20.480068800000005,
            "DayTime": "26 00:00",
            "USDRatePerDollarTotal": 4215.356071999999,
            "MMKRatePerYenTotal": 614.4020640000001,
            "Count": 30
        },
        "01": {
            "YearMonth": "2022/11",
            "USDRatePerDollar": 150.05956444117646,
            "MMKRatePerYen": 19.207888176470586,
            "DayTime": "01 00:00",
            "USDRatePerDollarTotal": 5102.025191,
            "MMKRatePerYenTotal": 653.0681979999999,
            "Count": 34
        },
        "02": {
            "YearMonth": "2022/11",
            "USDRatePerDollar": 149.49325282857137,
            "MMKRatePerYen": 19.19463177142858,
            "DayTime": "02 00:00",
            "USDRatePerDollarTotal": 5232.263848999998,
            "MMKRatePerYenTotal": 671.8121120000003,
            "Count": 35
        },
        "03": {
            "YearMonth": "2022/11",
            "USDRatePerDollar": 149.15528994285717,
            "MMKRatePerYen": 19.257980485714274,
            "DayTime": "03 00:00",
            "USDRatePerDollarTotal": 5220.4351480000005,
            "MMKRatePerYenTotal": 674.0293169999997,
            "Count": 35
        },
        "04": {
            "YearMonth": "2022/11",
            "USDRatePerDollar": 149.68350402380952,
            "MMKRatePerYen": 19.241244999999992,
            "DayTime": "04 00:00",
            "USDRatePerDollarTotal": 6286.707169,
            "MMKRatePerYenTotal": 808.1322899999997,
            "Count": 42
        },
        "05": {
            "YearMonth": "2022/11",
            "USDRatePerDollar": 148.63430246428567,
            "MMKRatePerYen": 19.355694214285712,
            "DayTime": "05 00:00",
            "USDRatePerDollarTotal": 4161.760468999999,
            "MMKRatePerYenTotal": 541.959438,
            "Count": 28
        },
        "06": {
            "YearMonth": "2022/11",
            "USDRatePerDollar": 148.25637439999994,
            "MMKRatePerYen": 19.430141,
            "DayTime": "06 00:00",
            "USDRatePerDollarTotal": 4447.691231999998,
            "MMKRatePerYenTotal": 582.90423,
            "Count": 30
        },
        "07": {
            "YearMonth": "2022/11",
            "USDRatePerDollar": 148.49316916216216,
            "MMKRatePerYen": 19.43014100000001,
            "DayTime": "07 00:00",
            "USDRatePerDollarTotal": 5494.247259,
            "MMKRatePerYenTotal": 718.9152170000003,
            "Count": 37
        },
        "08": {
            "YearMonth": "2022/11",
            "USDRatePerDollar": 148.40127682352943,
            "MMKRatePerYen": 19.440057941176477,
            "DayTime": "08 00:00",