{
    "Items": {
        "10": {
            "YearMonth": "2022/04",
            "USDRatePerDollar": 125.73801688000003,
            "MMKRatePerYen": 14.851659999999997,
            "DayTime": "10 00:00",
            "USDRatePerDollarTotal": 3143.450422000001,
            "MMKRatePerYenTotal": 371.2914999999999,
            "Count": 25
        },
        "01": {
            "YearMonth": "2022/04",
            "USDRatePerDollar": 123.66454900000004,
            "MMKRatePerYen": 14.566813545454552,
            "DayTime": "01 00:00",
            "USDRatePerDollarTotal": 4080.9301170000012,
            "MMKRatePerYenTotal": 480.70484700000026,
            "Count": 33
        },
        "02": {
            "YearMonth": "2022/04",
            "USDRatePerDollar": 123.92902245161288,
            "MMKRatePerYen": 14.519852258064512,
            "DayTime": "02 00:00",
            "USDRatePerDollarTotal": 3841.799695999999,
            "MMKRatePerYenTotal": 450.11541999999986,
            "Count": 31
        },
        "03": {
            "YearMonth": "2022/04",
            "USDRatePerDollar": 123.88431485714283,
            "MMKRatePerYen": 14.482532999999993,
            "DayTime": "03 00:00",
            "USDRatePerDollarTotal": 3468.760815999999,
            "MMKRatePerYenTotal": 405.5109239999998,
            "Count": 28
        },
        "04": {
            "YearMonth": "2022/04",
            "USDRatePerDollar": 123.94810135483876,
            "MMKRatePerYen": 14.482532999999993,
            "DayTime": "04 00:00",
            "USDRatePerDollarTotal": 3842.3911420000013,
            "MMKRatePerYenTotal": 448.9585229999998,
            "Count": 31
        },
        "05": {
            "YearMonth": "2022/04",
            "USDRatePerDollar": 124.04058836363637,
            "MMKRatePerYen": 14.833246333333339,
            "DayTime": "05 00:00",
            "USDRatePerDollarTotal": 4093.3394160000003,
            "MMKRatePerYenTotal": 489.4971290000002,
            "Count": 33
        },
        "06": {
            "YearMonth": "2022/04",
            "USDRatePerDollar": 124.82698796428566,
            "MMKRatePerYen": 14.992528857142847,
            "DayTime": "06 00:00",
            "USDRatePerDollarTotal": 3495.1556629999986,
            "MMKRatePerYenTotal": 419.79080799999974,
            "Count": 28
        },
        "07": {
            "YearMonth": "2022/04",
            "USDRatePerDollar": 125.14910361538463,
            "MMKRatePerYen": 14.92603799999999,
            "DayTime": "07 00:00",
            "USDRatePerDollarTotal": 4880.815041000001,
            "MMKRatePerYenTotal": 582.1154819999996,
            "Count": 39
        },
        "08": {
            "YearMonth": "2022/04",
            "USDRatePerDollar": 125.28960040625007,
            "MMKRatePerYen": 14.905274875,
            "DayTime": "08 00:00",
            "USDRatePerDollarTotal": 4009.2672130000024,
            "MMKRatePerYenTotal": 476.968796,
            "Count": 32
        },
        "09": {
            "YearMonth": "2022/04",
            "USDRatePerDollar": 125.6413684666667,
            "MMKRatePerYen": 14.871442099999994,
            "DayTime": "09 00:00",
            "USDRatePerDollarTotal": 3769.241054000001,
            "MMKRatePerYenTotal": 446.1432629999998,
            "Count": 30
        }
    }
}