{
    "Items": {
        "10": {
            "YearMonth": "2022/02",
            "USDRatePerDollar": 116.85461926315786,
            "MMKRatePerYen": 15.381093157894739,
            "DayTime": "10 00:00",
            "USDRatePerDollarTotal": 4440.475531999999,
            "MMKRatePerYenTotal": 584.4815400000001,
            "Count": 38
        },
        "11": {
            "YearMonth": "2022/02",
            "USDRatePerDollar": 117.25890036363637,
            "MMKRatePerYen": 15.356558787878782,
            "DayTime": "11 00:00",
            "USDRatePerDollarTotal": 3869.543712,
            "MMKRatePerYenTotal": 506.7664399999998,
            "Count": 33
        },
        "12": {
            "YearMonth": "2022/02",
            "USDRatePerDollar": 116.90073256666668,
            "MMKRatePerYen": 15.362028599999995,
            "DayTime": "12 00:00",
            "USDRatePerDollarTotal": 3507.0219770000003,
            "MMKRatePerYenTotal": 460.86085799999984,
            "Count": 30
        },
        "13": {
            "YearMonth": "2022/02",
            "USDRatePerDollar": 116.72590192307695,
            "MMKRatePerYen": 15.387930999999996,
            "DayTime": "13 00:00",
            "USDRatePerDollarTotal": 3034.8734500000005,
            "MMKRatePerYenTotal": 400.0862059999999,
            "Count": 26
        },
        "01": {
            "YearMonth": "2022/02",
            "USDRatePerDollar": 116.45019856250005,
            "MMKRatePerYen": 15.402493124999989,
            "DayTime": "01 00:00",
            "USDRatePerDollarTotal": 3726.4063540000016,
            "MMKRatePerYenTotal": 492.87977999999964,
            "Count": 32
        },
        "02": {
            "YearMonth": "2022/02",
            "USDRatePerDollar": 116.06820972222226,
            "MMKRatePerYen": 15.44199791666667,
            "DayTime": "02 00:00",
            "USDRatePerDollarTotal": 4178.4555500000015,
            "MMKRatePerYenTotal": 555.9119250000001,
            "Count": 36
        },
        "03": {
            "YearMonth": "2022/02",
            "USDRatePerDollar": 115.81954512499992,
            "MMKRatePerYen": 15.490129374999992,
            "DayTime": "03 00:00",
            "USDRatePerDollarTotal": 3706.2254439999974,
            "MMKRatePerYenTotal": 495.68413999999973,
            "Count": 32
        },
        "04": {
            "YearMonth": "2022/02",
            "USDRatePerDollar": 116.1039510625,
            "MMKRatePerYen": 15.461221750000004,
            "DayTime": "04 00:00",
            "USDRatePerDollarTotal": 3715.326434,
            "MMKRatePerYenTotal": 494.7590960000001,
            "Count": 32
        },
        "05": {
            "YearMonth": "2022/02",
            "USDRatePerDollar": 116.42525341379306,
            "MMKRatePerYen": 15.427743310344836,
            "DayTime": "05 00:00",
            "USDRatePerDollarTotal": 3376.332348999999,
            "MMKRatePerYenTotal": 447.40455600000024,
            "Count": 29
        },
        "06": {
            "YearMonth": "2022/02",
            "USDRatePerDollar": 116.52244551724134,
            "MMKRatePerYen": 15.420204000000009,
            "DayTime": "06 00:00",
            "USDRatePerDollarTotal": 3379.1509199999987,
            "MMKRatePerYenTotal": 447.18591600000025,
            "Count": 29
        },
        "07": {
            "YearMonth": "2022/02",
            "USDRatePerDollar": 116.54697545454543,
            "MMKRatePerYen": 15.420337636363634,
            "DayTime": "07 00:00",
            "USDRatePerDollarTotal": 3846.0501899999995,
            "MMKRatePerYenTotal": 508.8711419999999,
            "Count": 33
        },
        "08": {
            "YearMonth": "2022/02",
            "USDRatePerDollar": 116.54132862857146,
            "MMKRatePerYen": 15.420496342857142,
            "DayTime": "08 00:00",
            "USDRatePerDollarTotal": 4078.946502000001,
            "MMKRatePerYenTotal": 539.717372,
            "Count": 35
        },
        "09": {
            "YearMonth": "2022/02",
            "USDRatePerDollar": 116.7764356571428,
            "MMKRatePerYen": 15.401152057142852,
            "DayTime": "09 00:00",
            "USDRatePerDollarTotal": 4087.1752479999977,
            "MMKRatePerYenTotal": 539.0403219999998,
            "Count": 35
        }
    }
}