{
    "Items": {
        "10": {
            "YearMonth": "2022/09",
            "USDRatePerDollar": 144.3142501333333,
            "MMKRatePerYen": 20.873440000000002,
            "DayTime": "10 00:00",
            "USDRatePerDollarTotal": 4329.427503999999,
            "MMKRatePerYenTotal": 626.2032,
            "Count": 30
        },
        "11": {
            "YearMonth": "2022/09",
            "USDRatePerDollar": 144.1538614444444,
            "MMKRatePerYen": 20.922399999999996,
            "DayTime": "11 00:00",
            "USDRatePerDollarTotal": 3892.154258999999,
            "MMKRatePerYenTotal": 564.9047999999999,
            "Count": 27
        },
        "12": {
            "YearMonth": "2022/09",
            "USDRatePerDollar": 144.34010026470588,
            "MMKRatePerYen": 20.922400000000007,
            "DayTime": "12 00:00",
            "USDRatePerDollarTotal": 4907.563409,
            "MMKRatePerYenTotal": 711.3616000000002,
            "Count": 34
        },
        "13": {
            "YearMonth": "2022/09",
            "USDRatePerDollar": 144.32151877419355,
            "MMKRatePerYen": 20.911345096774205,
            "DayTime": "13 00:00",
            "USDRatePerDollarTotal": 4473.967082,
            "MMKRatePerYenTotal": 648.2516980000004,
            "Count": 31
        },
        "14": {
            "YearMonth": "2022/09",
            "USDRatePerDollar": 145.77480044736848,
            "MMKRatePerYen": 20.770296526315782,
            "DayTime": "14 00:00",
            "USDRatePerDollarTotal": 5539.442417000002,
            "MMKRatePerYenTotal": 789.2712679999997,
            "Count": 38
        },
        "15": {
            "YearMonth": "2022/09",
            "USDRatePerDollar": 145.15452518749998,
            "MMKRatePerYen": 20.8037529375,
            "DayTime": "15 00:00",
            "USDRatePerDollarTotal": 4644.9448059999995,
            "MMKRatePerYenTotal": 665.720094,
            "Count": 32
        },
        "16": {
            "YearMonth": "2022/09",
            "USDRatePerDollar": 145.0522755945946,
            "MMKRatePerYen": 20.783564702702716,
            "DayTime": "16 00:00",
            "USDRatePerDollarTotal": 5366.934197,
            "MMKRatePerYenTotal": 768.9918940000005,
            "Count": 37
        },
        "17": {
            "YearMonth": "2022/09",
            "USDRatePerDollar": 144.665672,
            "MMKRatePerYen": 20.817085857142853,
            "DayTime": "17 00:00",
            "USDRatePerDollarTotal": 4050.6388159999997,
            "MMKRatePerYenTotal": 582.8784039999999,
            "Count": 28
        },
        "01": {
            "YearMonth": "2022/09",
            "USDRatePerDollar": 140.77746918750003,
            "MMKRatePerYen": 17.749644624999995,
            "DayTime": "01 00:00",
            "USDRatePerDollarTotal": 4504.879014000001,
            "MMKRatePerYenTotal": 567.9886279999998,
            "Count": 32
        },
        "02": {
            "YearMonth": "2022/09",
            "USDRatePerDollar": 141.62939426470595,
            "MMKRatePerYen": 21.708823529411767,
            "DayTime": "02 00:00",
            "USDRatePerDollarTotal": 4815.399405000002,
            "MMKRatePerYenTotal": 738.1,
            "Count": 34
        },
        "03": {
            "YearMonth": "2022/09",
            "USDRatePerDollar": 141.78311153571426,
            "MMKRatePerYen": 21.635714285714272,
            "DayTime": "03 00:00",
            "USDRatePerDollarTotal": 3969.9271229999995,
            "MMKRatePerYenTotal": 605.7999999999996,
            "Count": 28
        },
        "04": {
            "YearMonth": "2022/09",
            "USDRatePerDollar": 141.8033111153846,
            "MMKRatePerYen": 21.39999999999999,
            "DayTime": "04 00:00",
            "USDRatePerDollarTotal": 3686.886088999999,
            "MMKRatePerYenTotal": 556.3999999999997,
            "Count": 26
        },
        "05": {
            "YearMonth": "2022/09",
            "USDRatePerDollar": 141.82622742424238,
            "MMKRatePerYen": 21.33939393939393,
            "DayTime": "05 00:00",
            "USDRatePerDollarTotal": 4680.2655049999985,
            "MMKRatePerYenTotal": 704.1999999999997,
            "Count": 33
        },
        "06": {
            "YearMonth": "2022/09",
            "USDRatePerDollar": 142.07812837142853,
            "MMKRatePerYen": 21.2608848857143,
            "DayTime": "06 00:00",
            "USDRatePerDollarTotal": 4972.734492999999,
            "MMKRatePerYenTotal": 744.1309710000005,
            "Count": 35
        },
        "07": {
            "YearMonth": "2022/09",
            "USDRatePerDollar": 144.55811089473687,
            "MMKRatePerYen": 21.08226844736842,
            "DayTime": "07 00:00",
            "USDRatePerDollarTotal": 5493.208214000001,
            "MMKRatePerYenTotal": 801.126201,
            "Count": 38
        },
        "08": {
            "YearMonth": "2022/09",
            "USDRatePerDollar": 145.54666882352942,
            "MMKRatePerYen": 20.845588235294116,
            "DayTime": "08 00:00",
            "USDRatePerDollarTotal": 4948.58674,
            "MMKRatePerYenTotal": 708.75,
            "Count": 34
        },
        "09": {
            "YearMonth": "2022/09",
            "USDRatePerDollar": 145.3175708181819,
            "MMKRatePerYen": 20.784848484848478,
            "DayTime": "09 00:00",
            "USDRatePerDollarTotal": 4795.479837000003,
            "MMKRatePerYenTotal": 685.8999999999997,
            "Count": 33
        }
    }
}