{
    "Items": {
        "01": {
            "YearMonth": "2022/09",
            "USDRatePerDollar": 140.77746918750003,
            "MMKRatePerYen": 17.749644624999995,
            "DayTime": "01 00:00",
            "USDRatePerDollarTotal": 4504.879014000001,
            "MMKRatePerYenTotal": 567.9886279999998,
            "Count": 32
        },
        "02": {
            "YearMonth": "2022/09",
            "USDRatePerDollar": 141.62939426470595,
            "MMKRatePerYen": 21.708823529411767,
            "DayTime": "02 00:00",
            "USDRatePerDollarTotal": 4815.399405000002,
            "MMKRatePerYenTotal": 738.1,
            "Count": 34
        }
    }
}