{
    "Items": {
        "01": {
            "YearMonth": "2022/01",
            "USDRatePerDollar": 116.39688714285718,
            "MMKRatePerYen": 15.417737714285712,
            "DayTime": "01 00:00",
            "USDRatePerDollarTotal": 3259.112840000001,
            "MMKRatePerYenTotal": 431.69665599999996,
            "Count": 28
        },
        "02": {
            "YearMonth": "2022/01",
            "USDRatePerDollar": 116.40081600000002,
            "MMKRatePerYen": 15.410686999999998,
            "DayTime": "02 00:00",
            "USDRatePerDollarTotal": 3026.4212160000006,
            "MMKRatePerYenTotal": 400.67786199999995,
            "Count": 26
        },
        "03": {
            "YearMonth": "2022/01",
            "USDRatePerDollar": 116.46624813793102,
            "MMKRatePerYen": 15.410686999999998,
            "DayTime": "03 00:00",
            "USDRatePerDollarTotal": 3377.5211959999997,
            "MMKRatePerYenTotal": 446.90992299999994,
            "Count": 29
        },
        "04": {
            "YearMonth": "2022/01",
            "USDRatePerDollar": 116.78063545454548,
            "MMKRatePerYen": 15.39785566666666,
            "DayTime": "04 00:00",
            "USDRatePerDollarTotal": 3853.7609700000007,
            "MMKRatePerYenTotal": 508.12923699999976,
            "Count": 33
        },
        "05": {
            "YearMonth": "2022/01",
            "USDRatePerDollar": 117.31791938888892,
            "MMKRatePerYen": 15.313820611111115,
            "DayTime": "05 00:00",
            "USDRatePerDollarTotal": 4223.445098000001,
            "MMKRatePerYenTotal": 551.2975420000001,
            "Count": 36
        },
        "06": {
            "YearMonth": "2022/01",
            "USDRatePerDollar": 117.30058989189187,
            "MMKRatePerYen": 15.282047081081087,
            "DayTime": "06 00:00",
            "USDRatePerDollarTotal": 4340.121826,
            "MMKRatePerYenTotal": 565.4357420000002,
            "Count": 37
        }
    }
}