{
    "Items": {
        "01": {
            "YearMonth": "2022/09",
            "USDRatePerDollar": 140.77746918750003,
            "MMKRatePerYen": 17.749644624999995,
            "DayTime": "01 00:00",
            "USDRatePerDollarTotal": 4504.879014000001,
            "MMKRatePerYenTotal": 567.9886279999998,
            "Count": 32
        },
        "02": {
            "YearMonth": "2022/09",
            "USDRatePerDollar": 141.62939426470595,
            "MMKRatePerYen": 21.708823529411767,
            "DayTime": "02 00:00",
            "USDRatePerDollarTotal": 4815.399405000002,
            "MMKRatePerYenTotal": 738.1,
            "Count": 34
        },
        "03": {
            "YearMonth": "2022/09",
            "USDRatePerDollar": 141.78311153571426,
            "MMKRatePerYen": 21.635714285714272,
            "DayTime": "03 00:00",
            "USDRatePerDollarTotal": 3969.9271229999995,
            "MMKRatePerYenTotal": 605.7999999999996,
            "Count": 28
        },
        "04": {
            "YearMonth": "2022/09",
            "USDRatePerDollar": 141.8033111153846,
            "MMKRatePerYen": 21.39999999999999,
            "DayTime": "04 00:00",
            "USDRatePerDollarTotal": 3686.886088999999,
            "MMKRatePerYenTotal": 556.3999999999997,
            "Count": 26
        },
        "05": {
            "YearMonth": "2022/09",
            "USDRatePerDollar": 141.82622742424238,
            "MMKRatePerYen": 21.33939393939393,
            "DayTime": "05 00:00",
            "USDRatePerDollarTotal": 4680.2655049999985,
            "MMKRatePerYenTotal": 704.1999999999997,
            "Count": 33
        },
        "06": {
            "YearMonth": "2022/09",
            "USDRatePerDollar": 142.07812837142853,
            "MMKRatePerYen": 21.2608848857143,
            "DayTime": "06 00:00",
            "USDRatePerDollarTotal": 4972.734492999999,
            "MMKRatePerYenTotal": 744.1309710000005,
            "Count": 35
        }
    }
}