{
    "Items": {
        "01": {
            "YearMonth": "2022/05",
            "USDRatePerDollar": 131.31836828571426,
            "MMKRatePerYen": 14.20354200000001,
            "DayTime": "01 00:00",
            "USDRatePerDollarTotal": 3676.9143119999994,
            "MMKRatePerYenTotal": 397.69917600000025,
            "Count": 28
        }
    }
}