{
    "Items": {
        "01": {
            "YearMonth": "2022/05",
            "USDRatePerDollar": 131.31836828571426,
            "MMKRatePerYen": 14.20354200000001,
            "DayTime": "01 00:00",
            "USDRatePerDollarTotal": 3676.9143119999994,
            "MMKRatePerYenTotal": 397.69917600000025,
            "Count": 28
        },
        "02": {
            "YearMonth": "2022/05",
            "USDRatePerDollar": 131.50424982758625,
            "MMKRatePerYen": 14.20354200000001,
            "DayTime": "02 00:00",
            "USDRatePerDollarTotal": 3813.6232450000016,
            "MMKRatePerYenTotal": 411.9027180000003,
            "Count": 29
        }
    }
}