{
    "Items": {
        "01": {
            "YearMonth": "2022/10",
            "USDRatePerDollar": 146.37462811111115,
            "MMKRatePerYen": 20.421415333333332,
            "DayTime": "01 00:00",
            "USDRatePerDollarTotal": 3952.114959000001,
            "MMKRatePerYenTotal": 551.378214,
            "Count": 27
        },
        "02": {
            "YearMonth": "2022/10",
            "USDRatePerDollar": 146.39124285714288,
            "MMKRatePerYen": 20.254278,
            "DayTime": "02 00:00",
            "USDRatePerDollarTotal": 4098.9548,
            "MMKRatePerYenTotal": 567.119784,
            "Count": 28
        },
        "03": {
            "YearMonth": "2022/10",
            "USDRatePerDollar": 146.422739512195,
            "MMKRatePerYen": 19.87091751219511,
            "DayTime": "03 00:00",
            "USDRatePerDollarTotal": 6003.332319999995,
            "MMKRatePerYenTotal": 814.7076179999995,
            "Count": 41
        },
        "04": {
            "YearMonth": "2022/10",
            "USDRatePerDollar": 146.37326085714284,
            "MMKRatePerYen": 18.537959428571426,
            "DayTime": "04 00:00",
            "USDRatePerDollarTotal": 5123.06413,
            "MMKRatePerYenTotal": 648.8285799999999,
            "Count": 35
        }
    }
}