{
    "Items": {
        "01": {
            "YearMonth": "2022/07",
            "USDRatePerDollar": 137.23777250000006,
            "MMKRatePerYen": 13.55501415789474,
            "DayTime": "01 00:00",
            "USDRatePerDollarTotal": 5215.035355000003,
            "MMKRatePerYenTotal": 515.0905380000002,
            "Count": 38
        }
    }
}