{
    "Items": {
        "01": {
            "YearMonth": "2022/12",
            "USDRatePerDollar": 139.09166538461534,
            "MMKRatePerYen": 20.662882999999994,
            "DayTime": "01 00:00",
            "USDRatePerDollarTotal": 5424.574949999998,
            "MMKRatePerYenTotal": 805.8524369999998,
            "Count": 39
        }
    }
}