{
    "Items": {
        "01": {
            "YearMonth": "2022/05",
            "USDRatePerDollar": 131.31836828571426,
            "MMKRatePerYen": 14.20354200000001,
            "DayTime": "01 00:00",
            "USDRatePerDollarTotal": 3676.9143119999994,
            "MMKRatePerYenTotal": 397.69917600000025,
            "Count": 28
        },
        "02": {
            "YearMonth": "2022/05",
            "USDRatePerDollar": 131.50424982758625,
            "MMKRatePerYen": 14.20354200000001,
            "DayTime": "02 00:00",
            "USDRatePerDollarTotal": 3813.6232450000016,
            "MMKRatePerYenTotal": 411.9027180000003,
            "Count": 29
        },
        "03": {
            "YearMonth": "2022/05",
            "USDRatePerDollar": 131.60566770967745,
            "MMKRatePerYen": 14.203542000000011,
            "DayTime": "03 00:00",
            "USDRatePerDollarTotal": 4079.7756990000007,
            "MMKRatePerYenTotal": 440.30980200000033,
            "Count": 31
        },
        "04": {
            "YearMonth": "2022/05",
            "USDRatePerDollar": 131.55194846428566,
            "MMKRatePerYen": 14.197675142857134,
            "DayTime": "04 00:00",
            "USDRatePerDollarTotal": 3683.4545569999987,
            "MMKRatePerYenTotal": 397.53490399999976,
            "Count": 28
        },
        "05": {
            "YearMonth": "2022/05",
            "USDRatePerDollar": 130.8039098571429,
            "MMKRatePerYen": 14.237327171428564,
            "DayTime": "05 00:00",
            "USDRatePerDollarTotal": 4578.136845000002,
            "MMKRatePerYenTotal": 498.30645099999975,
            "Count": 35
        },
        "06": {
            "YearMonth": "2022/05",
            "USDRatePerDollar": 131.58178546875007,
            "MMKRatePerYen": 14.193844874999995,
            "DayTime": "06 00:00",
            "USDRatePerDollarTotal": 4210.617135000002,
            "MMKRatePerYenTotal": 454.2030359999998,
            "Count": 32
        },
        "07": {
            "YearMonth": "2022/05",
            "USDRatePerDollar": 132.0342512333333,
            "MMKRatePerYen": 14.123583233333328,
            "DayTime": "07 00:00",
            "USDRatePerDollarTotal": 3961.027536999999,
            "MMKRatePerYenTotal": 423.7074969999998,
            "Count": 30
        },
        "08": {
            "YearMonth": "2022/05",
            "USDRatePerDollar": 132.0466744827586,
            "MMKRatePerYen": 14.101747999999992,
            "DayTime": "08 00:00",
            "USDRatePerDollarTotal": 3829.353559999999,
            "MMKRatePerYenTotal": 408.9506919999998,
            "Count": 29
        },
        "09": {
            "YearMonth": "2022/05",
            "USDRatePerDollar": 132.24839018749998,
            "MMKRatePerYen": 14.103549249999991,
            "DayTime": "09 00:00",
            "USDRatePerDollarTotal": 4231.948485999999,
            "MMKRatePerYenTotal": 451.3135759999997,
            "Count": 32
        }
    }
}