{
    "Items": {
        "01": {
            "YearMonth": "2022/05",
            "USDRatePerDollar": 131.31836828571426,
            "MMKRatePerYen": 14.20354200000001,
            "DayTime": "01 00:00",
            "USDRatePerDollarTotal": 3676.9143119999994,
            "MMKRatePerYenTotal": 397.69917600000025,
            "Count": 28
        },
        "02": {
            "YearMonth": "2022/05",
            "USDRatePerDollar": 131.50424982758625,
            "MMKRatePerYen": 14.20354200000001,
            "DayTime": "02 00:00",
            "USDRatePerDollarTotal": 3813.6232450000016,
            "MMKRatePerYenTotal": 411.9027180000003,
            "Count": 29
        },
        "03": {
            "YearMonth": "2022/05",
            "USDRatePerDollar": 131.60566770967745,
            "MMKRatePerYen": 14.203542000000011,
            "DayTime": "03 00:00",
            "USDRatePerDollarTotal": 4079.7756990000007,
            "MMKRatePerYenTotal": 440.30980200000033,
            "Count": 31
        },
        "04": {
            "YearMonth": "2022/05",
            "USDRatePerDollar": 131.55194846428566,
            "MMKRatePerYen": 14.197675142857134,
            "DayTime": "04 00:00",
            "USDRatePerDollarTotal": 3683.4545569999987,
            "MMKRatePerYenTotal": 397.53490399999976,
            "Count": 28
        }
    }
}