{
    "Items": {
        "01": {
            "YearMonth": "2022/12",
            "USDRatePerDollar": 139.09166538461534,
            "MMKRatePerYen": 20.662882999999994,
            "DayTime": "01 00:00",
            "USDRatePerDollarTotal": 5424.574949999998,
            "MMKRatePerYenTotal": 805.8524369999998,
            "Count": 39
        },
        "02": {
            "YearMonth": "2022/12",
            "USDRatePerDollar": 137.04239247368415,
            "MMKRatePerYen": 20.994395736842108,
            "DayTime": "02 00:00",
            "USDRatePerDollarTotal": 5207.610913999998,
            "MMKRatePerYenTotal": 797.787038,
            "Count": 38
        },
        "03": {
            "YearMonth": "2022/12",
            "USDRatePerDollar": 136.03309606451606,
            "MMKRatePerYen": 21.19859083870968,
            "DayTime": "03 00:00",
            "USDRatePerDollarTotal": 4217.025977999998,
            "MMKRatePerYenTotal": 657.1563160000001,
            "Count": 31
        },
        "04": {
            "YearMonth": "2022/12",
            "USDRatePerDollar": 135.83227485714278,
            "MMKRatePerYen": 21.250706,
            "DayTime": "04 00:00",
            "USDRatePerDollarTotal": 3803.303695999998,
            "MMKRatePerYenTotal": 595.019768,
            "Count": 28
        },
        "05": {
            "YearMonth": "2022/12",
            "USDRatePerDollar": 135.87209006060604,
            "MMKRatePerYen": 21.250706000000005,
            "DayTime": "05 00:00",
            "USDRatePerDollarTotal": 4483.778971999999,
            "MMKRatePerYenTotal": 701.2732980000002,
            "Count": 33
        },
        "06": {
            "YearMonth": "2022/12",
            "USDRatePerDollar": 137.8118467027026,
            "MMKRatePerYen": 21.016989108108113,
            "DayTime": "06 00:00",
            "USDRatePerDollarTotal": 5099.038327999997,
            "MMKRatePerYenTotal": 777.6285970000002,
            "Count": 37
        }
    }
}