{
    "Items": {
        "01": {
            "YearMonth": "2022/08",
            "USDRatePerDollar": 134.44089853846157,
            "MMKRatePerYen": 13.812185,
            "DayTime": "01 00:00",
            "USDRatePerDollarTotal": 5243.1950430000015,
            "MMKRatePerYenTotal": 538.675215,
            "Count": 39
        },
        "02": {
            "YearMonth": "2022/08",
            "USDRatePerDollar": 133.01524651428574,
            "MMKRatePerYen": 13.984234285714274,
            "DayTime": "02 00:00",
            "USDRatePerDollarTotal": 4655.533628000001,
            "MMKRatePerYenTotal": 489.4481999999996,
            "Count": 35
        },
        "03": {
            "YearMonth": "2022/08",
            "USDRatePerDollar": 134.12942617142863,
            "MMKRatePerYen": 13.913478457142865,
            "DayTime": "03 00:00",
            "USDRatePerDollarTotal": 4694.529916000002,
            "MMKRatePerYenTotal": 486.9717460000003,
            "Count": 35
        }
    }
}