{
    "Items": {
        "01": {
            "YearMonth": "2022/10",
            "USDRatePerDollar": 146.37462811111115,
            "MMKRatePerYen": 20.421415333333332,
            "DayTime": "01 00:00",
            "USDRatePerDollarTotal": 3952.114959000001,
            "MMKRatePerYenTotal": 551.378214,
            "Count": 27
        },
        "02": {
            "YearMonth": "2022/10",
            "USDRatePerDollar": 146.39124285714288,
            "MMKRatePerYen": 20.254278,
            "DayTime": "02 00:00",
            "USDRatePerDollarTotal": 4098.9548,
            "MMKRatePerYenTotal": 567.119784,
            "Count": 28
        },
        "03": {
            "YearMonth": "2022/10",
            "USDRatePerDollar": 146.422739512195,
            "MMKRatePerYen": 19.87091751219511,
            "DayTime": "03 00:00",
            "USDRatePerDollarTotal": 6003.332319999995,
            "MMKRatePerYenTotal": 814.7076179999995,
            "Count": 41
        },
        "04": {
            "YearMonth": "2022/10",
            "USDRatePerDollar": 146.37326085714284,
            "MMKRatePerYen": 18.537959428571426,
            "DayTime": "04 00:00",
            "USDRatePerDollarTotal": 5123.06413,
            "MMKRatePerYenTotal": 648.8285799999999,
            "Count": 35
        },
        "05": {
            "YearMonth": "2022/10",
            "USDRatePerDollar": 145.9204833170732,
            "MMKRatePerYen": 18.763925682926846,
            "DayTime": "05 00:00",
            "USDRatePerDollarTotal": 5982.739816000001,
            "MMKRatePerYenTotal": 769.3209530000007,
            "Count": 41
        },
        "06": {
            "YearMonth": "2022/10",
            "USDRatePerDollar": 146.1129437027027,
            "MMKRatePerYen": 19.003076729729724,
            "DayTime": "06 00:00",
            "USDRatePerDollarTotal": 5406.178917,
            "MMKRatePerYenTotal": 703.1138389999998,
            "Count": 37
        },
        "07": {
            "YearMonth": "2022/10",
            "USDRatePerDollar": 146.56739219444452,
            "MMKRatePerYen": 19.656103666666652,
            "DayTime": "07 00:00",
            "USDRatePerDollarTotal": 5276.4261190000025,
            "MMKRatePerYenTotal": 707.6197319999994,
            "Count": 36
        },
        "08": {
            "YearMonth": "2022/10",
            "USDRatePerDollar": 146.89628753571432,
            "MMKRatePerYen": 18.92428571428572,
            "DayTime": "08 00:00",
            "USDRatePerDollarTotal": 4113.096051000001,
            "MMKRatePerYenTotal": 529.8800000000001,
            "Count": 28
        }
    }
}