{
    "Items": {
        "10": {
            "YearMonth": "2022/10",
            "USDRatePerDollar": 147.055726030303,
            "MMKRatePerYen": 18.5,
            "DayTime": "10 00:00",
            "USDRatePerDollarTotal": 4852.838958999999,
            "MMKRatePerYenTotal": 610.5,
            "Count": 33
        },
        "11": {
            "YearMonth": "2022/10",
            "USDRatePerDollar": 147.31510524999996,
            "MMKRatePerYen": 19.040157666666662,
            "DayTime": "11 00:00",
            "USDRatePerDollarTotal": 5303.343788999999,
            "MMKRatePerYenTotal": 685.4456759999998,
            "Count": 36
        },
        "12": {
            "YearMonth": "2022/10",
            "USDRatePerDollar": 147.64223518918922,
            "MMKRatePerYen": 19.63338875675677,
            "DayTime": "12 00:00",
            "USDRatePerDollarTotal": 5462.762702000001,
            "MMKRatePerYenTotal": 726.4353840000005,
            "Count": 37
        },
        "13": {
            "YearMonth": "2022/10",
            "USDRatePerDollar": 148.3398303703703,
            "MMKRatePerYen": 19.358002370370375,
            "DayTime": "13 00:00",
            "USDRatePerDollarTotal": 4005.1754199999978,
            "MMKRatePerYenTotal": 522.6660640000001,
            "Count": 27
        },
        "14": {
            "YearMonth": "2022/10",
            "USDRatePerDollar": 148.83133421428562,
            "MMKRatePerYen": 19.266167214285726,
            "DayTime": "14 00:00",
            "USDRatePerDollarTotal": 4167.277357999998,
            "MMKRatePerYenTotal": 539.4526820000003,
            "Count": 28
        },
        "15": {
            "YearMonth": "2022/10",
            "USDRatePerDollar": 150.08627553333332,
            "MMKRatePerYen": 19.13353606666667,
            "DayTime": "15 00:00",
            "USDRatePerDollarTotal": 4502.588266,
            "MMKRatePerYenTotal": 574.0060820000001,
            "Count": 30
        },
        "16": {
            "YearMonth": "2022/10",
            "USDRatePerDollar": 150.42101057142855,
            "MMKRatePerYen": 19.05105800000001,
            "DayTime": "16 00:00",
            "USDRatePerDollarTotal": 4211.788296,
            "MMKRatePerYenTotal": 533.4296240000002,
            "Count": 28
        },
        "17": {
            "YearMonth": "2022/10",
            "USDRatePerDollar": 150.34771700000005,
            "MMKRatePerYen": 19.06185291891892,
            "DayTime": "17 00:00",
            "USDRatePerDollarTotal": 5562.8655290000015,
            "MMKRatePerYenTotal": 705.288558,
            "Count": 37
        },
        "18": {
            "YearMonth": "2022/10",
            "USDRatePerDollar": 150.56527084848486,
            "MMKRatePerYen": 19.058112666666663,
            "DayTime": "18 00:00",
            "USDRatePerDollarTotal": 4968.653938,
            "MMKRatePerYenTotal": 628.9177179999999,
            "Count": 33
        },
        "19": {
            "YearMonth": "2022/10",
            "USDRatePerDollar": 150.81554509090904,
            "MMKRatePerYen": 18.99835166666667,
            "DayTime": "19 00:00",
            "USDRatePerDollarTotal": 4976.912987999998,
            "MMKRatePerYenTotal": 626.9456050000001,
            "Count": 33
        },
        "20": {
            "YearMonth": "2022/10",
            "USDRatePerDollar": 151.461882625,
            "MMKRatePerYen": 18.788380349999986,
            "DayTime": "20 00:00",
            "USDRatePerDollarTotal": 6058.475304999999,
            "MMKRatePerYenTotal": 751.5352139999994,
            "Count": 40
        },
        "21": {
            "YearMonth": "2022/10",
            "USDRatePerDollar": 151.86179223529413,
            "MMKRatePerYen": 18.706862352941176,
            "DayTime": "21 00:00",
            "USDRatePerDollarTotal": 5163.300936000001,
            "MMKRatePerYenTotal": 636.03332,
            "Count": 34
        },
        "22": {
            "YearMonth": "2022/10",
            "USDRatePerDollar": 149.99003371428577,
            "MMKRatePerYen": 18.890681714285705,
            "DayTime": "22 00:00",
            "USDRatePerDollarTotal": 4199.7209440000015,
            "MMKRatePerYenTotal": 528.9390879999997,
            "Count": 28
        },
        "23": {
            "YearMonth": "2022/10",
            "USDRatePerDollar": 149.32047280000003,
            "MMKRatePerYen": 19.026012999999995,
            "DayTime": "23 00:00",
            "USDRatePerDollarTotal": 4479.614184000001,
            "MMKRatePerYenTotal": 570.7803899999999,
            "Count": 30
        },
        "24": {
            "YearMonth": "2022/10",
            "USDRatePerDollar": 149.87572576666668,
            "MMKRatePerYen": 18.980752,
            "DayTime": "24 00:00",
            "USDRatePerDollarTotal": 4496.271773,
            "MMKRatePerYenTotal": 569.42256,
            "Count": 30
        },
        "01": {
            "YearMonth": "2022/10",
            "USDRatePerDollar": 146.37462811111115,
            "MMKRatePerYen": 20.421415333333332,
            "DayTime": "01 00:00",
            "USDRatePerDollarTotal": 3952.114959000001,
            "MMKRatePerYenTotal": 551.378214,
            "Count": 27
        },
        "02": {
            "YearMonth": "2022/10",
            "USDRatePerDollar": 146.39124285714288,
            "MMKRatePerYen": 20.254278,
            "DayTime": "02 00:00",
            "USDRatePerDollarTotal": 4098.9548,
            "MMKRatePerYenTotal": 567.119784,
            "Count": 28
        },
        "03": {
            "YearMonth": "2022/10",
            "USDRatePerDollar": 146.422739512195,
            "MMKRatePerYen": 19.87091751219511,
            "DayTime": "03 00:00",
            "USDRatePerDollarTotal": 6003.332319999995,
            "MMKRatePerYenTotal": 814.7076179999995,
            "Count": 41
        },
        "04": {
            "YearMonth": "2022/10",
            "USDRatePerDollar": 146.37326085714284,
            "MMKRatePerYen": 18.537959428571426,
            "DayTime": "04 00:00",
            "USDRatePerDollarTotal": 5123.06413,
            "MMKRatePerYenTotal": 648.8285799999999,
            "Count": 35
        },
        "05": {
            "YearMonth": "2022/10",
            "USDRatePerDollar": 145.9204833170732,
            "MMKRatePerYen": 18.763925682926846,
            "DayTime": "05 00:00",
            "USDRatePerDollarTotal": 5982.739816000001,
            "MMKRatePerYenTotal": 769.3209530000007,
            "Count": 41
        },
        "06": {
            "YearMonth": "2022/10",
            "USDRatePerDollar": 146.1129437027027,
            "MMKRatePerYen": 19.003076729729724,
            "DayTime": "06 00:00",
            "USDRatePerDollarTotal": 5406.178917,
            "MMKRatePerYenTotal": 703.1138389999998,
            "Count": 37
        },
        "07": {
            "YearMonth": "2022/10",
            "USDRatePerDollar": 146.56739219444452,
            "MMKRatePerYen": 19.656103666666652,
            "DayTime": "07 00:00",
            "USDRatePerDollarTotal": 5276.4261190000025,
            "MMKRatePerYenTotal": 707.6197319999994,
            "Count": 36
        },
        "08": {
            "YearMonth": "2022/10",
            "USDRatePerDollar": 146.89628753571432,
            "MMKRatePerYen": 18.92428571428572,
            "DayTime": "08 00:00",
            "USDRatePerDollarTotal": 4113.096051000001,
            "MMKRatePerYenTotal": 529.8800000000001,
            "Count": 28
        },
        "09": {
            "YearMonth": "2022/10",
            "USDRatePerDollar": 146.993288,
            "MMKRatePerYen": 18.5,
            "DayTime": "09 00:00",
            "USDRatePerDollarTotal": 4262.805352,
            "MMKRatePerYenTotal": 536.5,
            "Count": 29
        }
    }
}