{
    "Items": {
        "01": {
            "YearMonth": "2022/11",
            "USDRatePerDollar": 150.05956444117646,
            "MMKRatePerYen": 19.207888176470586,
            "DayTime": "01 00:00",
            "USDRatePerDollarTotal": 5102.025191,
            "MMKRatePerYenTotal": 653.0681979999999,
            "Count": 34
        },
        "02": {
            "YearMonth": "2022/11",
            "USDRatePerDollar": 149.49325282857137,
            "MMKRatePerYen": 19.19463177142858,
            "DayTime": "02 00:00",
            "USDRatePerDollarTotal": 5232.263848999998,
            "MMKRatePerYenTotal": 671.8121120000003,
            "Count": 35
        },
        "03": {
            "YearMonth": "2022/11",
            "USDRatePerDollar": 149.15528994285717,
            "MMKRatePerYen": 19.257980485714274,
            "DayTime": "03 00:00",
            "USDRatePerDollarTotal": 5220.4351480000005,
            "MMKRatePerYenTotal": 674.0293169999997,
            "Count": 35
        },
        "04": {
            "YearMonth": "2022/11",
            "USDRatePerDollar": 149.68350402380952,
            "MMKRatePerYen": 19.241244999999992,
            "DayTime": "04 00:00",
            "USDRatePerDollarTotal": 6286.707169,
            "MMKRatePerYenTotal": 808.1322899999997,
            "Count": 42
        },
        "05": {
            "YearMonth": "2022/11",
            "USDRatePerDollar": 148.63430246428567,
            "MMKRatePerYen": 19.355694214285712,
            "DayTime": "05 00:00",
            "USDRatePerDollarTotal": 4161.760468999999,
            "MMKRatePerYenTotal": 541.959438,
            "Count": 28
        },
        "06": {
            "YearMonth": "2022/11",
            "USDRatePerDollar": 148.25637439999994,
            "MMKRatePerYen": 19.430141,
            "DayTime": "06 00:00",
            "USDRatePerDollarTotal": 4447.691231999998,
            "MMKRatePerYenTotal": 582.90423,
            "Count": 30
        },
        "07": {
            "YearMonth": "2022/11",
            "USDRatePerDollar": 148.49316916216216,
            "MMKRatePerYen": 19.43014100000001,
            "DayTime": "07 00:00",
            "USDRatePerDollarTotal": 5494.247259,
            "MMKRatePerYenTotal": 718.9152170000003,
            "Count": 37
        },
        "08": {
            "YearMonth": "2022/11",
            "USDRatePerDollar": 148.40127682352943,
            "MMKRatePerYen": 19.440057941176477,
            "DayTime": "08 00:00",
            "USDRatePerDollarTotal": 5045.643412,
            "MMKRatePerYenTotal": 660.9619700000002,
            "Count": 34
        },
        "09": {
            "YearMonth": "2022/11",
            "USDRatePerDollar": 147.48895282352942,
            "MMKRatePerYen": 19.5294800882353,
            "DayTime": "09 00:00",
            "USDRatePerDollarTotal": 5014.624396,
            "MMKRatePerYenTotal": 664.0023230000002,
            "Count": 34
        }
    }
}