{
    "Items": {
        "10": {
            "YearMonth": "2022/06",
            "USDRatePerDollar": 135.71988790909094,
            "MMKRatePerYen": 13.732135333333334,
            "DayTime": "10 00:00",
            "USDRatePerDollarTotal": 4478.756301000001,
            "MMKRatePerYenTotal": 453.16046600000004,
            "Count": 33
        },
        "11": {
            "YearMonth": "2022/06",
            "USDRatePerDollar": 135.87259827586203,
            "MMKRatePerYen": 13.713249,
            "DayTime": "11 00:00",
            "USDRatePerDollarTotal": 3940.305349999999,
            "MMKRatePerYenTotal": 397.684221,
            "Count": 29
        },
        "12": {
            "YearMonth": "2022/06",
            "USDRatePerDollar": 135.96177559999995,
            "MMKRatePerYen": 13.703756999999998,
            "DayTime": "12 00:00",
            "USDRatePerDollarTotal": 3399.0443899999987,
            "MMKRatePerYenTotal": 342.59392499999996,
            "Count": 25
        },
        "13": {
            "YearMonth": "2022/06",
            "USDRatePerDollar": 136.14175345454547,
            "MMKRatePerYen": 13.703756999999998,
            "DayTime": "13 00:00",
            "USDRatePerDollarTotal": 4492.677864,
            "MMKRatePerYenTotal": 452.2239809999999,
            "Count": 33
        },
        "14": {
            "YearMonth": "2022/06",
            "USDRatePerDollar": 136.0996746285714,
            "MMKRatePerYen": 13.714450800000005,
            "DayTime": "14 00:00",
            "USDRatePerDollarTotal": 4763.488611999999,
            "MMKRatePerYenTotal": 480.0057780000002,
            "Count": 35
        },
        "15": {
            "YearMonth": "2022/06",
            "USDRatePerDollar": 136.67274887878796,
            "MMKRatePerYen": 13.652678363636372,
            "DayTime": "15 00:00",
            "USDRatePerDollarTotal": 4510.200713000003,
            "MMKRatePerYenTotal": 450.5383860000003,
            "Count": 33
        },
        "01": {
            "YearMonth": "2022/06",
            "USDRatePerDollar": 130.2175581470589,
            "MMKRatePerYen": 14.344046470588244,
            "DayTime": "01 00:00",
            "USDRatePerDollarTotal": 4427.396977000002,
            "MMKRatePerYenTotal": 487.6975800000003,
            "Count": 34
        },
        "02": {
            "YearMonth": "2022/06",
            "USDRatePerDollar": 131.344166625,
            "MMKRatePerYen": 14.209906374999994,
            "DayTime": "02 00:00",
            "USDRatePerDollarTotal": 4203.013332,
            "MMKRatePerYenTotal": 454.7170039999998,
            "Count": 32
        },
        "03": {
            "YearMonth": "2022/06",
            "USDRatePerDollar": 131.34517019354846,
            "MMKRatePerYen": 14.170315741935495,
            "DayTime": "03 00:00",
            "USDRatePerDollarTotal": 4071.700276000002,
            "MMKRatePerYenTotal": 439.27978800000034,
            "Count": 31
        },
        "04": {
            "YearMonth": "2022/06",
            "USDRatePerDollar": 132.09383382758625,
            "MMKRatePerYen": 14.113737448275867,
            "DayTime": "04 00:00",
            "USDRatePerDollarTotal": 3830.7211810000017,
            "MMKRatePerYenTotal": 409.2983860000001,
            "Count": 29
        },
        "05": {
            "YearMonth": "2022/06",
            "USDRatePerDollar": 132.36219567857148,
            "MMKRatePerYen": 14.064410000000006,
            "DayTime": "05 00:00",
            "USDRatePerDollarTotal": 3706.1414790000017,
            "MMKRatePerYenTotal": 393.80348000000015,
            "Count": 28
        },
        "06": {
            "YearMonth": "2022/06",
            "USDRatePerDollar": 132.1927986774194,
            "MMKRatePerYen": 14.064410000000006,
            "DayTime": "06 00:00",
            "USDRatePerDollarTotal": 4097.976759000002,
            "MMKRatePerYenTotal": 435.9967100000002,
            "Count": 31
        },
        "07": {
            "YearMonth": "2022/06",
            "USDRatePerDollar": 133.41215696969692,
            "MMKRatePerYen": 13.998258090909099,
            "DayTime": "07 00:00",
            "USDRatePerDollarTotal": 4402.601179999999,
            "MMKRatePerYenTotal": 461.94251700000024,
            "Count": 33
        },
        "08": {
            "YearMonth": "2022/06",
            "USDRatePerDollar": 134.31269657575757,
            "MMKRatePerYen": 13.918017272727283,
            "DayTime": "08 00:00",
            "USDRatePerDollarTotal": 4432.318987,
            "MMKRatePerYenTotal": 459.29457000000036,
            "Count": 33
        },
        "09": {
            "YearMonth": "2022/06",
            "USDRatePerDollar": 135.48888420588233,
            "MMKRatePerYen": 13.800654470588242,
            "DayTime": "09 00:00",
            "USDRatePerDollarTotal": 4606.622062999999,
            "MMKRatePerYenTotal": 469.2222520000002,
            "Count": 34
        }
    }
}