{
    "Items": {
        "01": {
            "YearMonth": "2022/10",
            "USDRatePerDollar": 146.37462811111115,
            "MMKRatePerYen": 20.421415333333332,
            "DayTime": "01 00:00",
            "USDRatePerDollarTotal": 3952.114959000001,
            "MMKRatePerYenTotal": 551.378214,
            "Count": 27
        }
    }
}