{
    "Items": {
        "01": {
            "YearMonth": "2022/02",
            "USDRatePerDollar": 116.45019856250005,
            "MMKRatePerYen": 15.402493124999989,
            "DayTime": "01 00:00",
            "USDRatePerDollarTotal": 3726.4063540000016,
            "MMKRatePerYenTotal": 492.87977999999964,
            "Count": 32
        },
        "02": {
            "YearMonth": "2022/02",
            "USDRatePerDollar": 116.06820972222226,
            "MMKRatePerYen": 15.44199791666667,
            "DayTime": "02 00:00",
            "USDRatePerDollarTotal": 4178.4555500000015,
            "MMKRatePerYenTotal": 555.9119250000001,
            "Count": 36
        },
        "03": {
            "YearMonth": "2022/02",
            "USDRatePerDollar": 115.81954512499992,
            "MMKRatePerYen": 15.490129374999992,
            "DayTime": "03 00:00",
            "USDRatePerDollarTotal": 3706.2254439999974,
            "MMKRatePerYenTotal": 495.68413999999973,
            "Count": 32
        },
        "04": {
            "YearMonth": "2022/02",
            "USDRatePerDollar": 116.1039510625,
            "MMKRatePerYen": 15.461221750000004,
            "DayTime": "04 00:00",
            "USDRatePerDollarTotal": 3715.326434,
            "MMKRatePerYenTotal": 494.7590960000001,
            "Count": 32
        },
        "05": {
            "YearMonth": "2022/02",
            "USDRatePerDollar": 116.42525341379306,
            "MMKRatePerYen": 15.427743310344836,
            "DayTime": "05 00:00",
            "USDRatePerDollarTotal": 3376.332348999999,
            "MMKRatePerYenTotal": 447.40455600000024,
            "Count": 29
        }
    }
}