{
    "Items": {
        "01": {
            "YearMonth": "2022/09",
            "USDRatePerDollar": 140.77746918750003,
            "MMKRatePerYen": 17.749644624999995,
            "DayTime": "01 00:00",
            "USDRatePerDollarTotal": 4504.879014000001,
            "MMKRatePerYenTotal": 567.9886279999998,
            "Count": 32
        }
    }
}