{
    "Items": {
        "10": {
            "YearMonth": "2022/04",
            "USDRatePerDollar": 125.73801688000003,
            "MMKRatePerYen": 14.851659999999997,
            "DayTime": "10 00:00",
            "USDRatePerDollarTotal": 3143.450422000001,
            "MMKRatePerYenTotal": 371.2914999999999,
            "Count": 25
        },
        "11": {
            "YearMonth": "2022/04",
            "USDRatePerDollar": 125.98147993939394,
            "MMKRatePerYen": 14.852595454545465,
            "DayTime": "11 00:00",
            "USDRatePerDollarTotal": 4157.388838,
            "MMKRatePerYenTotal": 490.13565000000034,
            "Count": 33
        },
        "12": {
            "YearMonth": "2022/04",
            "USDRatePerDollar": 126.71978541935486,
            "MMKRatePerYen": 14.772188774193546,
            "DayTime": "12 00:00",
            "USDRatePerDollarTotal": 3928.3133480000006,
            "MMKRatePerYenTotal": 457.93785199999996,
            "Count": 31
        },
        "13": {
            "YearMonth": "2022/04",
            "USDRatePerDollar": 126.88950099999998,
            "MMKRatePerYen": 14.721068,
            "DayTime": "13 00:00",
            "USDRatePerDollarTotal": 4314.243033999999,
            "MMKRatePerYenTotal": 500.516312,
            "Count": 34
        },
        "14": {
            "YearMonth": "2022/04",
            "USDRatePerDollar": 126.85826240624996,
            "MMKRatePerYen": 14.709159156249997,
            "DayTime": "14 00:00",
            "USDRatePerDollarTotal": 4059.464396999999,
            "MMKRatePerYenTotal": 470.6930929999999,
            "Count": 32
        },
        "15": {
            "YearMonth": "2022/04",
            "USDRatePerDollar": 127.38037153124993,
            "MMKRatePerYen": 14.685566968750004,
            "DayTime": "15 00:00",
            "USDRatePerDollarTotal": 4076.171888999998,
            "MMKRatePerYenTotal": 469.93814300000014,
            "Count": 32
        },
        "16": {
            "YearMonth": "2022/04",
            "USDRatePerDollar": 127.7983056428571,
            "MMKRatePerYen": 14.637357714285717,
            "DayTime": "16 00:00",
            "USDRatePerDollarTotal": 3578.3525579999987,
            "MMKRatePerYenTotal": 409.8460160000001,
            "Count": 28
        },
        "17": {
            "YearMonth": "2022/04",
            "USDRatePerDollar": 127.77813580769225,
            "MMKRatePerYen": 14.609126000000002,
            "DayTime": "17 00:00",
            "USDRatePerDollarTotal": 3322.2315309999985,
            "MMKRatePerYenTotal": 379.83727600000003,
            "Count": 26
        },
        "18": {
            "YearMonth": "2022/04",
            "USDRatePerDollar": 127.88462100000005,
            "MMKRatePerYen": 14.609126000000002,
            "DayTime": "18 00:00",
            "USDRatePerDollarTotal": 3964.4232510000015,
            "MMKRatePerYenTotal": 452.88290600000005,
            "Count": 31
        },
        "19": {
            "YearMonth": "2022/04",
            "USDRatePerDollar": 128.83265425714288,
            "MMKRatePerYen": 14.563930999999993,
            "DayTime": "19 00:00",
            "USDRatePerDollarTotal": 4509.142899,
            "MMKRatePerYenTotal": 509.73758499999974,
            "Count": 35
        },
        "20": {
            "YearMonth": "2022/04",
            "USDRatePerDollar": 129.88899259459458,
            "MMKRatePerYen": 14.404340189189186,
            "DayTime": "20 00:00",
            "USDRatePerDollarTotal": 4805.892725999999,
            "MMKRatePerYenTotal": 532.9605869999999,
            "Count": 37
        },
        "21": {
            "YearMonth": "2022/04",
            "USDRatePerDollar": 129.67667006451612,
            "MMKRatePerYen": 14.385765129032258,
            "DayTime": "21 00:00",
            "USDRatePerDollarTotal": 4019.976772,
            "MMKRatePerYenTotal": 445.958719,
            "Count": 31
        },
        "22": {
            "YearMonth": "2022/04",
            "USDRatePerDollar": 129.86559589655175,
            "MMKRatePerYen": 14.408691379310339,
            "DayTime": "22 00:00",
            "USDRatePerDollarTotal": 3766.102281000001,
            "MMKRatePerYenTotal": 417.85204999999985,
            "Count": 29
        },
        "23": {
            "YearMonth": "2022/04",
            "USDRatePerDollar": 129.97640396153838,
            "MMKRatePerYen": 14.379496153846162,
            "DayTime": "23 00:00",
            "USDRatePerDollarTotal": 3379.386502999998,
            "MMKRatePerYenTotal": 373.8669000000002,
            "Count": 26
        },
        "24": {
            "YearMonth": "2022/04",
            "USDRatePerDollar": 130.02180257142848,
            "MMKRatePerYen": 14.37159500000001,
            "DayTime": "24 00:00",
            "USDRatePerDollarTotal": 3640.6104719999976,
            "MMKRatePerYenTotal": 402.40466000000026,
            "Count": 28
        },
        "25": {
            "YearMonth": "2022/04",
            "USDRatePerDollar": 129.9217825428572,
            "MMKRatePerYen": 14.37159500000001,
            "DayTime": "25 00:00",
            "USDRatePerDollarTotal": 4547.262389000001,
            "MMKRatePerYenTotal": 503.00582500000036,
            "Count": 35
        },
        "26": {
            "YearMonth": "2022/04",
            "USDRatePerDollar": 129.5602019473684,
            "MMKRatePerYen": 14.408835789473684,
            "DayTime": "26 00:00",
            "USDRatePerDollarTotal": 4923.287673999999,
            "MMKRatePerYenTotal": 547.53576,
            "Count": 38
        },
        "27": {
            "YearMonth": "2022/04",
            "USDRatePerDollar": 129.06232597142855,
            "MMKRatePerYen": 14.474926485714292,
            "DayTime": "27 00:00",
            "USDRatePerDollarTotal": 4517.181408999999,
            "MMKRatePerYenTotal": 506.62242700000024,
            "Count": 35
        },
        "28": {
            "YearMonth": "2022/04",
            "USDRatePerDollar": 130.4117439473684,
            "MMKRatePerYen": 14.43335442105264,
            "DayTime": "28 00:00",
            "USDRatePerDollarTotal": 4955.646269999999,
            "MMKRatePerYenTotal": 548.4674680000003,
            "Count": 38
        },
        "29": {
            "YearMonth": "2022/04",
            "USDRatePerDollar": 131.95528223529413,
            "MMKRatePerYen": 14.252909117647054,
            "DayTime": "29 00:00",
            "USDRatePerDollarTotal": 4486.479596000001,
            "MMKRatePerYenTotal": 484.5989099999998,
            "Count": 34
        },
        "30": {
            "YearMonth": "2022/04",
            "USDRatePerDollar": 131.49149119999998,
            "MMKRatePerYen": 14.19088560000001,
            "DayTime": "30 00:00",
            "USDRatePerDollarTotal": 3944.744735999999,
            "MMKRatePerYenTotal": 425.7265680000003,
            "Count": 30
        },
        "01": {
            "YearMonth": "2022/04",
            "USDRatePerDollar": 123.66454900000004,
            "MMKRatePerYen": 14.566813545454552,
            "DayTime": "01 00:00",
            "USDRatePerDollarTotal": 4080.9301170000012,
            "MMKRatePerYenTotal": 480.70484700000026,
            "Count": 33
        },
        "02": {
            "YearMonth": "2022/04",
            "USDRatePerDollar": 123.92902245161288,
            "MMKRatePerYen": 14.519852258064512,
            "DayTime": "02 00:00",
            "USDRatePerDollarTotal": 3841.799695999999,
            "MMKRatePerYenTotal": 450.11541999999986,
            "Count": 31
        },
        "03": {
            "YearMonth": "2022/04",
            "USDRatePerDollar": 123.88431485714283,
            "MMKRatePerYen": 14.482532999999993,
            "DayTime": "03 00:00",
            "USDRatePerDollarTotal": 3468.760815999999,
            "MMKRatePerYenTotal": 405.5109239999998,
            "Count": 28
        },
        "04": {
            "YearMonth": "2022/04",