{
    "Items": {
        "10": {
            "YearMonth": "2022/01",
            "USDRatePerDollar": 116.95963588235293,
            "MMKRatePerYen": 15.343457,
            "DayTime": "10 00:00",
            "USDRatePerDollarTotal": 3976.6276199999993,
            "MMKRatePerYenTotal": 521.677538,
            "Count": 34
        },
        "11": {
            "YearMonth": "2022/01",
            "USDRatePerDollar": 116.6712975405405,
            "MMKRatePerYen": 15.385531324324313,
            "DayTime": "11 00:00",
            "USDRatePerDollarTotal": 4316.838008999998,
            "MMKRatePerYenTotal": 569.2646589999996,
            "Count": 37
        },
        "12": {
            "YearMonth": "2022/01",
            "USDRatePerDollar": 116.6366295882353,
            "MMKRatePerYen": 15.374311411764708,
            "DayTime": "12 00:00",
            "USDRatePerDollarTotal": 3965.645406,
            "MMKRatePerYenTotal": 522.7265880000001,
            "Count": 34
        },
        "01": {
            "YearMonth": "2022/01",
            "USDRatePerDollar": 116.39688714285718,
            "MMKRatePerYen": 15.417737714285712,
            "DayTime": "01 00:00",
            "USDRatePerDollarTotal": 3259.112840000001,
            "MMKRatePerYenTotal": 431.69665599999996,
            "Count": 28
        },
        "02": {
            "YearMonth": "2022/01",
            "USDRatePerDollar": 116.40081600000002,
            "MMKRatePerYen": 15.410686999999998,
            "DayTime": "02 00:00",
            "USDRatePerDollarTotal": 3026.4212160000006,
            "MMKRatePerYenTotal": 400.67786199999995,
            "Count": 26
        },
        "03": {
            "YearMonth": "2022/01",
            "USDRatePerDollar": 116.46624813793102,
            "MMKRatePerYen": 15.410686999999998,
            "DayTime": "03 00:00",
            "USDRatePerDollarTotal": 3377.5211959999997,
            "MMKRatePerYenTotal": 446.90992299999994,
            "Count": 29
        },
        "04": {
            "YearMonth": "2022/01",
            "USDRatePerDollar": 116.78063545454548,
            "MMKRatePerYen": 15.39785566666666,
            "DayTime": "04 00:00",
            "USDRatePerDollarTotal": 3853.7609700000007,
            "MMKRatePerYenTotal": 508.12923699999976,
            "Count": 33
        },
        "05": {
            "YearMonth": "2022/01",
            "USDRatePerDollar": 117.31791938888892,
            "MMKRatePerYen": 15.313820611111115,
            "DayTime": "05 00:00",
            "USDRatePerDollarTotal": 4223.445098000001,
            "MMKRatePerYenTotal": 551.2975420000001,
            "Count": 36
        },
        "06": {
            "YearMonth": "2022/01",
            "USDRatePerDollar": 117.30058989189187,
            "MMKRatePerYen": 15.282047081081087,
            "DayTime": "06 00:00",
            "USDRatePerDollarTotal": 4340.121826,
            "MMKRatePerYenTotal": 565.4357420000002,
            "Count": 37
        },
        "07": {
            "YearMonth": "2022/01",
            "USDRatePerDollar": 117.16905225641025,
            "MMKRatePerYen": 15.303658974358983,
            "DayTime": "07 00:00",
            "USDRatePerDollarTotal": 4569.593038,
            "MMKRatePerYenTotal": 596.8427000000004,
            "Count": 39
        },
        "08": {
            "YearMonth": "2022/01",
            "USDRatePerDollar": 116.9624927931035,
            "MMKRatePerYen": 15.330891586206896,
            "DayTime": "08 00:00",
            "USDRatePerDollarTotal": 3391.9122910000015,
            "MMKRatePerYenTotal": 444.59585599999997,
            "Count": 29
        },
        "09": {
            "YearMonth": "2022/01",
            "USDRatePerDollar": 116.9566538518519,
            "MMKRatePerYen": 15.344532666666668,
            "DayTime": "09 00:00",
            "USDRatePerDollarTotal": 3157.829654000001,
            "MMKRatePerYenTotal": 414.302382,
            "Count": 27
        }
    }
}