{
    "Items": {
        "01": {
            "YearMonth": "2022/08",
            "USDRatePerDollar": 134.44089853846157,
            "MMKRatePerYen": 13.812185,
            "DayTime": "01 00:00",
            "USDRatePerDollarTotal": 5243.1950430000015,
            "MMKRatePerYenTotal": 538.675215,
            "Count": 39
        }
    }
}