{
    "Items": {
        "01": {
            "YearMonth": "2022/07",
            "USDRatePerDollar": 137.23777250000006,
            "MMKRatePerYen": 13.55501415789474,
            "DayTime": "01 00:00",
            "USDRatePerDollarTotal": 5215.035355000003,
            "MMKRatePerYenTotal": 515.0905380000002,
            "Count": 38
        },
        "02": {
            "YearMonth": "2022/07",
            "USDRatePerDollar": 136.71933051851855,
            "MMKRatePerYen": 13.611094037037047,
            "DayTime": "02 00:00",
            "USDRatePerDollarTotal": 3691.421924000001,
            "MMKRatePerYenTotal": 367.49953900000025,
            "Count": 27
        },
        "03": {
            "YearMonth": "2022/07",
            "USDRatePerDollar": 136.72350571428575,
            "MMKRatePerYen": 13.630078000000008,
            "DayTime": "03 00:00",
            "USDRatePerDollarTotal": 3828.258160000001,
            "MMKRatePerYenTotal": 381.6421840000002,
            "Count": 28
        },
        "04": {
            "YearMonth": "2022/07",
            "USDRatePerDollar": 136.68830648571424,
            "MMKRatePerYen": 13.630078000000012,
            "DayTime": "04 00:00",
            "USDRatePerDollarTotal": 4784.090726999998,
            "MMKRatePerYenTotal": 477.0527300000004,
            "Count": 35
        },
        "05": {
            "YearMonth": "2022/07",
            "USDRatePerDollar": 137.34815615151516,
            "MMKRatePerYen": 13.594055999999995,
            "DayTime": "05 00:00",
            "USDRatePerDollarTotal": 4532.489153,
            "MMKRatePerYenTotal": 448.6038479999998,
            "Count": 33
        },
        "06": {
            "YearMonth": "2022/07",
            "USDRatePerDollar": 137.220672875,
            "MMKRatePerYen": 13.572168687499996,
            "DayTime": "06 00:00",
            "USDRatePerDollarTotal": 4391.061532,
            "MMKRatePerYenTotal": 434.3093979999999,
            "Count": 32
        }
    }
}