{
    "Items": {
        "10": {
            "YearMonth": "2023/11",
            "USDRatePerDollar": 152.92478875757578,
            "MMKRatePerYen": 20.53230303030304,
            "DayTime": "10 00:00",
            "USDRatePerDollarTotal": 5046.518029000001,
            "MMKRatePerYenTotal": 677.5660000000004,
            "Count": 33
        },
        "11": {
            "YearMonth": "2023/11",
            "USDRatePerDollar": 153.17998592857148,
            "MMKRatePerYen": 20.50637142857142,
            "DayTime": "11 00:00",
            "USDRatePerDollarTotal": 4289.039606000001,
            "MMKRatePerYenTotal": 574.1783999999998,
            "Count": 28
        },
        "01": {
            "YearMonth": "2023/11",
            "USDRatePerDollar": 152.75610808571432,
            "MMKRatePerYen": 20.643291428571445,
            "DayTime": "01 00:00",
            "USDRatePerDollarTotal": 5346.463783000001,
            "MMKRatePerYenTotal": 722.5152000000005,
            "Count": 35
        },
        "02": {
            "YearMonth": "2023/11",
            "USDRatePerDollar": 152.48695423529415,
            "MMKRatePerYen": 20.56273352941177,
            "DayTime": "02 00:00",
            "USDRatePerDollarTotal": 5184.556444000001,
            "MMKRatePerYenTotal": 699.1329400000002,
            "Count": 34
        },
        "03": {
            "YearMonth": "2023/11",
            "USDRatePerDollar": 152.062874138889,
            "MMKRatePerYen": 20.637900277777778,
            "DayTime": "03 00:00",
            "USDRatePerDollarTotal": 5474.263469000003,
            "MMKRatePerYenTotal": 742.96441,
            "Count": 36
        },
        "04": {
            "YearMonth": "2023/11",
            "USDRatePerDollar": 151.3651414285714,
            "MMKRatePerYen": 20.654,
            "DayTime": "04 00:00",
            "USDRatePerDollarTotal": 4238.223959999999,
            "MMKRatePerYenTotal": 578.312,
            "Count": 28
        },
        "05": {
            "YearMonth": "2023/11",
            "USDRatePerDollar": 151.1025998518518,
            "MMKRatePerYen": 20.654,
            "DayTime": "05 00:00",
            "USDRatePerDollarTotal": 4079.7701959999986,
            "MMKRatePerYenTotal": 557.658,
            "Count": 27
        },
        "06": {
            "YearMonth": "2023/11",
            "USDRatePerDollar": 151.17711847058823,
            "MMKRatePerYen": 20.67382647058824,
            "DayTime": "06 00:00",
            "USDRatePerDollarTotal": 5140.022027999999,
            "MMKRatePerYenTotal": 702.9101000000002,
            "Count": 34
        },
        "07": {
            "YearMonth": "2023/11",
            "USDRatePerDollar": 151.66104081081076,
            "MMKRatePerYen": 20.695197297297305,
            "DayTime": "07 00:00",
            "USDRatePerDollarTotal": 5611.458509999999,
            "MMKRatePerYenTotal": 765.7223000000002,
            "Count": 37
        },
        "08": {
            "YearMonth": "2023/11",
            "USDRatePerDollar": 152.06901617142847,
            "MMKRatePerYen": 20.668231428571442,
            "DayTime": "08 00:00",
            "USDRatePerDollarTotal": 5322.415565999997,
            "MMKRatePerYenTotal": 723.3881000000005,
            "Count": 35
        },
        "09": {
            "YearMonth": "2023/11",
            "USDRatePerDollar": 152.51096922857147,
            "MMKRatePerYen": 20.59127142857144,
            "DayTime": "09 00:00",
            "USDRatePerDollarTotal": 5337.883923000001,
            "MMKRatePerYenTotal": 720.6945000000004,
            "Count": 35
        }
    }
}