{
    "Items": {
        "10": {
            "YearMonth": "2023/10",
            "USDRatePerDollar": 150.38866737500004,
            "MMKRatePerYen": 19.542500000000004,
            "DayTime": "10 00:00",
            "USDRatePerDollarTotal": 4812.437356000001,
            "MMKRatePerYenTotal": 625.3600000000001,
            "Count": 32
        },
        "11": {
            "YearMonth": "2023/10",
            "USDRatePerDollar": 150.38697914285711,
            "MMKRatePerYen": 19.572348571428567,
            "DayTime": "11 00:00",
            "USDRatePerDollarTotal": 5263.544269999999,
            "MMKRatePerYenTotal": 685.0321999999999,
            "Count": 35
        },
        "01": {
            "YearMonth": "2023/10",
            "USDRatePerDollar": 151.0801845517241,
            "MMKRatePerYen": 19.287199999999988,
            "DayTime": "01 00:00",
            "USDRatePerDollarTotal": 4381.325351999999,
            "MMKRatePerYenTotal": 559.3287999999997,
            "Count": 29
        },
        "02": {
            "YearMonth": "2023/10",
            "USDRatePerDollar": 151.2555741351351,
            "MMKRatePerYen": 20.257329729729708,
            "DayTime": "02 00:00",
            "USDRatePerDollarTotal": 5596.456242999999,
            "MMKRatePerYenTotal": 749.5211999999992,
            "Count": 37
        },
        "03": {
            "YearMonth": "2023/10",
            "USDRatePerDollar": 151.51603856250003,
            "MMKRatePerYen": 21.71125,
            "DayTime": "03 00:00",
            "USDRatePerDollarTotal": 4848.513234000001,
            "MMKRatePerYenTotal": 694.76,
            "Count": 32
        },
        "04": {
            "YearMonth": "2023/10",
            "USDRatePerDollar": 151.01855078787887,
            "MMKRatePerYen": 21.727187878787877,
            "DayTime": "04 00:00",
            "USDRatePerDollarTotal": 4983.612176000002,
            "MMKRatePerYenTotal": 716.9971999999999,
            "Count": 33
        },
        "05": {
            "YearMonth": "2023/10",
            "USDRatePerDollar": 150.48348804761912,
            "MMKRatePerYen": 20.967997619047626,
            "DayTime": "05 00:00",
            "USDRatePerDollarTotal": 6320.306498000004,
            "MMKRatePerYenTotal": 880.6559000000003,
            "Count": 42
        },
        "06": {
            "YearMonth": "2023/10",
            "USDRatePerDollar": 150.23323783870967,
            "MMKRatePerYen": 19.484083225806454,
            "DayTime": "06 00:00",
            "USDRatePerDollarTotal": 4657.230372999999,
            "MMKRatePerYenTotal": 604.0065800000001,
            "Count": 31
        },
        "07": {
            "YearMonth": "2023/10",
            "USDRatePerDollar": 150.80978755555557,
            "MMKRatePerYen": 19.49397074074074,
            "DayTime": "07 00:00",
            "USDRatePerDollarTotal": 4071.8642640000007,
            "MMKRatePerYenTotal": 526.3372099999999,
            "Count": 27
        },
        "08": {
            "YearMonth": "2023/10",
            "USDRatePerDollar": 151.0115804444445,
            "MMKRatePerYen": 19.476,
            "DayTime": "08 00:00",
            "USDRatePerDollarTotal": 4077.312672000001,
            "MMKRatePerYenTotal": 525.852,
            "Count": 27
        },
        "09": {
            "YearMonth": "2023/10",
            "USDRatePerDollar": 150.92464793750003,
            "MMKRatePerYen": 19.476,
            "DayTime": "09 00:00",
            "USDRatePerDollarTotal": 4829.588734000001,
            "MMKRatePerYenTotal": 623.232,
            "Count": 32
        }
    }
}