{
    "Items": {
        "10": {
            "YearMonth": "2023/08",
            "USDRatePerDollar": 145.27877567647062,
            "MMKRatePerYen": 20.074337352941182,
            "DayTime": "10 00:00",
            "USDRatePerDollarTotal": 4939.478373000001,
            "MMKRatePerYenTotal": 682.5274700000002,
            "Count": 34
        },
        "11": {
            "YearMonth": "2023/08",
            "USDRatePerDollar": 146.14007702777778,
            "MMKRatePerYen": 19.95955055555554,
            "DayTime": "11 00:00",
            "USDRatePerDollarTotal": 5261.042773,
            "MMKRatePerYenTotal": 718.5438199999995,
            "Count": 36
        },
        "12": {
            "YearMonth": "2023/08",
            "USDRatePerDollar": 146.5255214285714,
            "MMKRatePerYen": 19.87882321428572,
            "DayTime": "12 00:00",
            "USDRatePerDollarTotal": 4102.714599999999,
            "MMKRatePerYenTotal": 556.6070500000002,
            "Count": 28
        },
        "13": {
            "YearMonth": "2023/08",
            "USDRatePerDollar": 146.60520199999996,
            "MMKRatePerYen": 19.860470000000003,
            "DayTime": "13 00:00",
            "USDRatePerDollarTotal": 4104.945655999999,
            "MMKRatePerYenTotal": 556.0931600000001,
            "Count": 28
        },
        "14": {
            "YearMonth": "2023/08",
            "USDRatePerDollar": 146.58815941935487,
            "MMKRatePerYen": 19.86047,
            "DayTime": "14 00:00",
            "USDRatePerDollarTotal": 4544.232942000001,
            "MMKRatePerYenTotal": 615.67457,
            "Count": 31
        },
        "15": {
            "YearMonth": "2023/08",
            "USDRatePerDollar": 147.0037823548387,
            "MMKRatePerYen": 19.86047,
            "DayTime": "15 00:00",
            "USDRatePerDollarTotal": 4557.117252999999,
            "MMKRatePerYenTotal": 615.67457,
            "Count": 31
        },
        "16": {
            "YearMonth": "2023/08",
            "USDRatePerDollar": 147.16701982352942,
            "MMKRatePerYen": 19.814899411764713,
            "DayTime": "16 00:00",
            "USDRatePerDollarTotal": 5003.678674,
            "MMKRatePerYenTotal": 673.7065800000003,
            "Count": 34
        },
        "17": {
            "YearMonth": "2023/08",
            "USDRatePerDollar": 147.79411303030304,
            "MMKRatePerYen": 19.73050242424243,
            "DayTime": "17 00:00",
            "USDRatePerDollarTotal": 4877.205730000001,
            "MMKRatePerYenTotal": 651.1065800000002,
            "Count": 33
        },
        "18": {
            "YearMonth": "2023/08",
            "USDRatePerDollar": 147.43241205555552,
            "MMKRatePerYen": 19.733958888888907,
            "DayTime": "18 00:00",
            "USDRatePerDollarTotal": 5307.566833999998,
            "MMKRatePerYenTotal": 710.4225200000006,
            "Count": 36
        },
        "19": {
            "YearMonth": "2023/08",
            "USDRatePerDollar": 147.03617142857155,
            "MMKRatePerYen": 19.78957857142857,
            "DayTime": "19 00:00",
            "USDRatePerDollarTotal": 4117.012800000003,
            "MMKRatePerYenTotal": 554.1082,
            "Count": 28
        },
        "20": {
            "YearMonth": "2023/08",
            "USDRatePerDollar": 147.03617142857155,
            "MMKRatePerYen": 19.8107,
            "DayTime": "20 00:00",
            "USDRatePerDollarTotal": 4117.012800000003,
            "MMKRatePerYenTotal": 554.6996,
            "Count": 28
        },
        "21": {
            "YearMonth": "2023/08",
            "USDRatePerDollar": 147.05345744736837,
            "MMKRatePerYen": 19.8107,
            "DayTime": "21 00:00",
            "USDRatePerDollarTotal": 5588.031382999998,
            "MMKRatePerYenTotal": 752.8066,
            "Count": 38
        },
        "22": {
            "YearMonth": "2023/08",
            "USDRatePerDollar": 147.59118587500012,
            "MMKRatePerYen": 19.74802499999999,
            "DayTime": "22 00:00",
            "USDRatePerDollarTotal": 5903.647435000004,
            "MMKRatePerYenTotal": 789.9209999999996,
            "Count": 40
        },
        "23": {
            "YearMonth": "2023/08",
            "USDRatePerDollar": 147.41888978378373,
            "MMKRatePerYen": 19.728831351351364,
            "DayTime": "23 00:00",
            "USDRatePerDollarTotal": 5454.498921999998,
            "MMKRatePerYenTotal": 729.9667600000005,
            "Count": 37
        },
        "01": {
            "YearMonth": "2023/08",
            "USDRatePerDollar": 143.8642670606061,
            "MMKRatePerYen": 20.31839393939393,
            "DayTime": "01 00:00",
            "USDRatePerDollarTotal": 4747.520813000001,
            "MMKRatePerYenTotal": 670.5069999999996,
            "Count": 33
        },
        "02": {
            "YearMonth": "2023/08",
            "USDRatePerDollar": 144.58649725000004,
            "MMKRatePerYen": 20.167385833333338,
            "DayTime": "02 00:00",
            "USDRatePerDollarTotal": 5205.1139010000015,
            "MMKRatePerYenTotal": 726.0258900000001,
            "Count": 36
        },
        "03": {
            "YearMonth": "2023/08",
            "USDRatePerDollar": 144.9133732121213,
            "MMKRatePerYen": 20.107404545454546,
            "DayTime": "03 00:00",
            "USDRatePerDollarTotal": 4782.141316000002,
            "MMKRatePerYenTotal": 663.54435,
            "Count": 33
        },
        "04": {
            "YearMonth": "2023/08",
            "USDRatePerDollar": 144.32098280000002,
            "MMKRatePerYen": 20.178950000000007,
            "DayTime": "04 00:00",
            "USDRatePerDollarTotal": 5051.2343980000005,
            "MMKRatePerYenTotal": 706.2632500000003,
            "Count": 35
        },
        "05": {
            "YearMonth": "2023/08",
            "USDRatePerDollar": 143.58424358620684,
            "MMKRatePerYen": 20.263527586206905,
            "DayTime": "05 00:00",
            "USDRatePerDollarTotal": 4163.943063999998,
            "MMKRatePerYenTotal": 587.6423000000002,
            "Count": 29
        },
        "06": {
            "YearMonth": "2023/08",
            "USDRatePerDollar": 143.36786428571423,
            "MMKRatePerYen": 20.30122,
            "DayTime": "06 00:00",
            "USDRatePerDollarTotal": 4014.3001999999983,
            "MMKRatePerYenTotal": 568.43416,
            "Count": 28
        },
        "07": {
            "YearMonth": "2023/08",
            "USDRatePerDollar": 143.50986808823532,
            "MMKRatePerYen": 20.29768705882352,
            "DayTime": "07 00:00",
            "USDRatePerDollarTotal": 4879.335515000001,
            "MMKRatePerYenTotal": 690.1213599999996,
            "Count": 34
        },
        "08": {
            "YearMonth": "2023/08",
            "USDRatePerDollar": 144.15967511111114,
            "MMKRatePerYen": 20.243317222222217,
            "DayTime": "08 00:00",
            "USDRatePerDollarTotal": 5189.748304000001,
            "MMKRatePerYenTotal": 728.7594199999997,
            "Count": 36
        },
        "09": {
            "YearMonth": "2023/08",
            "USDRatePerDollar": 144.8725171794871,
            "MMKRatePerYen": 20.143088461538444,
            "DayTime": "09 00:00",
            "USDRatePerDollarTotal": 5650.028169999997,
            "MMKRatePerYenTotal": 785.5804499999992,
            "Count": 39
        }
    }
}