{
    "Items": {
        "01": {
            "YearMonth": "2023/11",
            "USDRatePerDollar": 152.75610808571432,
            "MMKRatePerYen": 20.643291428571445,
            "DayTime": "01 00:00",
            "USDRatePerDollarTotal": 5346.463783000001,
            "MMKRatePerYenTotal": 722.5152000000005,
            "Count": 35
        }
    }
}