{
    "Items": {
        "01": {
            "YearMonth": "2023/05",
            "USDRatePerDollar": 138.08856353571423,
            "MMKRatePerYen": 21,
            "DayTime": "01 00:00",
            "USDRatePerDollarTotal": 3866.4797789999984,
            "MMKRatePerYenTotal": 588,
            "Count": 28
        },
        "02": {
            "YearMonth": "2023/05",
            "USDRatePerDollar": 138.87242294285713,
            "MMKRatePerYen": 20.85342857142858,
            "DayTime": "02 00:00",
            "USDRatePerDollarTotal": 4860.534803,
            "MMKRatePerYenTotal": 729.8700000000003,
            "Count": 35
        }
    }
}