{
    "Items": {
        "10": {
            "YearMonth": "2023/07",
            "USDRatePerDollar": 143.99664177419353,
            "MMKRatePerYen": 20.160000000000004,
            "DayTime": "10 00:00",
            "USDRatePerDollarTotal": 4463.895895,
            "MMKRatePerYenTotal": 624.9600000000002,
            "Count": 31
        },
        "01": {
            "YearMonth": "2023/07",
            "USDRatePerDollar": 146.08127834482764,
            "MMKRatePerYen": 19.831089655172427,
            "DayTime": "01 00:00",
            "USDRatePerDollarTotal": 4236.357072000002,
            "MMKRatePerYenTotal": 575.1016000000004,
            "Count": 29
        },
        "02": {
            "YearMonth": "2023/07",
            "USDRatePerDollar": 145.9636373333334,
            "MMKRatePerYen": 19.85000000000001,
            "DayTime": "02 00:00",
            "USDRatePerDollarTotal": 3941.0182080000013,
            "MMKRatePerYenTotal": 535.9500000000003,
            "Count": 27
        },
        "03": {
            "YearMonth": "2023/07",
            "USDRatePerDollar": 146.1078455757576,
            "MMKRatePerYen": 19.850000000000012,
            "DayTime": "03 00:00",
            "USDRatePerDollarTotal": 4821.558904000001,
            "MMKRatePerYenTotal": 655.0500000000004,
            "Count": 33
        },
        "04": {
            "YearMonth": "2023/07",
            "USDRatePerDollar": 146.27528418918928,
            "MMKRatePerYen": 19.820286486486467,
            "DayTime": "04 00:00",
            "USDRatePerDollarTotal": 5412.185515000004,
            "MMKRatePerYenTotal": 733.3505999999993,
            "Count": 37
        },
        "05": {
            "YearMonth": "2023/07",
            "USDRatePerDollar": 146.16456561111116,
            "MMKRatePerYen": 19.832530000000002,
            "DayTime": "05 00:00",
            "USDRatePerDollarTotal": 5261.924362000002,
            "MMKRatePerYenTotal": 713.97108,
            "Count": 36
        },
        "06": {
            "YearMonth": "2023/07",
            "USDRatePerDollar": 146.03616676470594,
            "MMKRatePerYen": 19.847979411764708,
            "DayTime": "06 00:00",
            "USDRatePerDollarTotal": 4965.2296700000015,
            "MMKRatePerYenTotal": 674.8313,
            "Count": 34
        },
        "07": {
            "YearMonth": "2023/07",
            "USDRatePerDollar": 145.66806136363633,
            "MMKRatePerYen": 19.901863333333328,
            "DayTime": "07 00:00",
            "USDRatePerDollarTotal": 4807.046024999999,
            "MMKRatePerYenTotal": 656.7614899999999,
            "Count": 33
        },
        "08": {
            "YearMonth": "2023/07",
            "USDRatePerDollar": 144.19347226666656,
            "MMKRatePerYen": 20.076458666666674,
            "DayTime": "08 00:00",
            "USDRatePerDollarTotal": 4325.804167999997,
            "MMKRatePerYenTotal": 602.2937600000002,
            "Count": 30
        },
        "09": {
            "YearMonth": "2023/07",
            "USDRatePerDollar": 143.69754885714278,
            "MMKRatePerYen": 20.160000000000007,
            "DayTime": "09 00:00",
            "USDRatePerDollarTotal": 4023.531367999998,
            "MMKRatePerYenTotal": 564.4800000000002,
            "Count": 28
        }
    }
}