{
    "Items": {
        "10": {
            "YearMonth": "2023/09",
            "USDRatePerDollar": 149.4756111785714,
            "MMKRatePerYen": 19.481299999999994,
            "DayTime": "10 00:00",
            "USDRatePerDollarTotal": 4185.317112999999,
            "MMKRatePerYenTotal": 545.4763999999998,
            "Count": 28
        },
        "11": {
            "YearMonth": "2023/09",
            "USDRatePerDollar": 148.80067109677415,
            "MMKRatePerYen": 19.481299999999997,
            "DayTime": "11 00:00",
            "USDRatePerDollarTotal": 4612.820803999999,
            "MMKRatePerYenTotal": 603.9202999999999,
            "Count": 31
        },
        "12": {
            "YearMonth": "2023/09",
            "USDRatePerDollar": 148.225453969697,
            "MMKRatePerYen": 19.60748181818183,
            "DayTime": "12 00:00",
            "USDRatePerDollarTotal": 4891.439981000001,
            "MMKRatePerYenTotal": 647.0469000000004,
            "Count": 33
        },
        "13": {
            "YearMonth": "2023/09",
            "USDRatePerDollar": 148.76171541666673,
            "MMKRatePerYen": 19.60927222222222,
            "DayTime": "13 00:00",
            "USDRatePerDollarTotal": 5355.421755000002,
            "MMKRatePerYenTotal": 705.9337999999999,
            "Count": 36
        },
        "14": {
            "YearMonth": "2023/09",
            "USDRatePerDollar": 148.88061862500004,
            "MMKRatePerYen": 19.56160000000001,
            "DayTime": "14 00:00",
            "USDRatePerDollarTotal": 4764.179796000001,
            "MMKRatePerYenTotal": 625.9712000000003,
            "Count": 32
        },
        "15": {
            "YearMonth": "2023/09",
            "USDRatePerDollar": 149.0259017428572,
            "MMKRatePerYen": 19.538332000000004,
            "DayTime": "15 00:00",
            "USDRatePerDollarTotal": 5215.9065610000025,
            "MMKRatePerYenTotal": 683.8416200000001,
            "Count": 35
        },
        "16": {
            "YearMonth": "2023/09",
            "USDRatePerDollar": 149.39561082142862,
            "MMKRatePerYen": 19.502928571428566,
            "DayTime": "16 00:00",
            "USDRatePerDollarTotal": 4183.077103000001,
            "MMKRatePerYenTotal": 546.0819999999999,
            "Count": 28
        },
        "17": {
            "YearMonth": "2023/09",
            "USDRatePerDollar": 149.49770868000004,
            "MMKRatePerYen": 19.482399999999988,
            "DayTime": "17 00:00",
            "USDRatePerDollarTotal": 3737.442717000001,
            "MMKRatePerYenTotal": 487.0599999999997,
            "Count": 25
        },
        "18": {
            "YearMonth": "2023/09",
            "USDRatePerDollar": 149.4560996129032,
            "MMKRatePerYen": 19.482399999999988,
            "DayTime": "18 00:00",
            "USDRatePerDollarTotal": 4633.139087999999,
            "MMKRatePerYenTotal": 603.9543999999996,
            "Count": 31
        },
        "19": {
            "YearMonth": "2023/09",
            "USDRatePerDollar": 149.38634551428575,
            "MMKRatePerYen": 19.504801428571433,
            "DayTime": "19 00:00",
            "USDRatePerDollarTotal": 5228.522093000001,
            "MMKRatePerYenTotal": 682.6680500000001,
            "Count": 35
        },
        "20": {
            "YearMonth": "2023/09",
            "USDRatePerDollar": 149.47002788571422,
            "MMKRatePerYen": 19.50795777142858,
            "DayTime": "20 00:00",
            "USDRatePerDollarTotal": 5231.450975999997,
            "MMKRatePerYenTotal": 682.7785220000003,
            "Count": 35
        },
        "21": {
            "YearMonth": "2023/09",
            "USDRatePerDollar": 149.81533979411765,
            "MMKRatePerYen": 19.467334000000008,
            "DayTime": "21 00:00",
            "USDRatePerDollarTotal": 5093.721553,
            "MMKRatePerYenTotal": 661.8893560000002,
            "Count": 34
        },
        "22": {
            "YearMonth": "2023/09",
            "USDRatePerDollar": 149.65976277142863,
            "MMKRatePerYen": 19.497381142857126,
            "DayTime": "22 00:00",
            "USDRatePerDollarTotal": 5238.091697000002,
            "MMKRatePerYenTotal": 682.4083399999994,
            "Count": 35
        },
        "23": {
            "YearMonth": "2023/09",
            "USDRatePerDollar": 149.99340118518512,
            "MMKRatePerYen": 19.464977777777776,
            "DayTime": "23 00:00",
            "USDRatePerDollarTotal": 4049.8218319999983,
            "MMKRatePerYenTotal": 525.5544,
            "Count": 27
        },
        "24": {
            "YearMonth": "2023/09",
            "USDRatePerDollar": 150.06001971428563,
            "MMKRatePerYen": 19.4144,
            "DayTime": "24 00:00",
            "USDRatePerDollarTotal": 4201.680551999998,
            "MMKRatePerYenTotal": 543.6032,
            "Count": 28
        },
        "25": {
            "YearMonth": "2023/09",
            "USDRatePerDollar": 150.04122429729725,
            "MMKRatePerYen": 19.4144,
            "DayTime": "25 00:00",
            "USDRatePerDollarTotal": 5551.525298999998,
            "MMKRatePerYenTotal": 718.3328,
            "Count": 37
        },
        "26": {
            "YearMonth": "2023/09",
            "USDRatePerDollar": 150.41042586111115,
            "MMKRatePerYen": 19.38222500000002,
            "DayTime": "26 00:00",
            "USDRatePerDollarTotal": 5414.775331000002,
            "MMKRatePerYenTotal": 697.7601000000006,
            "Count": 36
        },
        "27": {
            "YearMonth": "2023/09",
            "USDRatePerDollar": 150.64291378124997,
            "MMKRatePerYen": 19.347945312499995,
            "DayTime": "27 00:00",
            "USDRatePerDollarTotal": 4820.573240999999,
            "MMKRatePerYenTotal": 619.1342499999998,
            "Count": 32
        },
        "01": {
            "YearMonth": "2023/09",
            "USDRatePerDollar": 147.23471260606055,
            "MMKRatePerYen": 19.766386666666676,
            "DayTime": "01 00:00",
            "USDRatePerDollarTotal": 4858.745515999998,
            "MMKRatePerYenTotal": 652.2907600000003,
            "Count": 33
        },
        "02": {
            "YearMonth": "2023/09",
            "USDRatePerDollar": 147.66525223076928,
            "MMKRatePerYen": 19.736646923076925,
            "DayTime": "02 00:00",
            "USDRatePerDollarTotal": 3839.2965580000014,
            "MMKRatePerYenTotal": 513.15282,
            "Count": 26
        },
        "03": {
            "YearMonth": "2023/09",
            "USDRatePerDollar": 147.90606007407413,
            "MMKRatePerYen": 19.694499999999998,
            "DayTime": "03 00:00",
            "USDRatePerDollarTotal": 3993.4636220000016,
            "MMKRatePerYenTotal": 531.7515,
            "Count": 27
        },
        "04": {
            "YearMonth": "2023/09",
            "USDRatePerDollar": 147.86974360000005,
            "MMKRatePerYen": 19.694499999999994,
            "DayTime": "04 00:00",
            "USDRatePerDollarTotal": 4436.092308000001,
            "MMKRatePerYenTotal": 590.8349999999998,
            "Count": 30
        },
        "05": {
            "YearMonth": "2023/09",
            "USDRatePerDollar": 148.17627948571422,
            "MMKRatePerYen": 19.677014285714293,
            "DayTime": "05 00:00",
            "USDRatePerDollarTotal": 5186.169781999998,
            "MMKRatePerYenTotal": 688.6955000000003,
            "Count": 35
        },
        "06": {
            "YearMonth": "2023/09",
            "USDRatePerDollar": 149.07822334285711,
            "MMKRatePerYen": 19.57151142857143,
            "DayTime": "06 00:00",
            "USDRatePerDollarTotal": 5217.737816999999,
            "MMKRatePerYenTotal": 685.0029000000001,
            "Count": 35
        },
        "07": {
            "YearMonth": "2023/09",