{
    "Items": {
        "01": {
            "YearMonth": "2023/10",
            "USDRatePerDollar": 151.0801845517241,
            "MMKRatePerYen": 19.287199999999988,
            "DayTime": "01 00:00",
            "USDRatePerDollarTotal": 4381.325351999999,
            "MMKRatePerYenTotal": 559.3287999999997,
            "Count": 29
        }
    }
}