{
    "Items": {
        "10": {
            "YearMonth": "2023/08",
            "USDRatePerDollar": 145.27877567647062,
            "MMKRatePerYen": 20.074337352941182,
            "DayTime": "10 00:00",
            "USDRatePerDollarTotal": 4939.478373000001,
            "MMKRatePerYenTotal": 682.5274700000002,
            "Count": 34
        },
        "11": {
            "YearMonth": "2023/08",
            "USDRatePerDollar": 146.14007702777778,
            "MMKRatePerYen": 19.95955055555554,
            "DayTime": "11 00:00",
            "USDRatePerDollarTotal": 5261.042773,
            "MMKRatePerYenTotal": 718.5438199999995,
            "Count": 36
        },
        "12": {
            "YearMonth": "2023/08",
            "USDRatePerDollar": 146.5255214285714,
            "MMKRatePerYen": 19.87882321428572,
            "DayTime": "12 00:00",
            "USDRatePerDollarTotal": 4102.714599999999,
            "MMKRatePerYenTotal": 556.6070500000002,
            "Count": 28
        },
        "01": {
            "YearMonth": "2023/08",
            "USDRatePerDollar": 143.8642670606061,
            "MMKRatePerYen": 20.31839393939393,
            "DayTime": "01 00:00",
            "USDRatePerDollarTotal": 4747.520813000001,
            "MMKRatePerYenTotal": 670.5069999999996,
            "Count": 33
        },
        "02": {
            "YearMonth": "2023/08",
            "USDRatePerDollar": 144.58649725000004,
            "MMKRatePerYen": 20.167385833333338,
            "DayTime": "02 00:00",
            "USDRatePerDollarTotal": 5205.1139010000015,
            "MMKRatePerYenTotal": 726.0258900000001,
            "Count": 36
        },
        "03": {
            "YearMonth": "2023/08",
            "USDRatePerDollar": 144.9133732121213,
            "MMKRatePerYen": 20.107404545454546,
            "DayTime": "03 00:00",
            "USDRatePerDollarTotal": 4782.141316000002,
            "MMKRatePerYenTotal": 663.54435,
            "Count": 33
        },
        "04": {
            "YearMonth": "2023/08",
            "USDRatePerDollar": 144.32098280000002,
            "MMKRatePerYen": 20.178950000000007,
            "DayTime": "04 00:00",
            "USDRatePerDollarTotal": 5051.2343980000005,
            "MMKRatePerYenTotal": 706.2632500000003,
            "Count": 35
        },
        "05": {
            "YearMonth": "2023/08",
            "USDRatePerDollar": 143.58424358620684,
            "MMKRatePerYen": 20.263527586206905,
            "DayTime": "05 00:00",
            "USDRatePerDollarTotal": 4163.943063999998,
            "MMKRatePerYenTotal": 587.6423000000002,
            "Count": 29
        },
        "06": {
            "YearMonth": "2023/08",
            "USDRatePerDollar": 143.36786428571423,
            "MMKRatePerYen": 20.30122,
            "DayTime": "06 00:00",
            "USDRatePerDollarTotal": 4014.3001999999983,
            "MMKRatePerYenTotal": 568.43416,
            "Count": 28
        },
        "07": {
            "YearMonth": "2023/08",
            "USDRatePerDollar": 143.50986808823532,
            "MMKRatePerYen": 20.29768705882352,
            "DayTime": "07 00:00",
            "USDRatePerDollarTotal": 4879.335515000001,
            "MMKRatePerYenTotal": 690.1213599999996,
            "Count": 34
        },
        "08": {
            "YearMonth": "2023/08",
            "USDRatePerDollar": 144.15967511111114,
            "MMKRatePerYen": 20.243317222222217,
            "DayTime": "08 00:00",
            "USDRatePerDollarTotal": 5189.748304000001,
            "MMKRatePerYenTotal": 728.7594199999997,
            "Count": 36
        },
        "09": {
            "YearMonth": "2023/08",
            "USDRatePerDollar": 144.8725171794871,
            "MMKRatePerYen": 20.143088461538444,
            "DayTime": "09 00:00",
            "USDRatePerDollarTotal": 5650.028169999997,
            "MMKRatePerYenTotal": 785.5804499999992,
            "Count": 39
        }
    }
}