{
    "Items": {
        "10": {
            "YearMonth": "2023/10",
            "USDRatePerDollar": 150.38866737500004,
            "MMKRatePerYen": 19.542500000000004,
            "DayTime": "10 00:00",
            "USDRatePerDollarTotal": 4812.437356000001,
            "MMKRatePerYenTotal": 625.3600000000001,
            "Count": 32
        },
        "11": {
            "YearMonth": "2023/10",
            "USDRatePerDollar": 150.38697914285711,
            "MMKRatePerYen": 19.572348571428567,
            "DayTime": "11 00:00",
            "USDRatePerDollarTotal": 5263.544269999999,
            "MMKRatePerYenTotal": 685.0321999999999,
            "Count": 35
        },
        "12": {
            "YearMonth": "2023/10",
            "USDRatePerDollar": 150.75271557142858,
            "MMKRatePerYen": 19.537308571428568,
            "DayTime": "12 00:00",
            "USDRatePerDollarTotal": 5276.345045,
            "MMKRatePerYenTotal": 683.8057999999999,
            "Count": 35
        },
        "13": {
            "YearMonth": "2023/10",
            "USDRatePerDollar": 151.3255785806452,
            "MMKRatePerYen": 19.460096774193538,
            "DayTime": "13 00:00",
            "USDRatePerDollarTotal": 4691.092936000002,
            "MMKRatePerYenTotal": 603.2629999999997,
            "Count": 31
        },
        "14": {
            "YearMonth": "2023/10",
            "USDRatePerDollar": 151.30333489655177,
            "MMKRatePerYen": 19.43638551724137,
            "DayTime": "14 00:00",
            "USDRatePerDollarTotal": 4387.796712000001,
            "MMKRatePerYenTotal": 563.6551799999997,
            "Count": 29
        },
        "15": {
            "YearMonth": "2023/10",
            "USDRatePerDollar": 151.240139862069,
            "MMKRatePerYen": 19.447009999999988,
            "DayTime": "15 00:00",
            "USDRatePerDollarTotal": 4385.964056000001,
            "MMKRatePerYenTotal": 563.9632899999997,
            "Count": 29
        },
        "16": {
            "YearMonth": "2023/10",
            "USDRatePerDollar": 151.19751690909087,
            "MMKRatePerYen": 19.447009999999988,
            "DayTime": "16 00:00",
            "USDRatePerDollarTotal": 4989.518057999999,
            "MMKRatePerYenTotal": 641.7513299999996,
            "Count": 33
        },
        "17": {
            "YearMonth": "2023/10",
            "USDRatePerDollar": 151.17421859374994,
            "MMKRatePerYen": 19.45234781250001,
            "DayTime": "17 00:00",
            "USDRatePerDollarTotal": 4837.574994999998,
            "MMKRatePerYenTotal": 622.4751300000004,
            "Count": 32
        },
        "18": {
            "YearMonth": "2023/10",
            "USDRatePerDollar": 151.34432561290328,
            "MMKRatePerYen": 19.445641935483877,
            "DayTime": "18 00:00",
            "USDRatePerDollarTotal": 4691.674094000002,
            "MMKRatePerYenTotal": 602.8149000000002,
            "Count": 31
        },
        "19": {
            "YearMonth": "2023/10",
            "USDRatePerDollar": 151.45918094117638,
            "MMKRatePerYen": 19.443629411764704,
            "DayTime": "19 00:00",
            "USDRatePerDollarTotal": 5149.612151999997,
            "MMKRatePerYenTotal": 661.0834,
            "Count": 34
        },
        "20": {
            "YearMonth": "2023/10",
            "USDRatePerDollar": 151.49271621621617,
            "MMKRatePerYen": 19.436610270270283,
            "DayTime": "20 00:00",
            "USDRatePerDollarTotal": 5605.230499999998,
            "MMKRatePerYenTotal": 719.1545800000005,
            "Count": 37
        },
        "21": {
            "YearMonth": "2023/10",
            "USDRatePerDollar": 151.52980599999995,
            "MMKRatePerYen": 19.41832962962963,
            "DayTime": "21 00:00",
            "USDRatePerDollarTotal": 4091.304761999999,
            "MMKRatePerYenTotal": 524.2949,
            "Count": 27
        },
        "22": {
            "YearMonth": "2023/10",
            "USDRatePerDollar": 151.53748707692301,
            "MMKRatePerYen": 19.410210000000003,
            "DayTime": "22 00:00",
            "USDRatePerDollarTotal": 3939.9746639999985,
            "MMKRatePerYenTotal": 504.6654600000001,
            "Count": 26
        },
        "23": {
            "YearMonth": "2023/10",
            "USDRatePerDollar": 151.57679918750003,
            "MMKRatePerYen": 19.527390937499995,
            "DayTime": "23 00:00",
            "USDRatePerDollarTotal": 4850.457574000001,
            "MMKRatePerYenTotal": 624.8765099999998,
            "Count": 32
        },
        "24": {
            "YearMonth": "2023/10",
            "USDRatePerDollar": 151.38456402777777,
            "MMKRatePerYen": 19.764322222222223,
            "DayTime": "24 00:00",
            "USDRatePerDollarTotal": 5449.844305,
            "MMKRatePerYenTotal": 711.5156000000001,
            "Count": 36
        },
        "25": {
            "YearMonth": "2023/10",
            "USDRatePerDollar": 151.48231202631575,
            "MMKRatePerYen": 20.15491157894737,
            "DayTime": "25 00:00",
            "USDRatePerDollarTotal": 5756.327856999998,
            "MMKRatePerYenTotal": 765.88664,
            "Count": 38
        },
        "26": {
            "YearMonth": "2023/10",
            "USDRatePerDollar": 151.88182509090908,
            "MMKRatePerYen": 20.716515151515136,
            "DayTime": "26 00:00",
            "USDRatePerDollarTotal": 5012.100227999999,
            "MMKRatePerYenTotal": 683.6449999999995,
            "Count": 33
        },
        "27": {
            "YearMonth": "2023/10",
            "USDRatePerDollar": 152.00867954545458,
            "MMKRatePerYen": 20.680415151515163,
            "DayTime": "27 00:00",
            "USDRatePerDollarTotal": 5016.286425000001,
            "MMKRatePerYenTotal": 682.4537000000004,
            "Count": 33
        },
        "28": {
            "YearMonth": "2023/10",
            "USDRatePerDollar": 151.4916813461539,
            "MMKRatePerYen": 20.71696538461538,
            "DayTime": "28 00:00",
            "USDRatePerDollarTotal": 3938.7837150000014,
            "MMKRatePerYenTotal": 538.6410999999999,
            "Count": 26
        },
        "01": {
            "YearMonth": "2023/10",
            "USDRatePerDollar": 151.0801845517241,
            "MMKRatePerYen": 19.287199999999988,
            "DayTime": "01 00:00",
            "USDRatePerDollarTotal": 4381.325351999999,
            "MMKRatePerYenTotal": 559.3287999999997,
            "Count": 29
        },
        "02": {
            "YearMonth": "2023/10",
            "USDRatePerDollar": 151.2555741351351,
            "MMKRatePerYen": 20.257329729729708,
            "DayTime": "02 00:00",
            "USDRatePerDollarTotal": 5596.456242999999,
            "MMKRatePerYenTotal": 749.5211999999992,
            "Count": 37
        },
        "03": {
            "YearMonth": "2023/10",
            "USDRatePerDollar": 151.51603856250003,
            "MMKRatePerYen": 21.71125,
            "DayTime": "03 00:00",
            "USDRatePerDollarTotal": 4848.513234000001,
            "MMKRatePerYenTotal": 694.76,
            "Count": 32
        },
        "04": {
            "YearMonth": "2023/10",
            "USDRatePerDollar": 151.01855078787887,
            "MMKRatePerYen": 21.727187878787877,
            "DayTime": "04 00:00",
            "USDRatePerDollarTotal": 4983.612176000002,
            "MMKRatePerYenTotal": 716.9971999999999,
            "Count": 33
        },
        "05": {
            "YearMonth": "2023/10",
            "USDRatePerDollar": 150.48348804761912,
            "MMKRatePerYen": 20.967997619047626,
            "DayTime": "05 00:00",
            "USDRatePerDollarTotal": 6320.306498000004,
            "MMKRatePerYenTotal": 880.6559000000003,
            "Count": 42
        },
        "06": {
            "YearMonth": "2023/10",