{
    "Items": {
        "01": {
            "YearMonth": "2023/03",
            "USDRatePerDollar": 137.81183942105267,
            "MMKRatePerYen": 21.033443421052628,
            "DayTime": "01 00:00",
            "USDRatePerDollarTotal": 5236.849898000001,
            "MMKRatePerYenTotal": 799.2708499999999,
            "Count": 38
        }
    }
}