{
    "Items": {
        "01": {
            "YearMonth": "2023/01",
            "USDRatePerDollar": 132.7479165714286,
            "MMKRatePerYen": 21.770830999999998,
            "DayTime": "01 00:00",
            "USDRatePerDollarTotal": 3716.941664000001,
            "MMKRatePerYenTotal": 609.583268,
            "Count": 28
        },
        "02": {
            "YearMonth": "2023/01",
            "USDRatePerDollar": 132.67251228571436,
            "MMKRatePerYen": 21.770830999999998,
            "DayTime": "02 00:00",
            "USDRatePerDollarTotal": 3714.830344000002,
            "MMKRatePerYenTotal": 609.583268,
            "Count": 28
        },
        "03": {
            "YearMonth": "2023/01",
            "USDRatePerDollar": 131.89786087096783,
            "MMKRatePerYen": 21.80380519354839,
            "DayTime": "03 00:00",
            "USDRatePerDollarTotal": 4088.8336870000026,
            "MMKRatePerYenTotal": 675.917961,
            "Count": 31
        }
    }
}