{
    "Items": {
        "10": {
            "YearMonth": "2023/01",
            "USDRatePerDollar": 133.32088900000005,
            "MMKRatePerYen": 21.633128315789477,
            "DayTime": "10 00:00",
            "USDRatePerDollarTotal": 5066.193782000002,
            "MMKRatePerYenTotal": 822.0588760000002,
            "Count": 38
        },
        "11": {
            "YearMonth": "2023/01",
            "USDRatePerDollar": 133.6877030303031,
            "MMKRatePerYen": 21.616597909090917,
            "DayTime": "11 00:00",
            "USDRatePerDollarTotal": 4411.694200000003,
            "MMKRatePerYenTotal": 713.3477310000003,
            "Count": 33
        },
        "12": {
            "YearMonth": "2023/01",
            "USDRatePerDollar": 133.61104281081077,
            "MMKRatePerYen": 21.571095027027017,
            "DayTime": "12 00:00",
            "USDRatePerDollarTotal": 4943.608583999999,
            "MMKRatePerYenTotal": 798.1305159999996,
            "Count": 37
        },
        "13": {
            "YearMonth": "2023/01",
            "USDRatePerDollar": 131.16472059459463,
            "MMKRatePerYen": 21.95565167567567,
            "DayTime": "13 00:00",
            "USDRatePerDollarTotal": 4853.094662000001,
            "MMKRatePerYenTotal": 812.3591119999999,
            "Count": 37
        },
        "14": {
            "YearMonth": "2023/01",
            "USDRatePerDollar": 129.66721226666672,
            "MMKRatePerYen": 22.21995179999999,
            "DayTime": "14 00:00",
            "USDRatePerDollarTotal": 3890.0163680000014,
            "MMKRatePerYenTotal": 666.5985539999997,
            "Count": 30
        },
        "01": {
            "YearMonth": "2023/01",
            "USDRatePerDollar": 132.7479165714286,
            "MMKRatePerYen": 21.770830999999998,
            "DayTime": "01 00:00",
            "USDRatePerDollarTotal": 3716.941664000001,
            "MMKRatePerYenTotal": 609.583268,
            "Count": 28
        },
        "02": {
            "YearMonth": "2023/01",
            "USDRatePerDollar": 132.67251228571436,
            "MMKRatePerYen": 21.770830999999998,
            "DayTime": "02 00:00",
            "USDRatePerDollarTotal": 3714.830344000002,
            "MMKRatePerYenTotal": 609.583268,
            "Count": 28
        },
        "03": {
            "YearMonth": "2023/01",
            "USDRatePerDollar": 131.89786087096783,
            "MMKRatePerYen": 21.80380519354839,
            "DayTime": "03 00:00",
            "USDRatePerDollarTotal": 4088.8336870000026,
            "MMKRatePerYenTotal": 675.917961,
            "Count": 31
        },
        "04": {
            "YearMonth": "2023/01",
            "USDRatePerDollar": 132.1104431578948,
            "MMKRatePerYen": 21.800217315789492,
            "DayTime": "04 00:00",
            "USDRatePerDollarTotal": 5020.196840000002,
            "MMKRatePerYenTotal": 828.4082580000007,
            "Count": 38
        },
        "05": {
            "YearMonth": "2023/01",
            "USDRatePerDollar": 133.5209785,
            "MMKRatePerYen": 21.64023584210528,
            "DayTime": "05 00:00",
            "USDRatePerDollarTotal": 5073.797183000001,
            "MMKRatePerYenTotal": 822.3289620000006,
            "Count": 38
        },
        "06": {
            "YearMonth": "2023/01",
            "USDRatePerDollar": 134.84122667567564,
            "MMKRatePerYen": 21.455133243243232,
            "DayTime": "06 00:00",
            "USDRatePerDollarTotal": 4989.125386999999,
            "MMKRatePerYenTotal": 793.8399299999995,
            "Count": 37
        },
        "07": {
            "YearMonth": "2023/01",
            "USDRatePerDollar": 134.09371146428575,
            "MMKRatePerYen": 21.530392750000004,
            "DayTime": "07 00:00",
            "USDRatePerDollarTotal": 3754.623921000001,
            "MMKRatePerYenTotal": 602.8509970000001,
            "Count": 28
        },
        "08": {
            "YearMonth": "2023/01",
            "USDRatePerDollar": 133.58227361538462,
            "MMKRatePerYen": 21.613308,
            "DayTime": "08 00:00",
            "USDRatePerDollarTotal": 3473.1391140000005,
            "MMKRatePerYenTotal": 561.946008,
            "Count": 26
        },
        "09": {
            "YearMonth": "2023/01",
            "USDRatePerDollar": 133.36263366666668,
            "MMKRatePerYen": 21.613307999999993,
            "DayTime": "09 00:00",
            "USDRatePerDollarTotal": 4400.966911,
            "MMKRatePerYenTotal": 713.2391639999997,
            "Count": 33
        }
    }
}