{
    "Items": {
        "01": {
            "YearMonth": "2023/01",
            "USDRatePerDollar": 132.7479165714286,
            "MMKRatePerYen": 21.770830999999998,
            "DayTime": "01 00:00",
            "USDRatePerDollarTotal": 3716.941664000001,
            "MMKRatePerYenTotal": 609.583268,
            "Count": 28
        },
        "02": {
            "YearMonth": "2023/01",
            "USDRatePerDollar": 132.67251228571436,
            "MMKRatePerYen": 21.770830999999998,
            "DayTime": "02 00:00",
            "USDRatePerDollarTotal": 3714.830344000002,
            "MMKRatePerYenTotal": 609.583268,
            "Count": 28
        },
        "03": {
            "YearMonth": "2023/01",
            "USDRatePerDollar": 131.89786087096783,
            "MMKRatePerYen": 21.80380519354839,
            "DayTime": "03 00:00",
            "USDRatePerDollarTotal": 4088.8336870000026,
            "MMKRatePerYenTotal": 675.917961,
            "Count": 31
        },
        "04": {
            "YearMonth": "2023/01",
            "USDRatePerDollar": 132.1104431578948,
            "MMKRatePerYen": 21.800217315789492,
            "DayTime": "04 00:00",
            "USDRatePerDollarTotal": 5020.196840000002,
            "MMKRatePerYenTotal": 828.4082580000007,
            "Count": 38
        },
        "05": {
            "YearMonth": "2023/01",
            "USDRatePerDollar": 133.5209785,
            "MMKRatePerYen": 21.64023584210528,
            "DayTime": "05 00:00",
            "USDRatePerDollarTotal": 5073.797183000001,
            "MMKRatePerYenTotal": 822.3289620000006,
            "Count": 38
        },
        "06": {
            "YearMonth": "2023/01",
            "USDRatePerDollar": 134.84122667567564,
            "MMKRatePerYen": 21.455133243243232,
            "DayTime": "06 00:00",
            "USDRatePerDollarTotal": 4989.125386999999,
            "MMKRatePerYenTotal": 793.8399299999995,
            "Count": 37
        },
        "07": {
            "YearMonth": "2023/01",
            "USDRatePerDollar": 134.09371146428575,
            "MMKRatePerYen": 21.530392750000004,
            "DayTime": "07 00:00",
            "USDRatePerDollarTotal": 3754.623921000001,
            "MMKRatePerYenTotal": 602.8509970000001,
            "Count": 28
        },
        "08": {
            "YearMonth": "2023/01",
            "USDRatePerDollar": 133.58227361538462,
            "MMKRatePerYen": 21.613308,
            "DayTime": "08 00:00",
            "USDRatePerDollarTotal": 3473.1391140000005,
            "MMKRatePerYenTotal": 561.946008,
            "Count": 26
        }
    }
}