{
    "Items": {
        "10": {
            "YearMonth": "2023/06",
            "USDRatePerDollar": 140.90044385185192,
            "MMKRatePerYen": 20.610334444444447,
            "DayTime": "10 00:00",
            "USDRatePerDollarTotal": 3804.3119840000018,
            "MMKRatePerYenTotal": 556.4790300000001,
            "Count": 27
        },
        "11": {
            "YearMonth": "2023/06",
            "USDRatePerDollar": 140.92412061538468,
            "MMKRatePerYen": 20.570449999999997,
            "DayTime": "11 00:00",
            "USDRatePerDollarTotal": 3664.0271360000015,
            "MMKRatePerYenTotal": 534.8317,
            "Count": 26
        },
        "12": {
            "YearMonth": "2023/06",
            "USDRatePerDollar": 140.9737733636363,
            "MMKRatePerYen": 20.570450000000008,
            "DayTime": "12 00:00",
            "USDRatePerDollarTotal": 4652.134520999998,
            "MMKRatePerYenTotal": 678.8248500000003,
            "Count": 33
        },
        "13": {
            "YearMonth": "2023/06",
            "USDRatePerDollar": 141.05480803030298,
            "MMKRatePerYen": 20.564395454545455,
            "DayTime": "13 00:00",
            "USDRatePerDollarTotal": 4654.808664999999,
            "MMKRatePerYenTotal": 678.62505,
            "Count": 33
        },
        "14": {
            "YearMonth": "2023/06",
            "USDRatePerDollar": 141.50439084375,
            "MMKRatePerYen": 20.51246687499999,
            "DayTime": "14 00:00",
            "USDRatePerDollarTotal": 4528.140507,
            "MMKRatePerYenTotal": 656.3989399999997,
            "Count": 32
        },
        "15": {
            "YearMonth": "2023/06",
            "USDRatePerDollar": 142.06984455882358,
            "MMKRatePerYen": 20.466864999999995,
            "DayTime": "15 00:00",
            "USDRatePerDollarTotal": 4830.374715000002,
            "MMKRatePerYenTotal": 695.8734099999998,
            "Count": 34
        },
        "16": {
            "YearMonth": "2023/06",
            "USDRatePerDollar": 142.08909040625002,
            "MMKRatePerYen": 20.442625625000005,
            "DayTime": "16 00:00",
            "USDRatePerDollarTotal": 4546.850893000001,
            "MMKRatePerYenTotal": 654.1640200000002,
            "Count": 32
        },
        "17": {
            "YearMonth": "2023/06",
            "USDRatePerDollar": 143.04511493333337,
            "MMKRatePerYen": 20.311561999999995,
            "DayTime": "17 00:00",
            "USDRatePerDollarTotal": 4291.353448000001,
            "MMKRatePerYenTotal": 609.3468599999999,
            "Count": 30
        },
        "18": {
            "YearMonth": "2023/06",
            "USDRatePerDollar": 143.43073770370376,
            "MMKRatePerYen": 20.181530000000002,
            "DayTime": "18 00:00",
            "USDRatePerDollarTotal": 3872.6299180000015,
            "MMKRatePerYenTotal": 544.9013100000001,
            "Count": 27
        },
        "19": {
            "YearMonth": "2023/06",
            "USDRatePerDollar": 143.36224627586208,
            "MMKRatePerYen": 20.18153,
            "DayTime": "19 00:00",
            "USDRatePerDollarTotal": 4157.505142,
            "MMKRatePerYenTotal": 585.26437,
            "Count": 29
        },
        "20": {
            "YearMonth": "2023/06",
            "USDRatePerDollar": 143.40438666666662,
            "MMKRatePerYen": 20.18780272727273,
            "DayTime": "20 00:00",
            "USDRatePerDollarTotal": 4732.344759999999,
            "MMKRatePerYenTotal": 666.19749,
            "Count": 33
        },
        "21": {
            "YearMonth": "2023/06",
            "USDRatePerDollar": 143.16900940625,
            "MMKRatePerYen": 20.238226249999997,
            "DayTime": "21 00:00",
            "USDRatePerDollarTotal": 4581.408301,
            "MMKRatePerYenTotal": 647.6232399999999,
            "Count": 32
        },
        "22": {
            "YearMonth": "2023/06",
            "USDRatePerDollar": 143.33281132432435,
            "MMKRatePerYen": 20.223305135135128,
            "DayTime": "22 00:00",
            "USDRatePerDollarTotal": 5303.314019000001,
            "MMKRatePerYenTotal": 748.2622899999998,
            "Count": 37
        },
        "23": {
            "YearMonth": "2023/06",
            "USDRatePerDollar": 144.4203594,
            "MMKRatePerYen": 20.129276000000008,
            "DayTime": "23 00:00",
            "USDRatePerDollarTotal": 5776.814375999999,
            "MMKRatePerYenTotal": 805.1710400000003,
            "Count": 40
        },
        "01": {
            "YearMonth": "2023/06",
            "USDRatePerDollar": 141.10480817647053,
            "MMKRatePerYen": 20.517849999999985,
            "DayTime": "01 00:00",
            "USDRatePerDollarTotal": 4797.563477999998,
            "MMKRatePerYenTotal": 697.6068999999995,
            "Count": 34
        },
        "02": {
            "YearMonth": "2023/06",
            "USDRatePerDollar": 140.533419,
            "MMKRatePerYen": 20.586087096774204,
            "DayTime": "02 00:00",
            "USDRatePerDollarTotal": 4356.535989,
            "MMKRatePerYenTotal": 638.1687000000003,
            "Count": 31
        },
        "03": {
            "YearMonth": "2023/06",
            "USDRatePerDollar": 141.1776660740741,
            "MMKRatePerYen": 20.503575185185188,
            "DayTime": "03 00:00",
            "USDRatePerDollarTotal": 3811.7969840000005,
            "MMKRatePerYenTotal": 553.59653,
            "Count": 27
        },
        "04": {
            "YearMonth": "2023/06",
            "USDRatePerDollar": 141.54241371428574,
            "MMKRatePerYen": 20.43014,
            "DayTime": "04 00:00",
            "USDRatePerDollarTotal": 3963.187584000001,
            "MMKRatePerYenTotal": 572.0439200000001,
            "Count": 28
        },
        "05": {
            "YearMonth": "2023/06",
            "USDRatePerDollar": 141.58420183870965,
            "MMKRatePerYen": 20.43014000000001,
            "DayTime": "05 00:00",
            "USDRatePerDollarTotal": 4389.110256999999,
            "MMKRatePerYenTotal": 633.3343400000002,
            "Count": 31
        },
        "06": {
            "YearMonth": "2023/06",
            "USDRatePerDollar": 141.221031090909,
            "MMKRatePerYen": 20.481747272727265,
            "DayTime": "06 00:00",
            "USDRatePerDollarTotal": 4660.294025999997,
            "MMKRatePerYenTotal": 675.8976599999997,
            "Count": 33
        },
        "07": {
            "YearMonth": "2023/06",
            "USDRatePerDollar": 141.0071836666666,
            "MMKRatePerYen": 20.513733333333338,
            "DayTime": "07 00:00",
            "USDRatePerDollarTotal": 4230.215509999998,
            "MMKRatePerYenTotal": 615.4120000000001,
            "Count": 30
        },
        "08": {
            "YearMonth": "2023/06",
            "USDRatePerDollar": 141.3613889428571,
            "MMKRatePerYen": 20.488936571428567,
            "DayTime": "08 00:00",
            "USDRatePerDollarTotal": 4947.6486129999985,
            "MMKRatePerYenTotal": 717.1127799999998,
            "Count": 35
        },
        "09": {
            "YearMonth": "2023/06",
            "USDRatePerDollar": 140.83630064705883,
            "MMKRatePerYen": 20.61251911764707,
            "DayTime": "09 00:00",
            "USDRatePerDollarTotal": 4788.434222000001,
            "MMKRatePerYenTotal": 700.8256500000005,
            "Count": 34
        }
    }
}