{
    "Items": {
        "01": {
            "YearMonth": "2023/10",
            "USDRatePerDollar": 151.0801845517241,
            "MMKRatePerYen": 19.287199999999988,
            "DayTime": "01 00:00",
            "USDRatePerDollarTotal": 4381.325351999999,
            "MMKRatePerYenTotal": 559.3287999999997,
            "Count": 29
        },
        "02": {
            "YearMonth": "2023/10",
            "USDRatePerDollar": 151.2555741351351,
            "MMKRatePerYen": 20.257329729729708,
            "DayTime": "02 00:00",
            "USDRatePerDollarTotal": 5596.456242999999,
            "MMKRatePerYenTotal": 749.5211999999992,
            "Count": 37
        },
        "03": {
            "YearMonth": "2023/10",
            "USDRatePerDollar": 151.51603856250003,
            "MMKRatePerYen": 21.71125,
            "DayTime": "03 00:00",
            "USDRatePerDollarTotal": 4848.513234000001,
            "MMKRatePerYenTotal": 694.76,
            "Count": 32
        },
        "04": {
            "YearMonth": "2023/10",
            "USDRatePerDollar": 151.01855078787887,
            "MMKRatePerYen": 21.727187878787877,
            "DayTime": "04 00:00",
            "USDRatePerDollarTotal": 4983.612176000002,
            "MMKRatePerYenTotal": 716.9971999999999,
            "Count": 33
        },
        "05": {
            "YearMonth": "2023/10",
            "USDRatePerDollar": 150.48348804761912,
            "MMKRatePerYen": 20.967997619047626,
            "DayTime": "05 00:00",
            "USDRatePerDollarTotal": 6320.306498000004,
            "MMKRatePerYenTotal": 880.6559000000003,
            "Count": 42
        }
    }
}