{
    "Items": {
        "01": {
            "YearMonth": "2023/11",
            "USDRatePerDollar": 152.75610808571432,
            "MMKRatePerYen": 20.643291428571445,
            "DayTime": "01 00:00",
            "USDRatePerDollarTotal": 5346.463783000001,
            "MMKRatePerYenTotal": 722.5152000000005,
            "Count": 35
        },
        "02": {
            "YearMonth": "2023/11",
            "USDRatePerDollar": 152.48695423529415,
            "MMKRatePerYen": 20.56273352941177,
            "DayTime": "02 00:00",
            "USDRatePerDollarTotal": 5184.556444000001,
            "MMKRatePerYenTotal": 699.1329400000002,
            "Count": 34
        },
        "03": {
            "YearMonth": "2023/11",
            "USDRatePerDollar": 152.062874138889,
            "MMKRatePerYen": 20.637900277777778,
            "DayTime": "03 00:00",
            "USDRatePerDollarTotal": 5474.263469000003,
            "MMKRatePerYenTotal": 742.96441,
            "Count": 36
        },
        "04": {
            "YearMonth": "2023/11",
            "USDRatePerDollar": 151.3651414285714,
            "MMKRatePerYen": 20.654,
            "DayTime": "04 00:00",
            "USDRatePerDollarTotal": 4238.223959999999,
            "MMKRatePerYenTotal": 578.312,
            "Count": 28
        }
    }
}