{
    "Items": {
        "01": {
            "YearMonth": "2023/03",
            "USDRatePerDollar": 137.81183942105267,
            "MMKRatePerYen": 21.033443421052628,
            "DayTime": "01 00:00",
            "USDRatePerDollarTotal": 5236.849898000001,
            "MMKRatePerYenTotal": 799.2708499999999,
            "Count": 38
        },
        "02": {
            "YearMonth": "2023/03",
            "USDRatePerDollar": 137.81417548571423,
            "MMKRatePerYen": 21.034999999999997,
            "DayTime": "02 00:00",
            "USDRatePerDollarTotal": 4823.496141999998,
            "MMKRatePerYenTotal": 736.2249999999999,
            "Count": 35
        },
        "03": {
            "YearMonth": "2023/03",
            "USDRatePerDollar": 138.1845406060606,
            "MMKRatePerYen": 20.986165969696973,
            "DayTime": "03 00:00",
            "USDRatePerDollarTotal": 4560.08984,
            "MMKRatePerYenTotal": 692.5434770000002,
            "Count": 33
        },
        "04": {
            "YearMonth": "2023/03",
            "USDRatePerDollar": 137.66246509999993,
            "MMKRatePerYen": 21.030061000000007,
            "DayTime": "04 00:00",
            "USDRatePerDollarTotal": 4129.873952999998,
            "MMKRatePerYenTotal": 630.9018300000002,
            "Count": 30
        }
    }
}