{
    "Items": {
        "01": {
            "YearMonth": "2023/10",
            "USDRatePerDollar": 151.0801845517241,
            "MMKRatePerYen": 19.287199999999988,
            "DayTime": "01 00:00",
            "USDRatePerDollarTotal": 4381.325351999999,
            "MMKRatePerYenTotal": 559.3287999999997,
            "Count": 29
        },
        "02": {
            "YearMonth": "2023/10",
            "USDRatePerDollar": 151.2555741351351,
            "MMKRatePerYen": 20.257329729729708,
            "DayTime": "02 00:00",
            "USDRatePerDollarTotal": 5596.456242999999,
            "MMKRatePerYenTotal": 749.5211999999992,
            "Count": 37
        },
        "03": {
            "YearMonth": "2023/10",
            "USDRatePerDollar": 151.51603856250003,
            "MMKRatePerYen": 21.71125,
            "DayTime": "03 00:00",
            "USDRatePerDollarTotal": 4848.513234000001,
            "MMKRatePerYenTotal": 694.76,
            "Count": 32
        }
    }
}