{
    "Items": {
        "10": {
            "YearMonth": "2023/04",
            "USDRatePerDollar": 133.84519122580656,
            "MMKRatePerYen": 21.57903012903227,
            "DayTime": "10 00:00",
            "USDRatePerDollarTotal": 4149.200928000003,
            "MMKRatePerYenTotal": 668.9499340000003,
            "Count": 31
        },
        "11": {
            "YearMonth": "2023/04",
            "USDRatePerDollar": 134.81583885294117,
            "MMKRatePerYen": 21.42605285294117,
            "DayTime": "11 00:00",
            "USDRatePerDollarTotal": 4583.738521,
            "MMKRatePerYenTotal": 728.4857969999997,
            "Count": 34
        },
        "01": {
            "YearMonth": "2023/04",
            "USDRatePerDollar": 134.32732960714287,
            "MMKRatePerYen": 21.498451428571425,
            "DayTime": "01 00:00",
            "USDRatePerDollarTotal": 3761.165229,
            "MMKRatePerYenTotal": 601.9566399999999,
            "Count": 28
        },
        "02": {
            "YearMonth": "2023/04",
            "USDRatePerDollar": 134.3002723076923,
            "MMKRatePerYen": 21.480189999999997,
            "DayTime": "02 00:00",
            "USDRatePerDollarTotal": 3491.80708,
            "MMKRatePerYenTotal": 558.4849399999999,
            "Count": 26
        },
        "03": {
            "YearMonth": "2023/04",
            "USDRatePerDollar": 134.57947503124996,
            "MMKRatePerYen": 21.473889999999987,
            "DayTime": "03 00:00",
            "USDRatePerDollarTotal": 4306.543200999999,
            "MMKRatePerYenTotal": 687.1644799999996,
            "Count": 32
        },
        "04": {
            "YearMonth": "2023/04",
            "USDRatePerDollar": 134.32402196874995,
            "MMKRatePerYen": 21.5369465625,
            "DayTime": "04 00:00",
            "USDRatePerDollarTotal": 4298.368702999998,
            "MMKRatePerYenTotal": 689.18229,
            "Count": 32
        },
        "05": {
            "YearMonth": "2023/04",
            "USDRatePerDollar": 133.45800780555555,
            "MMKRatePerYen": 21.647643333333335,
            "DayTime": "05 00:00",
            "USDRatePerDollarTotal": 4804.488281,
            "MMKRatePerYenTotal": 779.31516,
            "Count": 36
        },
        "06": {
            "YearMonth": "2023/04",
            "USDRatePerDollar": 132.80984856250006,
            "MMKRatePerYen": 21.697546562499987,
            "DayTime": "06 00:00",
            "USDRatePerDollarTotal": 4249.915154000002,
            "MMKRatePerYenTotal": 694.3214899999996,
            "Count": 32
        },
        "07": {
            "YearMonth": "2023/04",
            "USDRatePerDollar": 133.08724374193542,
            "MMKRatePerYen": 21.66153870967742,
            "DayTime": "07 00:00",
            "USDRatePerDollarTotal": 4125.704555999998,
            "MMKRatePerYenTotal": 671.5077,
            "Count": 31
        },
        "08": {
            "YearMonth": "2023/04",
            "USDRatePerDollar": 133.5283178571429,
            "MMKRatePerYen": 21.592018285714285,
            "DayTime": "08 00:00",
            "USDRatePerDollarTotal": 3738.7929000000013,
            "MMKRatePerYenTotal": 604.576512,
            "Count": 28
        },
        "09": {
            "YearMonth": "2023/04",
            "USDRatePerDollar": 133.6353172592593,
            "MMKRatePerYen": 21.560157,
            "DayTime": "09 00:00",
            "USDRatePerDollarTotal": 3608.153566000001,
            "MMKRatePerYenTotal": 582.124239,
            "Count": 27
        }
    }
}