{
    "Items": {
        "01": {
            "YearMonth": "2023/12",
            "USDRatePerDollar": 149.48186991666665,
            "MMKRatePerYen": 21.671200000000013,
            "DayTime": "01 00:00",
            "USDRatePerDollarTotal": 5381.347317,
            "MMKRatePerYenTotal": 780.1632000000005,
            "Count": 36
        },
        "02": {
            "YearMonth": "2023/12",
            "USDRatePerDollar": 148.87692981481476,
            "MMKRatePerYen": 21.60180000000001,
            "DayTime": "02 00:00",
            "USDRatePerDollarTotal": 4019.677104999999,
            "MMKRatePerYenTotal": 583.2486000000004,
            "Count": 27
        },
        "03": {
            "YearMonth": "2023/12",
            "USDRatePerDollar": 148.47694199999995,
            "MMKRatePerYen": 21.601800000000015,
            "DayTime": "03 00:00",
            "USDRatePerDollarTotal": 4157.354375999998,
            "MMKRatePerYenTotal": 604.8504000000004,
            "Count": 28
        },
        "04": {
            "YearMonth": "2023/12",
            "USDRatePerDollar": 148.44100200000003,
            "MMKRatePerYen": 21.678418181818202,
            "DayTime": "04 00:00",
            "USDRatePerDollarTotal": 4898.553066,
            "MMKRatePerYenTotal": 715.3878000000007,
            "Count": 33
        },
        "05": {
            "YearMonth": "2023/12",
            "USDRatePerDollar": 148.64455373333337,
            "MMKRatePerYen": 21.754089333333333,
            "DayTime": "05 00:00",
            "USDRatePerDollarTotal": 4459.336612000001,
            "MMKRatePerYenTotal": 652.62268,
            "Count": 30
        },
        "06": {
            "YearMonth": "2023/12",
            "USDRatePerDollar": 148.81870951282048,
            "MMKRatePerYen": 22.162611282051294,
            "DayTime": "06 00:00",
            "USDRatePerDollarTotal": 5803.929670999999,
            "MMKRatePerYenTotal": 864.3418400000005,
            "Count": 39
        }
    }
}