{
    "Items": {
        "10": {
            "YearMonth": "2023/02",
            "USDRatePerDollar": 133.02385663157895,
            "MMKRatePerYen": 21.670762263157883,
            "DayTime": "10 00:00",
            "USDRatePerDollarTotal": 5054.906552,
            "MMKRatePerYenTotal": 823.4889659999996,
            "Count": 38
        },
        "11": {
            "YearMonth": "2023/02",
            "USDRatePerDollar": 132.9910565925926,
            "MMKRatePerYen": 21.642976851851852,
            "DayTime": "11 00:00",
            "USDRatePerDollarTotal": 3590.758528,
            "MMKRatePerYenTotal": 584.360375,
            "Count": 27
        },
        "12": {
            "YearMonth": "2023/02",
            "USDRatePerDollar": 132.90679207692307,
            "MMKRatePerYen": 21.630433999999997,
            "DayTime": "12 00:00",
            "USDRatePerDollarTotal": 3455.5765939999997,
            "MMKRatePerYenTotal": 562.3912839999999,
            "Count": 26
        },
        "13": {
            "YearMonth": "2023/02",
            "USDRatePerDollar": 133.13523067647057,
            "MMKRatePerYen": 21.630434000000008,
            "DayTime": "13 00:00",
            "USDRatePerDollarTotal": 4526.597843,
            "MMKRatePerYenTotal": 735.4347560000002,
            "Count": 34
        },
        "01": {
            "YearMonth": "2023/02",
            "USDRatePerDollar": 131.66097487499994,
            "MMKRatePerYen": 21.899692000000005,
            "DayTime": "01 00:00",
            "USDRatePerDollarTotal": 4213.151195999998,
            "MMKRatePerYenTotal": 700.7901440000002,
            "Count": 32
        },
        "02": {
            "YearMonth": "2023/02",
            "USDRatePerDollar": 130.5029482285714,
            "MMKRatePerYen": 22.056468971428558,
            "DayTime": "02 00:00",
            "USDRatePerDollarTotal": 4567.603187999999,
            "MMKRatePerYenTotal": 771.9764139999995,
            "Count": 35
        },
        "03": {
            "YearMonth": "2023/02",
            "USDRatePerDollar": 130.01779402777777,
            "MMKRatePerYen": 22.120670666666665,
            "DayTime": "03 00:00",
            "USDRatePerDollarTotal": 4680.640584999999,
            "MMKRatePerYenTotal": 796.3441439999999,
            "Count": 36
        },
        "04": {
            "YearMonth": "2023/02",
            "USDRatePerDollar": 131.93291617241383,
            "MMKRatePerYen": 21.890457689655165,
            "DayTime": "04 00:00",
            "USDRatePerDollarTotal": 3826.0545690000013,
            "MMKRatePerYenTotal": 634.8232729999997,
            "Count": 29
        },
        "05": {
            "YearMonth": "2023/02",
            "USDRatePerDollar": 132.66101400000005,
            "MMKRatePerYen": 21.721368999999992,
            "DayTime": "05 00:00",
            "USDRatePerDollarTotal": 3714.5083920000015,
            "MMKRatePerYenTotal": 608.1983319999998,
            "Count": 28
        },
        "06": {
            "YearMonth": "2023/02",
            "USDRatePerDollar": 132.87055928205132,
            "MMKRatePerYen": 21.72136899999999,
            "DayTime": "06 00:00",
            "USDRatePerDollarTotal": 5181.951812000001,
            "MMKRatePerYenTotal": 847.1333909999996,
            "Count": 39
        },
        "07": {
            "YearMonth": "2023/02",
            "USDRatePerDollar": 133.80356463888893,
            "MMKRatePerYen": 21.567123000000006,
            "DayTime": "07 00:00",
            "USDRatePerDollarTotal": 4816.928327000001,
            "MMKRatePerYenTotal": 776.4164280000002,
            "Count": 36
        },
        "08": {
            "YearMonth": "2023/02",
            "USDRatePerDollar": 132.920918875,
            "MMKRatePerYen": 21.66297499999999,
            "DayTime": "08 00:00",
            "USDRatePerDollarTotal": 4253.469404,
            "MMKRatePerYenTotal": 693.2151999999996,
            "Count": 32
        },
        "09": {
            "YearMonth": "2023/02",
            "USDRatePerDollar": 132.82152306451613,
            "MMKRatePerYen": 21.712471935483865,
            "DayTime": "09 00:00",
            "USDRatePerDollarTotal": 4117.467215,
            "MMKRatePerYenTotal": 673.0866299999998,
            "Count": 31
        }
    }
}