{
    "Items": {
        "01": {
            "YearMonth": "2023/09",
            "USDRatePerDollar": 147.23471260606055,
            "MMKRatePerYen": 19.766386666666676,
            "DayTime": "01 00:00",
            "USDRatePerDollarTotal": 4858.745515999998,
            "MMKRatePerYenTotal": 652.2907600000003,
            "Count": 33
        },
        "02": {
            "YearMonth": "2023/09",
            "USDRatePerDollar": 147.66525223076928,
            "MMKRatePerYen": 19.736646923076925,
            "DayTime": "02 00:00",
            "USDRatePerDollarTotal": 3839.2965580000014,
            "MMKRatePerYenTotal": 513.15282,
            "Count": 26
        },
        "03": {
            "YearMonth": "2023/09",
            "USDRatePerDollar": 147.90606007407413,
            "MMKRatePerYen": 19.694499999999998,
            "DayTime": "03 00:00",
            "USDRatePerDollarTotal": 3993.4636220000016,
            "MMKRatePerYenTotal": 531.7515,
            "Count": 27
        }
    }
}