{
    "Items": {
        "01": {
            "YearMonth": "2023/08",
            "USDRatePerDollar": 143.8642670606061,
            "MMKRatePerYen": 20.31839393939393,
            "DayTime": "01 00:00",
            "USDRatePerDollarTotal": 4747.520813000001,
            "MMKRatePerYenTotal": 670.5069999999996,
            "Count": 33
        }
    }
}