{
    "Items": {
        "10": {
            "YearMonth": "2023/03",
            "USDRatePerDollar": 138.0381222894736,
            "MMKRatePerYen": 20.965795105263172,
            "DayTime": "10 00:00",
            "USDRatePerDollarTotal": 5245.4486469999965,
            "MMKRatePerYenTotal": 796.7002140000005,
            "Count": 38
        },
        "11": {
            "YearMonth": "2023/03",
            "USDRatePerDollar": 137.03806500000002,
            "MMKRatePerYen": 21.109643448275857,
            "DayTime": "11 00:00",
            "USDRatePerDollarTotal": 3974.1038850000004,
            "MMKRatePerYenTotal": 612.1796599999999,
            "Count": 29
        },
        "12": {
            "YearMonth": "2023/03",
            "USDRatePerDollar": 136.5172587586207,
            "MMKRatePerYen": 21.170104,
            "DayTime": "12 00:00",
            "USDRatePerDollarTotal": 3959.0005040000005,
            "MMKRatePerYenTotal": 613.933016,
            "Count": 29
        },
        "13": {
            "YearMonth": "2023/03",
            "USDRatePerDollar": 136.09392269696974,
            "MMKRatePerYen": 21.170104000000002,
            "DayTime": "13 00:00",
            "USDRatePerDollarTotal": 4491.099449000001,
            "MMKRatePerYenTotal": 698.6134320000001,
            "Count": 33
        },
        "14": {
            "YearMonth": "2023/03",
            "USDRatePerDollar": 135.05611217142862,
            "MMKRatePerYen": 21.384462571428564,
            "DayTime": "14 00:00",
            "USDRatePerDollarTotal": 4726.963926000002,
            "MMKRatePerYenTotal": 748.4561899999998,
            "Count": 35
        },
        "15": {
            "YearMonth": "2023/03",
            "USDRatePerDollar": 135.62226697058824,
            "MMKRatePerYen": 21.360528882352938,
            "DayTime": "15 00:00",
            "USDRatePerDollarTotal": 4611.157077,
            "MMKRatePerYenTotal": 726.2579819999999,
            "Count": 34
        },
        "16": {
            "YearMonth": "2023/03",
            "USDRatePerDollar": 134.83338778787885,
            "MMKRatePerYen": 21.39968584848485,
            "DayTime": "16 00:00",
            "USDRatePerDollarTotal": 4449.501797000002,
            "MMKRatePerYenTotal": 706.1896330000001,
            "Count": 33
        },
        "17": {
            "YearMonth": "2023/03",
            "USDRatePerDollar": 134.722409125,
            "MMKRatePerYen": 21.410421624999984,
            "DayTime": "17 00:00",
            "USDRatePerDollarTotal": 4311.117092,
            "MMKRatePerYenTotal": 685.1334919999995,
            "Count": 32
        },
        "18": {
            "YearMonth": "2023/03",
            "USDRatePerDollar": 133.71225930769225,
            "MMKRatePerYen": 21.514806846153842,
            "DayTime": "18 00:00",
            "USDRatePerDollarTotal": 3476.5187419999984,
            "MMKRatePerYenTotal": 559.3849779999999,
            "Count": 26
        },
        "19": {
            "YearMonth": "2023/03",
            "USDRatePerDollar": 133.3147631428571,
            "MMKRatePerYen": 21.650110000000005,
            "DayTime": "19 00:00",
            "USDRatePerDollarTotal": 3732.8133679999983,
            "MMKRatePerYenTotal": 606.2030800000001,
            "Count": 28
        },
        "20": {
            "YearMonth": "2023/03",
            "USDRatePerDollar": 133.3798275999999,
            "MMKRatePerYen": 21.622722571428582,
            "DayTime": "20 00:00",
            "USDRatePerDollarTotal": 4668.293965999997,
            "MMKRatePerYenTotal": 756.7952900000004,
            "Count": 35
        },
        "21": {
            "YearMonth": "2023/03",
            "USDRatePerDollar": 132.92501941176474,
            "MMKRatePerYen": 21.708944117647047,
            "DayTime": "21 00:00",
            "USDRatePerDollarTotal": 4519.450660000001,
            "MMKRatePerYenTotal": 738.1040999999996,
            "Count": 34
        },
        "01": {
            "YearMonth": "2023/03",
            "USDRatePerDollar": 137.81183942105267,
            "MMKRatePerYen": 21.033443421052628,
            "DayTime": "01 00:00",
            "USDRatePerDollarTotal": 5236.849898000001,
            "MMKRatePerYenTotal": 799.2708499999999,
            "Count": 38
        },
        "02": {
            "YearMonth": "2023/03",
            "USDRatePerDollar": 137.81417548571423,
            "MMKRatePerYen": 21.034999999999997,
            "DayTime": "02 00:00",
            "USDRatePerDollarTotal": 4823.496141999998,
            "MMKRatePerYenTotal": 736.2249999999999,
            "Count": 35
        },
        "03": {
            "YearMonth": "2023/03",
            "USDRatePerDollar": 138.1845406060606,
            "MMKRatePerYen": 20.986165969696973,
            "DayTime": "03 00:00",
            "USDRatePerDollarTotal": 4560.08984,
            "MMKRatePerYenTotal": 692.5434770000002,
            "Count": 33
        },
        "04": {
            "YearMonth": "2023/03",
            "USDRatePerDollar": 137.66246509999993,
            "MMKRatePerYen": 21.030061000000007,
            "DayTime": "04 00:00",
            "USDRatePerDollarTotal": 4129.873952999998,
            "MMKRatePerYenTotal": 630.9018300000002,
            "Count": 30
        },
        "05": {
            "YearMonth": "2023/03",
            "USDRatePerDollar": 137.41789325925922,
            "MMKRatePerYen": 21.07,
            "DayTime": "05 00:00",
            "USDRatePerDollarTotal": 3710.2831179999985,
            "MMKRatePerYenTotal": 568.89,
            "Count": 27
        },
        "06": {
            "YearMonth": "2023/03",
            "USDRatePerDollar": 137.31795134482758,
            "MMKRatePerYen": 21.070000000000004,
            "DayTime": "06 00:00",
            "USDRatePerDollarTotal": 3982.220589,
            "MMKRatePerYenTotal": 611.0300000000001,
            "Count": 29
        },
        "07": {
            "YearMonth": "2023/03",
            "USDRatePerDollar": 137.3950806571429,
            "MMKRatePerYen": 21.07000000000001,
            "DayTime": "07 00:00",
            "USDRatePerDollarTotal": 4808.827823000001,
            "MMKRatePerYenTotal": 737.4500000000004,
            "Count": 35
        },
        "08": {
            "YearMonth": "2023/03",
            "USDRatePerDollar": 138.5578582424243,
            "MMKRatePerYen": 20.918560606060602,
            "DayTime": "08 00:00",
            "USDRatePerDollarTotal": 4572.409322000001,
            "MMKRatePerYenTotal": 690.3124999999999,
            "Count": 33
        },
        "09": {
            "YearMonth": "2023/03",
            "USDRatePerDollar": 138.82439054285715,
            "MMKRatePerYen": 20.833211342857155,
            "DayTime": "09 00:00",
            "USDRatePerDollarTotal": 4858.853669,
            "MMKRatePerYenTotal": 729.1623970000004,
            "Count": 35
        }
    }
}