{
    "Items": {
        "01": {
            "YearMonth": "2023/09",
            "USDRatePerDollar": 147.23471260606055,
            "MMKRatePerYen": 19.766386666666676,
            "DayTime": "01 00:00",
            "USDRatePerDollarTotal": 4858.745515999998,
            "MMKRatePerYenTotal": 652.2907600000003,
            "Count": 33
        }
    }
}