{
    "Items": {
        "01": {
            "YearMonth": "2023/02",
            "USDRatePerDollar": 131.66097487499994,
            "MMKRatePerYen": 21.899692000000005,
            "DayTime": "01 00:00",
            "USDRatePerDollarTotal": 4213.151195999998,
            "MMKRatePerYenTotal": 700.7901440000002,
            "Count": 32
        },
        "02": {
            "YearMonth": "2023/02",
            "USDRatePerDollar": 130.5029482285714,
            "MMKRatePerYen": 22.056468971428558,
            "DayTime": "02 00:00",
            "USDRatePerDollarTotal": 4567.603187999999,
            "MMKRatePerYenTotal": 771.9764139999995,
            "Count": 35
        },
        "03": {
            "YearMonth": "2023/02",
            "USDRatePerDollar": 130.01779402777777,
            "MMKRatePerYen": 22.120670666666665,
            "DayTime": "03 00:00",
            "USDRatePerDollarTotal": 4680.640584999999,
            "MMKRatePerYenTotal": 796.3441439999999,
            "Count": 36
        },
        "04": {
            "YearMonth": "2023/02",
            "USDRatePerDollar": 131.93291617241383,
            "MMKRatePerYen": 21.890457689655165,
            "DayTime": "04 00:00",
            "USDRatePerDollarTotal": 3826.0545690000013,
            "MMKRatePerYenTotal": 634.8232729999997,
            "Count": 29
        }
    }
}