{
    "Items": {
        "01": {
            "YearMonth": "2023/06",
            "USDRatePerDollar": 141.10480817647053,
            "MMKRatePerYen": 20.517849999999985,
            "DayTime": "01 00:00",
            "USDRatePerDollarTotal": 4797.563477999998,
            "MMKRatePerYenTotal": 697.6068999999995,
            "Count": 34
        },
        "02": {
            "YearMonth": "2023/06",
            "USDRatePerDollar": 140.533419,
            "MMKRatePerYen": 20.586087096774204,
            "DayTime": "02 00:00",
            "USDRatePerDollarTotal": 4356.535989,
            "MMKRatePerYenTotal": 638.1687000000003,
            "Count": 31
        },
        "03": {
            "YearMonth": "2023/06",
            "USDRatePerDollar": 141.1776660740741,
            "MMKRatePerYen": 20.503575185185188,
            "DayTime": "03 00:00",
            "USDRatePerDollarTotal": 3811.7969840000005,
            "MMKRatePerYenTotal": 553.59653,
            "Count": 27
        }
    }
}