{
    "Items": {
        "10": {
            "YearMonth": "2023/02",
            "USDRatePerDollar": 133.02385663157895,
            "MMKRatePerYen": 21.670762263157883,
            "DayTime": "10 00:00",
            "USDRatePerDollarTotal": 5054.906552,
            "MMKRatePerYenTotal": 823.4889659999996,
            "Count": 38
        },
        "11": {
            "YearMonth": "2023/02",
            "USDRatePerDollar": 132.9910565925926,
            "MMKRatePerYen": 21.642976851851852,
            "DayTime": "11 00:00",
            "USDRatePerDollarTotal": 3590.758528,
            "MMKRatePerYenTotal": 584.360375,
            "Count": 27
        },
        "12": {
            "YearMonth": "2023/02",
            "USDRatePerDollar": 132.90679207692307,
            "MMKRatePerYen": 21.630433999999997,
            "DayTime": "12 00:00",
            "USDRatePerDollarTotal": 3455.5765939999997,
            "MMKRatePerYenTotal": 562.3912839999999,
            "Count": 26
        },
        "13": {
            "YearMonth": "2023/02",
            "USDRatePerDollar": 133.13523067647057,
            "MMKRatePerYen": 21.630434000000008,
            "DayTime": "13 00:00",
            "USDRatePerDollarTotal": 4526.597843,
            "MMKRatePerYenTotal": 735.4347560000002,
            "Count": 34
        },
        "14": {
            "YearMonth": "2023/02",
            "USDRatePerDollar": 133.7006551212121,
            "MMKRatePerYen": 21.560295272727274,
            "DayTime": "14 00:00",
            "USDRatePerDollarTotal": 4412.121618999999,
            "MMKRatePerYenTotal": 711.4897440000001,
            "Count": 33
        },
        "15": {
            "YearMonth": "2023/02",
            "USDRatePerDollar": 134.30689091666665,
            "MMKRatePerYen": 21.459913194444457,
            "DayTime": "15 00:00",
            "USDRatePerDollarTotal": 4835.048072999999,
            "MMKRatePerYenTotal": 772.5568750000004,
            "Count": 36
        },
        "16": {
            "YearMonth": "2023/02",
            "USDRatePerDollar": 135.20691227777783,
            "MMKRatePerYen": 21.31631033333335,
            "DayTime": "16 00:00",
            "USDRatePerDollarTotal": 4867.448842000002,
            "MMKRatePerYenTotal": 767.3871720000006,
            "Count": 36
        },
        "17": {
            "YearMonth": "2023/02",
            "USDRatePerDollar": 135.6556889411765,
            "MMKRatePerYen": 21.27356235294119,
            "DayTime": "17 00:00",
            "USDRatePerDollarTotal": 4612.293424,
            "MMKRatePerYenTotal": 723.3011200000005,
            "Count": 34
        },
        "18": {
            "YearMonth": "2023/02",
            "USDRatePerDollar": 135.85053960000005,
            "MMKRatePerYen": 21.256130799999998,
            "DayTime": "18 00:00",
            "USDRatePerDollarTotal": 4075.5161880000014,
            "MMKRatePerYenTotal": 637.6839239999999,
            "Count": 30
        },
        "19": {
            "YearMonth": "2023/02",
            "USDRatePerDollar": 135.68446571428578,
            "MMKRatePerYen": 21.240141999999995,
            "DayTime": "19 00:00",
            "USDRatePerDollarTotal": 3799.1650400000017,
            "MMKRatePerYenTotal": 594.7239759999999,
            "Count": 28
        },
        "20": {
            "YearMonth": "2023/02",
            "USDRatePerDollar": 135.63219828125,
            "MMKRatePerYen": 21.240141999999995,
            "DayTime": "20 00:00",
            "USDRatePerDollarTotal": 4340.230345,
            "MMKRatePerYenTotal": 679.6845439999998,
            "Count": 32
        },
        "21": {
            "YearMonth": "2023/02",
            "USDRatePerDollar": 135.74295122857143,
            "MMKRatePerYen": 21.23484759999999,
            "DayTime": "21 00:00",
            "USDRatePerDollarTotal": 4751.003293,
            "MMKRatePerYenTotal": 743.2196659999997,
            "Count": 35
        },
        "22": {
            "YearMonth": "2023/02",
            "USDRatePerDollar": 136.2952862727273,
            "MMKRatePerYen": 21.23055915151516,
            "DayTime": "22 00:00",
            "USDRatePerDollarTotal": 4497.744447000001,
            "MMKRatePerYenTotal": 700.6084520000003,
            "Count": 33
        },
        "23": {
            "YearMonth": "2023/02",
            "USDRatePerDollar": 136.37151438709677,
            "MMKRatePerYen": 21.2178093548387,
            "DayTime": "23 00:00",
            "USDRatePerDollarTotal": 4227.516946,
            "MMKRatePerYenTotal": 657.7520899999997,
            "Count": 31
        },
        "24": {
            "YearMonth": "2023/02",
            "USDRatePerDollar": 136.22843291666663,
            "MMKRatePerYen": 21.238643444444453,
            "DayTime": "24 00:00",
            "USDRatePerDollarTotal": 4904.223584999999,
            "MMKRatePerYenTotal": 764.5911640000003,
            "Count": 36
        },
        "01": {
            "YearMonth": "2023/02",
            "USDRatePerDollar": 131.66097487499994,
            "MMKRatePerYen": 21.899692000000005,
            "DayTime": "01 00:00",
            "USDRatePerDollarTotal": 4213.151195999998,
            "MMKRatePerYenTotal": 700.7901440000002,
            "Count": 32
        },
        "02": {
            "YearMonth": "2023/02",
            "USDRatePerDollar": 130.5029482285714,
            "MMKRatePerYen": 22.056468971428558,
            "DayTime": "02 00:00",
            "USDRatePerDollarTotal": 4567.603187999999,
            "MMKRatePerYenTotal": 771.9764139999995,
            "Count": 35
        },
        "03": {
            "YearMonth": "2023/02",
            "USDRatePerDollar": 130.01779402777777,
            "MMKRatePerYen": 22.120670666666665,
            "DayTime": "03 00:00",
            "USDRatePerDollarTotal": 4680.640584999999,
            "MMKRatePerYenTotal": 796.3441439999999,
            "Count": 36
        },
        "04": {
            "YearMonth": "2023/02",
            "USDRatePerDollar": 131.93291617241383,
            "MMKRatePerYen": 21.890457689655165,
            "DayTime": "04 00:00",
            "USDRatePerDollarTotal": 3826.0545690000013,
            "MMKRatePerYenTotal": 634.8232729999997,
            "Count": 29
        },
        "05": {
            "YearMonth": "2023/02",
            "USDRatePerDollar": 132.66101400000005,
            "MMKRatePerYen": 21.721368999999992,
            "DayTime": "05 00:00",
            "USDRatePerDollarTotal": 3714.5083920000015,
            "MMKRatePerYenTotal": 608.1983319999998,
            "Count": 28
        },
        "06": {
            "YearMonth": "2023/02",
            "USDRatePerDollar": 132.87055928205132,
            "MMKRatePerYen": 21.72136899999999,
            "DayTime": "06 00:00",
            "USDRatePerDollarTotal": 5181.951812000001,
            "MMKRatePerYenTotal": 847.1333909999996,
            "Count": 39
        },
        "07": {
            "YearMonth": "2023/02",
            "USDRatePerDollar": 133.80356463888893,
            "MMKRatePerYen": 21.567123000000006,
            "DayTime": "07 00:00",
            "USDRatePerDollarTotal": 4816.928327000001,
            "MMKRatePerYenTotal": 776.4164280000002,
            "Count": 36
        },
        "08": {
            "YearMonth": "2023/02",
            "USDRatePerDollar": 132.920918875,
            "MMKRatePerYen": 21.66297499999999,
            "DayTime": "08 00:00",
            "USDRatePerDollarTotal": 4253.469404,
            "MMKRatePerYenTotal": 693.2151999999996,
            "Count": 32
        },
        "09": {
            "YearMonth": "2023/02",
            "USDRatePerDollar": 132.82152306451613,
            "MMKRatePerYen": 21.712471935483865,
            "DayTime": "09 00:00",
            "USDRatePerDollarTotal": 4117.467215,
            "MMKRatePerYenTotal": 673.0866299999998,
            "Count": 31
        }
    }
}