{
    "Items": {
        "10": {
            "YearMonth": "2023/09",
            "USDRatePerDollar": 149.4756111785714,
            "MMKRatePerYen": 19.481299999999994,
            "DayTime": "10 00:00",
            "USDRatePerDollarTotal": 4185.317112999999,
            "MMKRatePerYenTotal": 545.4763999999998,
            "Count": 28
        },
        "11": {
            "YearMonth": "2023/09",
            "USDRatePerDollar": 148.80067109677415,
            "MMKRatePerYen": 19.481299999999997,
            "DayTime": "11 00:00",
            "USDRatePerDollarTotal": 4612.820803999999,
            "MMKRatePerYenTotal": 603.9202999999999,
            "Count": 31
        },
        "12": {
            "YearMonth": "2023/09",
            "USDRatePerDollar": 148.225453969697,
            "MMKRatePerYen": 19.60748181818183,
            "DayTime": "12 00:00",
            "USDRatePerDollarTotal": 4891.439981000001,
            "MMKRatePerYenTotal": 647.0469000000004,
            "Count": 33
        },
        "13": {
            "YearMonth": "2023/09",
            "USDRatePerDollar": 148.76171541666673,
            "MMKRatePerYen": 19.60927222222222,
            "DayTime": "13 00:00",
            "USDRatePerDollarTotal": 5355.421755000002,
            "MMKRatePerYenTotal": 705.9337999999999,
            "Count": 36
        },
        "01": {
            "YearMonth": "2023/09",
            "USDRatePerDollar": 147.23471260606055,
            "MMKRatePerYen": 19.766386666666676,
            "DayTime": "01 00:00",
            "USDRatePerDollarTotal": 4858.745515999998,
            "MMKRatePerYenTotal": 652.2907600000003,
            "Count": 33
        },
        "02": {
            "YearMonth": "2023/09",
            "USDRatePerDollar": 147.66525223076928,
            "MMKRatePerYen": 19.736646923076925,
            "DayTime": "02 00:00",
            "USDRatePerDollarTotal": 3839.2965580000014,
            "MMKRatePerYenTotal": 513.15282,
            "Count": 26
        },
        "03": {
            "YearMonth": "2023/09",
            "USDRatePerDollar": 147.90606007407413,
            "MMKRatePerYen": 19.694499999999998,
            "DayTime": "03 00:00",
            "USDRatePerDollarTotal": 3993.4636220000016,
            "MMKRatePerYenTotal": 531.7515,
            "Count": 27
        },
        "04": {
            "YearMonth": "2023/09",
            "USDRatePerDollar": 147.86974360000005,
            "MMKRatePerYen": 19.694499999999994,
            "DayTime": "04 00:00",
            "USDRatePerDollarTotal": 4436.092308000001,
            "MMKRatePerYenTotal": 590.8349999999998,
            "Count": 30
        },
        "05": {
            "YearMonth": "2023/09",
            "USDRatePerDollar": 148.17627948571422,
            "MMKRatePerYen": 19.677014285714293,
            "DayTime": "05 00:00",
            "USDRatePerDollarTotal": 5186.169781999998,
            "MMKRatePerYenTotal": 688.6955000000003,
            "Count": 35
        },
        "06": {
            "YearMonth": "2023/09",
            "USDRatePerDollar": 149.07822334285711,
            "MMKRatePerYen": 19.57151142857143,
            "DayTime": "06 00:00",
            "USDRatePerDollarTotal": 5217.737816999999,
            "MMKRatePerYenTotal": 685.0029000000001,
            "Count": 35
        },
        "07": {
            "YearMonth": "2023/09",
            "USDRatePerDollar": 149.26493445454543,
            "MMKRatePerYen": 19.512740000000015,
            "DayTime": "07 00:00",
            "USDRatePerDollarTotal": 4925.742836999999,
            "MMKRatePerYenTotal": 643.9204200000005,
            "Count": 33
        },
        "08": {
            "YearMonth": "2023/09",
            "USDRatePerDollar": 149.01005049999998,
            "MMKRatePerYen": 19.545670588235296,
            "DayTime": "08 00:00",
            "USDRatePerDollarTotal": 5066.341716999999,
            "MMKRatePerYenTotal": 664.5528,
            "Count": 34
        },
        "09": {
            "YearMonth": "2023/09",
            "USDRatePerDollar": 149.3111819259259,
            "MMKRatePerYen": 19.51222222222221,
            "DayTime": "09 00:00",
            "USDRatePerDollarTotal": 4031.401911999999,
            "MMKRatePerYenTotal": 526.8299999999997,
            "Count": 27
        }
    }
}