{
    "Items": {
        "10": {
            "YearMonth": "2023/06",
            "USDRatePerDollar": 140.90044385185192,
            "MMKRatePerYen": 20.610334444444447,
            "DayTime": "10 00:00",
            "USDRatePerDollarTotal": 3804.3119840000018,
            "MMKRatePerYenTotal": 556.4790300000001,
            "Count": 27
        },
        "01": {
            "YearMonth": "2023/06",
            "USDRatePerDollar": 141.10480817647053,
            "MMKRatePerYen": 20.517849999999985,
            "DayTime": "01 00:00",
            "USDRatePerDollarTotal": 4797.563477999998,
            "MMKRatePerYenTotal": 697.6068999999995,
            "Count": 34
        },
        "02": {
            "YearMonth": "2023/06",
            "USDRatePerDollar": 140.533419,
            "MMKRatePerYen": 20.586087096774204,
            "DayTime": "02 00:00",
            "USDRatePerDollarTotal": 4356.535989,
            "MMKRatePerYenTotal": 638.1687000000003,
            "Count": 31
        },
        "03": {
            "YearMonth": "2023/06",
            "USDRatePerDollar": 141.1776660740741,
            "MMKRatePerYen": 20.503575185185188,
            "DayTime": "03 00:00",
            "USDRatePerDollarTotal": 3811.7969840000005,
            "MMKRatePerYenTotal": 553.59653,
            "Count": 27
        },
        "04": {
            "YearMonth": "2023/06",
            "USDRatePerDollar": 141.54241371428574,
            "MMKRatePerYen": 20.43014,
            "DayTime": "04 00:00",
            "USDRatePerDollarTotal": 3963.187584000001,
            "MMKRatePerYenTotal": 572.0439200000001,
            "Count": 28
        },
        "05": {
            "YearMonth": "2023/06",
            "USDRatePerDollar": 141.58420183870965,
            "MMKRatePerYen": 20.43014000000001,
            "DayTime": "05 00:00",
            "USDRatePerDollarTotal": 4389.110256999999,
            "MMKRatePerYenTotal": 633.3343400000002,
            "Count": 31
        },
        "06": {
            "YearMonth": "2023/06",
            "USDRatePerDollar": 141.221031090909,
            "MMKRatePerYen": 20.481747272727265,
            "DayTime": "06 00:00",
            "USDRatePerDollarTotal": 4660.294025999997,
            "MMKRatePerYenTotal": 675.8976599999997,
            "Count": 33
        },
        "07": {
            "YearMonth": "2023/06",
            "USDRatePerDollar": 141.0071836666666,
            "MMKRatePerYen": 20.513733333333338,
            "DayTime": "07 00:00",
            "USDRatePerDollarTotal": 4230.215509999998,
            "MMKRatePerYenTotal": 615.4120000000001,
            "Count": 30
        },
        "08": {
            "YearMonth": "2023/06",
            "USDRatePerDollar": 141.3613889428571,
            "MMKRatePerYen": 20.488936571428567,
            "DayTime": "08 00:00",
            "USDRatePerDollarTotal": 4947.6486129999985,
            "MMKRatePerYenTotal": 717.1127799999998,
            "Count": 35
        },
        "09": {
            "YearMonth": "2023/06",
            "USDRatePerDollar": 140.83630064705883,
            "MMKRatePerYen": 20.61251911764707,
            "DayTime": "09 00:00",
            "USDRatePerDollarTotal": 4788.434222000001,
            "MMKRatePerYenTotal": 700.8256500000005,
            "Count": 34
        }
    }
}