{
    "Items": {
        "10": {
            "YearMonth": "2023/12",
            "USDRatePerDollar": 146.5840506538461,
            "MMKRatePerYen": 23.2835,
            "DayTime": "10 00:00",
            "USDRatePerDollarTotal": 3811.1853169999986,
            "MMKRatePerYenTotal": 605.371,
            "Count": 26
        },
        "11": {
            "YearMonth": "2023/12",
            "USDRatePerDollar": 146.77899175000002,
            "MMKRatePerYen": 23.2835,
            "DayTime": "11 00:00",
            "USDRatePerDollarTotal": 4696.927736000001,
            "MMKRatePerYenTotal": 745.072,
            "Count": 32
        },
        "12": {
            "YearMonth": "2023/12",
            "USDRatePerDollar": 147.4626002432432,
            "MMKRatePerYen": 23.171670270270287,
            "DayTime": "12 00:00",
            "USDRatePerDollarTotal": 5456.116208999999,
            "MMKRatePerYenTotal": 857.3518000000006,
            "Count": 37
        },
        "13": {
            "YearMonth": "2023/12",
            "USDRatePerDollar": 147.17907709090906,
            "MMKRatePerYen": 23.176363636363618,
            "DayTime": "13 00:00",
            "USDRatePerDollarTotal": 4856.909543999999,
            "MMKRatePerYenTotal": 764.8199999999994,
            "Count": 33
        },
        "14": {
            "YearMonth": "2023/12",
            "USDRatePerDollar": 144.6188828529412,
            "MMKRatePerYen": 23.54866911764704,
            "DayTime": "14 00:00",
            "USDRatePerDollarTotal": 4917.042017000001,
            "MMKRatePerYenTotal": 800.6547499999994,
            "Count": 34
        },
        "15": {
            "YearMonth": "2023/12",
            "USDRatePerDollar": 143.39275024999995,
            "MMKRatePerYen": 23.74675666666665,
            "DayTime": "15 00:00",
            "USDRatePerDollarTotal": 5162.139008999999,
            "MMKRatePerYenTotal": 854.8832399999993,
            "Count": 36
        },
        "16": {
            "YearMonth": "2023/12",
            "USDRatePerDollar": 143.66442866666674,
            "MMKRatePerYen": 23.741611111111098,
            "DayTime": "16 00:00",
            "USDRatePerDollarTotal": 3878.939574000002,
            "MMKRatePerYenTotal": 641.0234999999997,
            "Count": 27
        },
        "17": {
            "YearMonth": "2023/12",
            "USDRatePerDollar": 143.78124457142863,
            "MMKRatePerYen": 23.726099999999985,
            "DayTime": "17 00:00",
            "USDRatePerDollarTotal": 4025.8748480000017,
            "MMKRatePerYenTotal": 664.3307999999996,
            "Count": 28
        },
        "18": {
            "YearMonth": "2023/12",
            "USDRatePerDollar": 143.81564160000002,
            "MMKRatePerYen": 23.726099999999985,
            "DayTime": "18 00:00",
            "USDRatePerDollarTotal": 4314.469248,
            "MMKRatePerYenTotal": 711.7829999999996,
            "Count": 30
        },
        "19": {
            "YearMonth": "2023/12",
            "USDRatePerDollar": 144.53466034210524,
            "MMKRatePerYen": 23.680221052631584,
            "DayTime": "19 00:00",
            "USDRatePerDollarTotal": 5492.317093,
            "MMKRatePerYenTotal": 899.8484000000002,
            "Count": 38
        },
        "20": {
            "YearMonth": "2023/12",
            "USDRatePerDollar": 145.2381424545455,
            "MMKRatePerYen": 23.576672727272726,
            "DayTime": "20 00:00",
            "USDRatePerDollarTotal": 4792.858701000002,
            "MMKRatePerYenTotal": 778.0301999999999,
            "Count": 33
        },
        "21": {
            "YearMonth": "2023/12",
            "USDRatePerDollar": 144.87828702941184,
            "MMKRatePerYen": 23.57132352941177,
            "DayTime": "21 00:00",
            "USDRatePerDollarTotal": 4925.861759000002,
            "MMKRatePerYenTotal": 801.4250000000002,
            "Count": 34
        },
        "22": {
            "YearMonth": "2023/12",
            "USDRatePerDollar": 144.1023161612903,
            "MMKRatePerYen": 23.711935483870956,
            "DayTime": "22 00:00",
            "USDRatePerDollarTotal": 4467.1718009999995,
            "MMKRatePerYenTotal": 735.0699999999996,
            "Count": 31
        },
        "23": {
            "YearMonth": "2023/12",
            "USDRatePerDollar": 144.29017962500004,
            "MMKRatePerYen": 23.75625000000001,
            "DayTime": "23 00:00",
            "USDRatePerDollarTotal": 3462.964311000001,
            "MMKRatePerYenTotal": 570.1500000000002,
            "Count": 24
        },
        "24": {
            "YearMonth": "2023/12",
            "USDRatePerDollar": 144.02848274074077,
            "MMKRatePerYen": 23.73000000000001,
            "DayTime": "24 00:00",
            "USDRatePerDollarTotal": 3888.769034000001,
            "MMKRatePerYenTotal": 640.7100000000003,
            "Count": 27
        },
        "25": {
            "YearMonth": "2023/12",
            "USDRatePerDollar": 143.94446720000005,
            "MMKRatePerYen": 23.73000000000001,
            "DayTime": "25 00:00",
            "USDRatePerDollarTotal": 4318.334016000002,
            "MMKRatePerYenTotal": 711.9000000000003,
            "Count": 30
        },
        "26": {
            "YearMonth": "2023/12",
            "USDRatePerDollar": 143.85665946875,
            "MMKRatePerYen": 23.73000000000001,
            "DayTime": "26 00:00",
            "USDRatePerDollarTotal": 4603.413103,
            "MMKRatePerYenTotal": 759.3600000000004,
            "Count": 32
        },
        "27": {
            "YearMonth": "2023/12",
            "USDRatePerDollar": 144.02581066666664,
            "MMKRatePerYen": 23.73000000000001,
            "DayTime": "27 00:00",
            "USDRatePerDollarTotal": 4752.851752,
            "MMKRatePerYenTotal": 783.0900000000004,
            "Count": 33
        },
        "28": {
            "YearMonth": "2023/12",
            "USDRatePerDollar": 143.30712684375007,
            "MMKRatePerYen": 23.78937500000001,
            "DayTime": "28 00:00",
            "USDRatePerDollarTotal": 4585.828059000002,
            "MMKRatePerYenTotal": 761.2600000000003,
            "Count": 32
        },
        "29": {
            "YearMonth": "2023/12",
            "USDRatePerDollar": 142.90364542857148,
            "MMKRatePerYen": 23.830000000000002,
            "DayTime": "29 00:00",
            "USDRatePerDollarTotal": 4001.3020720000013,
            "MMKRatePerYenTotal": 667.24,
            "Count": 28
        },
        "30": {
            "YearMonth": "2023/12",
            "USDRatePerDollar": 142.7753935555555,
            "MMKRatePerYen": 23.83,
            "DayTime": "30 00:00",
            "USDRatePerDollarTotal": 3854.935625999998,
            "MMKRatePerYenTotal": 643.41,
            "Count": 27
        },
        "31": {
            "YearMonth": "2023/12",
            "USDRatePerDollar": 142.6527312592592,
            "MMKRatePerYen": 23.83,
            "DayTime": "31 00:00",
            "USDRatePerDollarTotal": 3851.6237439999986,
            "MMKRatePerYenTotal": 643.41,
            "Count": 27
        },
        "01": {
            "YearMonth": "2023/12",
            "USDRatePerDollar": 149.48186991666665,
            "MMKRatePerYen": 21.671200000000013,
            "DayTime": "01 00:00",
            "USDRatePerDollarTotal": 5381.347317,
            "MMKRatePerYenTotal": 780.1632000000005,
            "Count": 36
        },
        "02": {
            "YearMonth": "2023/12",
            "USDRatePerDollar": 148.87692981481476,
            "MMKRatePerYen": 21.60180000000001,
            "DayTime": "02 00:00",
            "USDRatePerDollarTotal": 4019.677104999999,
            "MMKRatePerYenTotal": 583.2486000000004,
            "Count": 27
        },
        "03": {
            "YearMonth": "2023/12",
            "USDRatePerDollar": 148.47694199999995,
            "MMKRatePerYen": 21.601800000000015,