{
    "Items": {
        "01": {
            "YearMonth": "2023/04",
            "USDRatePerDollar": 134.32732960714287,
            "MMKRatePerYen": 21.498451428571425,
            "DayTime": "01 00:00",
            "USDRatePerDollarTotal": 3761.165229,
            "MMKRatePerYenTotal": 601.9566399999999,
            "Count": 28
        },
        "02": {
            "YearMonth": "2023/04",
            "USDRatePerDollar": 134.3002723076923,
            "MMKRatePerYen": 21.480189999999997,
            "DayTime": "02 00:00",
            "USDRatePerDollarTotal": 3491.80708,
            "MMKRatePerYenTotal": 558.4849399999999,
            "Count": 26
        },
        "03": {
            "YearMonth": "2023/04",
            "USDRatePerDollar": 134.57947503124996,
            "MMKRatePerYen": 21.473889999999987,
            "DayTime": "03 00:00",
            "USDRatePerDollarTotal": 4306.543200999999,
            "MMKRatePerYenTotal": 687.1644799999996,
            "Count": 32
        },
        "04": {
            "YearMonth": "2023/04",
            "USDRatePerDollar": 134.32402196874995,
            "MMKRatePerYen": 21.5369465625,
            "DayTime": "04 00:00",
            "USDRatePerDollarTotal": 4298.368702999998,
            "MMKRatePerYenTotal": 689.18229,
            "Count": 32
        }
    }
}