{
    "Items": {
        "01": {
            "YearMonth": "2023/06",
            "USDRatePerDollar": 141.10480817647053,
            "MMKRatePerYen": 20.517849999999985,
            "DayTime": "01 00:00",
            "USDRatePerDollarTotal": 4797.563477999998,
            "MMKRatePerYenTotal": 697.6068999999995,
            "Count": 34
        }
    }
}