{
    "Items": {
        "01": {
            "YearMonth": "2023/08",
            "USDRatePerDollar": 143.8642670606061,
            "MMKRatePerYen": 20.31839393939393,
            "DayTime": "01 00:00",
            "USDRatePerDollarTotal": 4747.520813000001,
            "MMKRatePerYenTotal": 670.5069999999996,
            "Count": 33
        },
        "02": {
            "YearMonth": "2023/08",
            "USDRatePerDollar": 144.58649725000004,
            "MMKRatePerYen": 20.167385833333338,
            "DayTime": "02 00:00",
            "USDRatePerDollarTotal": 5205.1139010000015,
            "MMKRatePerYenTotal": 726.0258900000001,
            "Count": 36
        },
        "03": {
            "YearMonth": "2023/08",
            "USDRatePerDollar": 144.9133732121213,
            "MMKRatePerYen": 20.107404545454546,
            "DayTime": "03 00:00",
            "USDRatePerDollarTotal": 4782.141316000002,
            "MMKRatePerYenTotal": 663.54435,
            "Count": 33
        }
    }
}