{
    "Items": {
        "10": {
            "YearMonth": "2023/11",
            "USDRatePerDollar": 152.92478875757578,
            "MMKRatePerYen": 20.53230303030304,
            "DayTime": "10 00:00",
            "USDRatePerDollarTotal": 5046.518029000001,
            "MMKRatePerYenTotal": 677.5660000000004,
            "Count": 33
        },
        "11": {
            "YearMonth": "2023/11",
            "USDRatePerDollar": 153.17998592857148,
            "MMKRatePerYen": 20.50637142857142,
            "DayTime": "11 00:00",
            "USDRatePerDollarTotal": 4289.039606000001,
            "MMKRatePerYenTotal": 574.1783999999998,
            "Count": 28
        },
        "12": {
            "YearMonth": "2023/11",
            "USDRatePerDollar": 153.23266482758623,
            "MMKRatePerYen": 20.503499999999995,
            "DayTime": "12 00:00",
            "USDRatePerDollarTotal": 4443.7472800000005,
            "MMKRatePerYenTotal": 594.6014999999999,
            "Count": 29
        },
        "13": {
            "YearMonth": "2023/11",
            "USDRatePerDollar": 153.29156666666663,
            "MMKRatePerYen": 20.5035,
            "DayTime": "13 00:00",
            "USDRatePerDollarTotal": 5058.621699999999,
            "MMKRatePerYenTotal": 676.6155,
            "Count": 33
        },
        "14": {
            "YearMonth": "2023/11",
            "USDRatePerDollar": 153.3882818387097,
            "MMKRatePerYen": 20.479403225806447,
            "DayTime": "14 00:00",
            "USDRatePerDollarTotal": 4755.036737,
            "MMKRatePerYenTotal": 634.8614999999999,
            "Count": 31
        },
        "15": {
            "YearMonth": "2023/11",
            "USDRatePerDollar": 152.5413469062499,
            "MMKRatePerYen": 20.567256249999993,
            "DayTime": "15 00:00",
            "USDRatePerDollarTotal": 4881.323100999997,
            "MMKRatePerYenTotal": 658.1521999999998,
            "Count": 32
        },
        "16": {
            "YearMonth": "2023/11",
            "USDRatePerDollar": 152.8056471621622,
            "MMKRatePerYen": 20.564810810810826,
            "DayTime": "16 00:00",
            "USDRatePerDollarTotal": 5653.808945000001,
            "MMKRatePerYenTotal": 760.8980000000006,
            "Count": 37
        },
        "17": {
            "YearMonth": "2023/11",
            "USDRatePerDollar": 152.51488158823517,
            "MMKRatePerYen": 20.58982352941178,
            "DayTime": "17 00:00",
            "USDRatePerDollarTotal": 5185.505973999996,
            "MMKRatePerYenTotal": 700.0540000000005,
            "Count": 34
        },
        "18": {
            "YearMonth": "2023/11",
            "USDRatePerDollar": 151.62026189285706,
            "MMKRatePerYen": 20.613000000000007,
            "DayTime": "18 00:00",
            "USDRatePerDollarTotal": 4245.367332999997,
            "MMKRatePerYenTotal": 577.1640000000002,
            "Count": 28
        },
        "19": {
            "YearMonth": "2023/11",
            "USDRatePerDollar": 151.33142262068958,
            "MMKRatePerYen": 20.61300000000001,
            "DayTime": "19 00:00",
            "USDRatePerDollarTotal": 4388.611255999997,
            "MMKRatePerYenTotal": 597.7770000000003,
            "Count": 29
        },
        "20": {
            "YearMonth": "2023/11",
            "USDRatePerDollar": 151.08043164705887,
            "MMKRatePerYen": 20.613000000000017,
            "DayTime": "20 00:00",
            "USDRatePerDollarTotal": 5136.734676000002,
            "MMKRatePerYenTotal": 700.8420000000006,
            "Count": 34
        },
        "21": {
            "YearMonth": "2023/11",
            "USDRatePerDollar": 149.8503581944445,
            "MMKRatePerYen": 20.813016666666655,
            "DayTime": "21 00:00",
            "USDRatePerDollarTotal": 5394.612895000002,
            "MMKRatePerYenTotal": 749.2685999999995,
            "Count": 36
        },
        "22": {
            "YearMonth": "2023/11",
            "USDRatePerDollar": 149.69975524242423,
            "MMKRatePerYen": 20.933809090909097,
            "DayTime": "22 00:00",
            "USDRatePerDollarTotal": 4940.091923,
            "MMKRatePerYenTotal": 690.8157000000002,
            "Count": 33
        },
        "23": {
            "YearMonth": "2023/11",
            "USDRatePerDollar": 150.65257575862069,
            "MMKRatePerYen": 20.846213793103445,
            "DayTime": "23 00:00",
            "USDRatePerDollarTotal": 4368.9246969999995,
            "MMKRatePerYenTotal": 604.5401999999999,
            "Count": 29
        },
        "24": {
            "YearMonth": "2023/11",
            "USDRatePerDollar": 151.0601719743591,
            "MMKRatePerYen": 21.12232307692307,
            "DayTime": "24 00:00",
            "USDRatePerDollarTotal": 5891.346707000004,
            "MMKRatePerYenTotal": 823.7705999999997,
            "Count": 39
        },
        "25": {
            "YearMonth": "2023/11",
            "USDRatePerDollar": 151.11678164285718,
            "MMKRatePerYen": 21.691892857142864,
            "DayTime": "25 00:00",
            "USDRatePerDollarTotal": 4231.269886000001,
            "MMKRatePerYenTotal": 607.3730000000002,
            "Count": 28
        },
        "01": {
            "YearMonth": "2023/11",
            "USDRatePerDollar": 152.75610808571432,
            "MMKRatePerYen": 20.643291428571445,
            "DayTime": "01 00:00",
            "USDRatePerDollarTotal": 5346.463783000001,
            "MMKRatePerYenTotal": 722.5152000000005,
            "Count": 35
        },
        "02": {
            "YearMonth": "2023/11",
            "USDRatePerDollar": 152.48695423529415,
            "MMKRatePerYen": 20.56273352941177,
            "DayTime": "02 00:00",
            "USDRatePerDollarTotal": 5184.556444000001,
            "MMKRatePerYenTotal": 699.1329400000002,
            "Count": 34
        },
        "03": {
            "YearMonth": "2023/11",
            "USDRatePerDollar": 152.062874138889,
            "MMKRatePerYen": 20.637900277777778,
            "DayTime": "03 00:00",
            "USDRatePerDollarTotal": 5474.263469000003,
            "MMKRatePerYenTotal": 742.96441,
            "Count": 36
        },
        "04": {
            "YearMonth": "2023/11",
            "USDRatePerDollar": 151.3651414285714,
            "MMKRatePerYen": 20.654,
            "DayTime": "04 00:00",
            "USDRatePerDollarTotal": 4238.223959999999,
            "MMKRatePerYenTotal": 578.312,
            "Count": 28
        },
        "05": {
            "YearMonth": "2023/11",
            "USDRatePerDollar": 151.1025998518518,
            "MMKRatePerYen": 20.654,
            "DayTime": "05 00:00",
            "USDRatePerDollarTotal": 4079.7701959999986,
            "MMKRatePerYenTotal": 557.658,
            "Count": 27
        },
        "06": {
            "YearMonth": "2023/11",
            "USDRatePerDollar": 151.17711847058823,
            "MMKRatePerYen": 20.67382647058824,
            "DayTime": "06 00:00",
            "USDRatePerDollarTotal": 5140.022027999999,
            "MMKRatePerYenTotal": 702.9101000000002,
            "Count": 34
        },
        "07": {
            "YearMonth": "2023/11",
            "USDRatePerDollar": 151.66104081081076,
            "MMKRatePerYen": 20.695197297297305,
            "DayTime": "07 00:00",
            "USDRatePerDollarTotal": 5611.458509999999,
            "MMKRatePerYenTotal": 765.7223000000002,
            "Count": 37
        },
        "08": {
            "YearMonth": "2023/11",
            "USDRatePerDollar": 152.06901617142847,
            "MMKRatePerYen": 20.668231428571442,
            "DayTime": "08 00:00",
            "USDRatePerDollarTotal": 5322.415565999997,
            "MMKRatePerYenTotal": 723.3881000000005,
            "Count": 35
        },
        "09": {
            "YearMonth": "2023/11",
            "USDRatePerDollar": 152.51096922857147,