{
    "Items": {
        "01": {
            "YearMonth": "2023/03",
            "USDRatePerDollar": 137.81183942105267,
            "MMKRatePerYen": 21.033443421052628,
            "DayTime": "01 00:00",
            "USDRatePerDollarTotal": 5236.849898000001,
            "MMKRatePerYenTotal": 799.2708499999999,
            "Count": 38
        },
        "02": {
            "YearMonth": "2023/03",
            "USDRatePerDollar": 137.81417548571423,
            "MMKRatePerYen": 21.034999999999997,
            "DayTime": "02 00:00",
            "USDRatePerDollarTotal": 4823.496141999998,
            "MMKRatePerYenTotal": 736.2249999999999,
            "Count": 35
        },
        "03": {
            "YearMonth": "2023/03",
            "USDRatePerDollar": 138.1845406060606,
            "MMKRatePerYen": 20.986165969696973,
            "DayTime": "03 00:00",
            "USDRatePerDollarTotal": 4560.08984,
            "MMKRatePerYenTotal": 692.5434770000002,
            "Count": 33
        },
        "04": {
            "YearMonth": "2023/03",
            "USDRatePerDollar": 137.66246509999993,
            "MMKRatePerYen": 21.030061000000007,
            "DayTime": "04 00:00",
            "USDRatePerDollarTotal": 4129.873952999998,
            "MMKRatePerYenTotal": 630.9018300000002,
            "Count": 30
        },
        "05": {
            "YearMonth": "2023/03",
            "USDRatePerDollar": 137.41789325925922,
            "MMKRatePerYen": 21.07,
            "DayTime": "05 00:00",
            "USDRatePerDollarTotal": 3710.2831179999985,
            "MMKRatePerYenTotal": 568.89,
            "Count": 27
        },
        "06": {
            "YearMonth": "2023/03",
            "USDRatePerDollar": 137.31795134482758,
            "MMKRatePerYen": 21.070000000000004,
            "DayTime": "06 00:00",
            "USDRatePerDollarTotal": 3982.220589,
            "MMKRatePerYenTotal": 611.0300000000001,
            "Count": 29
        },
        "07": {
            "YearMonth": "2023/03",
            "USDRatePerDollar": 137.3950806571429,
            "MMKRatePerYen": 21.07000000000001,
            "DayTime": "07 00:00",
            "USDRatePerDollarTotal": 4808.827823000001,
            "MMKRatePerYenTotal": 737.4500000000004,
            "Count": 35
        },
        "08": {
            "YearMonth": "2023/03",
            "USDRatePerDollar": 138.5578582424243,
            "MMKRatePerYen": 20.918560606060602,
            "DayTime": "08 00:00",
            "USDRatePerDollarTotal": 4572.409322000001,
            "MMKRatePerYenTotal": 690.3124999999999,
            "Count": 33
        },
        "09": {
            "YearMonth": "2023/03",
            "USDRatePerDollar": 138.82439054285715,
            "MMKRatePerYen": 20.833211342857155,
            "DayTime": "09 00:00",
            "USDRatePerDollarTotal": 4858.853669,
            "MMKRatePerYenTotal": 729.1623970000004,
            "Count": 35
        }
    }
}