{
    "Items": {
        "01": {
            "YearMonth": "2023/05",
            "USDRatePerDollar": 138.08856353571423,
            "MMKRatePerYen": 21,
            "DayTime": "01 00:00",
            "USDRatePerDollarTotal": 3866.4797789999984,
            "MMKRatePerYenTotal": 588,
            "Count": 28
        },
        "02": {
            "YearMonth": "2023/05",
            "USDRatePerDollar": 138.87242294285713,
            "MMKRatePerYen": 20.85342857142858,
            "DayTime": "02 00:00",
            "USDRatePerDollarTotal": 4860.534803,
            "MMKRatePerYenTotal": 729.8700000000003,
            "Count": 35
        },
        "03": {
            "YearMonth": "2023/05",
            "USDRatePerDollar": 138.09628874193547,
            "MMKRatePerYen": 20.821935483870966,
            "DayTime": "03 00:00",
            "USDRatePerDollarTotal": 4280.9849509999995,
            "MMKRatePerYenTotal": 645.4799999999999,
            "Count": 31
        },
        "04": {
            "YearMonth": "2023/05",
            "USDRatePerDollar": 136.46565082142848,
            "MMKRatePerYen": 20.957142857142856,
            "DayTime": "04 00:00",
            "USDRatePerDollarTotal": 3821.0382229999973,
            "MMKRatePerYenTotal": 586.8,
            "Count": 28
        },
        "05": {
            "YearMonth": "2023/05",
            "USDRatePerDollar": 135.73589403846157,
            "MMKRatePerYen": 21.14423076923077,
            "DayTime": "05 00:00",
            "USDRatePerDollarTotal": 3529.133245000001,
            "MMKRatePerYenTotal": 549.75,
            "Count": 26
        },
        "06": {
            "YearMonth": "2023/05",
            "USDRatePerDollar": 136.153102962963,
            "MMKRatePerYen": 21.18488,
            "DayTime": "06 00:00",
            "USDRatePerDollarTotal": 3676.1337800000015,
            "MMKRatePerYenTotal": 571.99176,
            "Count": 27
        },
        "07": {
            "YearMonth": "2023/05",
            "USDRatePerDollar": 136.36837711111116,
            "MMKRatePerYen": 21.14011,
            "DayTime": "07 00:00",
            "USDRatePerDollarTotal": 3681.9461820000015,
            "MMKRatePerYenTotal": 570.78297,
            "Count": 27
        },
        "08": {
            "YearMonth": "2023/05",
            "USDRatePerDollar": 136.36655600000006,
            "MMKRatePerYen": 21.14011000000001,
            "DayTime": "08 00:00",
            "USDRatePerDollarTotal": 4909.196016000003,
            "MMKRatePerYenTotal": 761.0439600000004,
            "Count": 36
        }
    }
}