{
    "Items": {
        "01": {
            "YearMonth": "2023/03",
            "USDRatePerDollar": 137.81183942105267,
            "MMKRatePerYen": 21.033443421052628,
            "DayTime": "01 00:00",
            "USDRatePerDollarTotal": 5236.849898000001,
            "MMKRatePerYenTotal": 799.2708499999999,
            "Count": 38
        },
        "02": {
            "YearMonth": "2023/03",
            "USDRatePerDollar": 137.81417548571423,
            "MMKRatePerYen": 21.034999999999997,
            "DayTime": "02 00:00",
            "USDRatePerDollarTotal": 4823.496141999998,
            "MMKRatePerYenTotal": 736.2249999999999,
            "Count": 35
        }
    }
}