{
    "Items": {
        "01": {
            "YearMonth": "2024/04",
            "USDRatePerDollar": 152.87145840624996,
            "MMKRatePerYen": 22.690609999999996,
            "DayTime": "01 00:00",
            "USDRatePerDollarTotal": 4891.886668999999,
            "MMKRatePerYenTotal": 726.0995199999999,
            "Count": 32
        },
        "02": {
            "YearMonth": "2024/04",
            "USDRatePerDollar": 153.14944558823527,
            "MMKRatePerYen": 22.67043088235293,
            "DayTime": "02 00:00",
            "USDRatePerDollarTotal": 5207.081149999999,
            "MMKRatePerYenTotal": 770.7946499999997,
            "Count": 34
        },
        "03": {
            "YearMonth": "2024/04",
            "USDRatePerDollar": 153.1524788235294,
            "MMKRatePerYen": 22.663429411764717,
            "DayTime": "03 00:00",
            "USDRatePerDollarTotal": 5207.1842799999995,
            "MMKRatePerYenTotal": 770.5566000000003,
            "Count": 34
        },
        "04": {
            "YearMonth": "2024/04",
            "USDRatePerDollar": 153.20281200000002,
            "MMKRatePerYen": 22.668300000000006,
            "DayTime": "04 00:00",
            "USDRatePerDollarTotal": 4902.489984000001,
            "MMKRatePerYenTotal": 725.3856000000002,
            "Count": 32
        },
        "05": {
            "YearMonth": "2024/04",
            "USDRatePerDollar": 152.92609108571426,
            "MMKRatePerYen": 22.694618285714267,
            "DayTime": "05 00:00",
            "USDRatePerDollarTotal": 5352.4131879999995,
            "MMKRatePerYenTotal": 794.3116399999993,
            "Count": 35
        },
        "06": {
            "YearMonth": "2024/04",
            "USDRatePerDollar": 153.0473883076923,
            "MMKRatePerYen": 22.67903346153847,
            "DayTime": "06 00:00",
            "USDRatePerDollarTotal": 3979.232096,
            "MMKRatePerYenTotal": 589.6548700000002,
            "Count": 26
        },
        "07": {
            "YearMonth": "2024/04",
            "USDRatePerDollar": 153.16259569230772,
            "MMKRatePerYen": 22.65620000000001,
            "DayTime": "07 00:00",
            "USDRatePerDollarTotal": 3982.2274880000004,
            "MMKRatePerYenTotal": 589.0612000000002,
            "Count": 26
        },
        "08": {
            "YearMonth": "2024/04",
            "USDRatePerDollar": 153.22852949999998,
            "MMKRatePerYen": 22.65620000000001,
            "DayTime": "08 00:00",
            "USDRatePerDollarTotal": 4903.312943999999,
            "MMKRatePerYenTotal": 724.9984000000003,
            "Count": 32
        }
    }
}