{
    "Items": {
        "10": {
            "YearMonth": "2024/11",
            "USDRatePerDollar": 153.77441259259263,
            "MMKRatePerYen": 29.213799999999996,
            "DayTime": "10 00:00",
            "USDRatePerDollarTotal": 4151.909140000001,
            "MMKRatePerYenTotal": 788.7725999999999,
            "Count": 27
        },
        "11": {
            "YearMonth": "2024/11",
            "USDRatePerDollar": 154.0672731428572,
            "MMKRatePerYen": 29.23583428571428,
            "DayTime": "11 00:00",
            "USDRatePerDollarTotal": 5392.3545600000025,
            "MMKRatePerYenTotal": 1023.2541999999997,
            "Count": 35
        },
        "12": {
            "YearMonth": "2024/11",
            "USDRatePerDollar": 154.73779158823527,
            "MMKRatePerYen": 29.144029411764716,
            "DayTime": "12 00:00",
            "USDRatePerDollarTotal": 5261.084913999999,
            "MMKRatePerYenTotal": 990.8970000000004,
            "Count": 34
        },
        "13": {
            "YearMonth": "2024/11",
            "USDRatePerDollar": 155.50882741176466,
            "MMKRatePerYen": 28.98970588235296,
            "DayTime": "13 00:00",
            "USDRatePerDollarTotal": 5287.3001319999985,
            "MMKRatePerYenTotal": 985.6500000000007,
            "Count": 34
        },
        "14": {
            "YearMonth": "2024/11",
            "USDRatePerDollar": 156.67129236842104,
            "MMKRatePerYen": 28.792526315789484,
            "DayTime": "14 00:00",
            "USDRatePerDollarTotal": 5953.509109999999,
            "MMKRatePerYenTotal": 1094.1160000000004,
            "Count": 38
        },
        "15": {
            "YearMonth": "2024/11",
            "USDRatePerDollar": 157.41534021621618,
            "MMKRatePerYen": 28.636216216216216,
            "DayTime": "15 00:00",
            "USDRatePerDollarTotal": 5824.367587999999,
            "MMKRatePerYenTotal": 1059.54,
            "Count": 37
        },
        "16": {
            "YearMonth": "2024/11",
            "USDRatePerDollar": 156.05296857142858,
            "MMKRatePerYen": 28.533000000000012,
            "DayTime": "16 00:00",
            "USDRatePerDollarTotal": 4369.48312,
            "MMKRatePerYenTotal": 798.9240000000003,
            "Count": 28
        },
        "17": {
            "YearMonth": "2024/11",
            "USDRatePerDollar": 155.47218151724138,
            "MMKRatePerYen": 28.533000000000012,
            "DayTime": "17 00:00",
            "USDRatePerDollarTotal": 4508.693264,
            "MMKRatePerYenTotal": 827.4570000000003,
            "Count": 29
        },
        "18": {
            "YearMonth": "2024/11",
            "USDRatePerDollar": 155.5423471666667,
            "MMKRatePerYen": 28.833666666666684,
            "DayTime": "18 00:00",
            "USDRatePerDollarTotal": 5599.524498000002,
            "MMKRatePerYenTotal": 1038.0120000000006,
            "Count": 36
        },
        "19": {
            "YearMonth": "2024/11",
            "USDRatePerDollar": 155.6779090882353,
            "MMKRatePerYen": 28.97023529411763,
            "DayTime": "19 00:00",
            "USDRatePerDollarTotal": 5293.048909,
            "MMKRatePerYenTotal": 984.9879999999994,
            "Count": 34
        },
        "20": {
            "YearMonth": "2024/11",
            "USDRatePerDollar": 155.86396424242417,
            "MMKRatePerYen": 28.91481818181819,
            "DayTime": "20 00:00",
            "USDRatePerDollarTotal": 5143.510819999998,
            "MMKRatePerYenTotal": 954.1890000000003,
            "Count": 33
        },
        "21": {
            "YearMonth": "2024/11",
            "USDRatePerDollar": 156.30160040625003,
            "MMKRatePerYen": 28.852718749999994,
            "DayTime": "21 00:00",
            "USDRatePerDollarTotal": 5001.651213000001,
            "MMKRatePerYenTotal": 923.2869999999998,
            "Count": 32
        },
        "22": {
            "YearMonth": "2024/11",
            "USDRatePerDollar": 155.7291002,
            "MMKRatePerYen": 28.906999999999996,
            "DayTime": "22 00:00",
            "USDRatePerDollarTotal": 5450.518507,
            "MMKRatePerYenTotal": 1011.7449999999999,
            "Count": 35
        },
        "23": {
            "YearMonth": "2024/11",
            "USDRatePerDollar": 155.80705737931038,
            "MMKRatePerYen": 28.932793103448276,
            "DayTime": "23 00:00",
            "USDRatePerDollarTotal": 4518.404664000001,
            "MMKRatePerYenTotal": 839.051,
            "Count": 29
        },
        "24": {
            "YearMonth": "2024/11",
            "USDRatePerDollar": 155.90740606896554,
            "MMKRatePerYen": 28.918000000000003,
            "DayTime": "24 00:00",
            "USDRatePerDollarTotal": 4521.314776000001,
            "MMKRatePerYenTotal": 838.6220000000001,
            "Count": 29
        },
        "25": {
            "YearMonth": "2024/11",
            "USDRatePerDollar": 155.61586948571437,
            "MMKRatePerYen": 28.918000000000003,
            "DayTime": "25 00:00",
            "USDRatePerDollarTotal": 5446.555432000003,
            "MMKRatePerYenTotal": 1012.1300000000001,
            "Count": 35
        },
        "26": {
            "YearMonth": "2024/11",
            "USDRatePerDollar": 155.12139208571435,
            "MMKRatePerYen": 28.97582857142857,
            "DayTime": "26 00:00",
            "USDRatePerDollarTotal": 5429.248723000002,
            "MMKRatePerYenTotal": 1014.1539999999999,
            "Count": 35
        },
        "27": {
            "YearMonth": "2024/11",
            "USDRatePerDollar": 154.06721666666658,
            "MMKRatePerYen": 29.177388888888906,
            "DayTime": "27 00:00",
            "USDRatePerDollarTotal": 5546.419799999997,
            "MMKRatePerYenTotal": 1050.3860000000006,
            "Count": 36
        },
        "28": {
            "YearMonth": "2024/11",
            "USDRatePerDollar": 152.64021077142854,
            "MMKRatePerYen": 29.41722857142859,
            "DayTime": "28 00:00",
            "USDRatePerDollarTotal": 5342.407376999999,
            "MMKRatePerYenTotal": 1029.6030000000007,
            "Count": 35
        },
        "29": {
            "YearMonth": "2024/11",
            "USDRatePerDollar": 152.10031562162163,
            "MMKRatePerYen": 29.61595675675675,
            "DayTime": "29 00:00",
            "USDRatePerDollarTotal": 5627.711678000001,
            "MMKRatePerYenTotal": 1095.7903999999996,
            "Count": 37
        },
        "30": {
            "YearMonth": "2024/11",
            "USDRatePerDollar": 150.94951603448268,
            "MMKRatePerYen": 29.690799999999996,
            "DayTime": "30 00:00",
            "USDRatePerDollarTotal": 4377.535964999998,
            "MMKRatePerYenTotal": 861.0331999999999,
            "Count": 29
        },
        "01": {
            "YearMonth": "2024/11",
            "USDRatePerDollar": 153.55831978787884,
            "MMKRatePerYen": 29.04185151515153,
            "DayTime": "01 00:00",
            "USDRatePerDollarTotal": 5067.424553000002,
            "MMKRatePerYenTotal": 958.3811000000005,
            "Count": 33
        },
        "02": {
            "YearMonth": "2024/11",
            "USDRatePerDollar": 153.96084724137933,
            "MMKRatePerYen": 29.349500000000006,
            "DayTime": "02 00:00",
            "USDRatePerDollarTotal": 4464.864570000001,
            "MMKRatePerYenTotal": 851.1355000000002,
            "Count": 29
        },
        "03": {
            "YearMonth": "2024/11",
            "USDRatePerDollar": 154.13059799999996,
            "MMKRatePerYen": 29.349500000000006,
            "DayTime": "03 00:00",
            "USDRatePerDollarTotal": 4161.526145999999,
            "MMKRatePerYenTotal": 792.4365000000001,
            "Count": 27
        },
        "04": {
            "YearMonth": "2024/11",