{
    "Items": {
        "10": {
            "YearMonth": "2024/12",
            "USDRatePerDollar": 151.98985684848478,
            "MMKRatePerYen": 29.66348484848486,
            "DayTime": "10 00:00",
            "USDRatePerDollarTotal": 5015.665275999998,
            "MMKRatePerYenTotal": 978.8950000000003,
            "Count": 33
        },
        "11": {
            "YearMonth": "2024/12",
            "USDRatePerDollar": 152.73346946153848,
            "MMKRatePerYen": 29.408076923076926,
            "DayTime": "11 00:00",
            "USDRatePerDollarTotal": 5956.6053090000005,
            "MMKRatePerYenTotal": 1146.9150000000002,
            "Count": 39
        },
        "12": {
            "YearMonth": "2024/12",
            "USDRatePerDollar": 153.29772811428583,
            "MMKRatePerYen": 29.334428571428557,
            "DayTime": "12 00:00",
            "USDRatePerDollarTotal": 5365.420484000004,
            "MMKRatePerYenTotal": 1026.7049999999995,
            "Count": 35
        },
        "13": {
            "YearMonth": "2024/12",
            "USDRatePerDollar": 153.78216448484855,
            "MMKRatePerYen": 29.232545454545452,
            "DayTime": "13 00:00",
            "USDRatePerDollarTotal": 5074.811428000002,
            "MMKRatePerYenTotal": 964.6739999999999,
            "Count": 33
        },
        "14": {
            "YearMonth": "2024/12",
            "USDRatePerDollar": 154.59984123076921,
            "MMKRatePerYen": 29.13203846153845,
            "DayTime": "14 00:00",
            "USDRatePerDollarTotal": 4019.595872,
            "MMKRatePerYenTotal": 757.4329999999997,
            "Count": 26
        },
        "15": {
            "YearMonth": "2024/12",
            "USDRatePerDollar": 154.79778755555557,
            "MMKRatePerYen": 29.101999999999983,
            "DayTime": "15 00:00",
            "USDRatePerDollarTotal": 4179.540264,
            "MMKRatePerYenTotal": 785.7539999999996,
            "Count": 27
        },
        "16": {
            "YearMonth": "2024/12",
            "USDRatePerDollar": 154.8637317333334,
            "MMKRatePerYen": 29.046466666666674,
            "DayTime": "16 00:00",
            "USDRatePerDollarTotal": 4645.911952000002,
            "MMKRatePerYenTotal": 871.3940000000002,
            "Count": 30
        },
        "17": {
            "YearMonth": "2024/12",
            "USDRatePerDollar": 155.1936595294118,
            "MMKRatePerYen": 28.973294117647075,
            "DayTime": "17 00:00",
            "USDRatePerDollarTotal": 5276.5844240000015,
            "MMKRatePerYenTotal": 985.0920000000006,
            "Count": 34
        },
        "18": {
            "YearMonth": "2024/12",
            "USDRatePerDollar": 154.75641719444445,
            "MMKRatePerYen": 29.002283333333327,
            "DayTime": "18 00:00",
            "USDRatePerDollarTotal": 5571.231019000001,
            "MMKRatePerYenTotal": 1044.0821999999998,
            "Count": 36
        },
        "19": {
            "YearMonth": "2024/12",
            "USDRatePerDollar": 155.79466365789474,
            "MMKRatePerYen": 28.905405263157878,
            "DayTime": "19 00:00",
            "USDRatePerDollarTotal": 5920.197219000001,
            "MMKRatePerYenTotal": 1098.4053999999994,
            "Count": 38
        },
        "20": {
            "YearMonth": "2024/12",
            "USDRatePerDollar": 157.95939536111118,
            "MMKRatePerYen": 28.483822222222233,
            "DayTime": "20 00:00",
            "USDRatePerDollarTotal": 5686.538233000002,
            "MMKRatePerYenTotal": 1025.4176000000004,
            "Count": 36
        },
        "21": {
            "YearMonth": "2024/12",
            "USDRatePerDollar": 157.82928941379325,
            "MMKRatePerYen": 28.264800000000008,
            "DayTime": "21 00:00",
            "USDRatePerDollarTotal": 4577.049393000004,
            "MMKRatePerYenTotal": 819.6792000000003,
            "Count": 29
        },
        "22": {
            "YearMonth": "2024/12",
            "USDRatePerDollar": 157.5539310344829,
            "MMKRatePerYen": 28.264800000000008,
            "DayTime": "22 00:00",
            "USDRatePerDollarTotal": 4569.064000000004,
            "MMKRatePerYenTotal": 819.6792000000003,
            "Count": 29
        },
        "01": {
            "YearMonth": "2024/12",
            "USDRatePerDollar": 150.87451111111108,
            "MMKRatePerYen": 29.690799999999996,
            "DayTime": "01 00:00",
            "USDRatePerDollarTotal": 4073.6117999999988,
            "MMKRatePerYenTotal": 801.6515999999999,
            "Count": 27
        },
        "02": {
            "YearMonth": "2024/12",
            "USDRatePerDollar": 151.14128812499993,
            "MMKRatePerYen": 29.736900000000013,
            "DayTime": "02 00:00",
            "USDRatePerDollarTotal": 4836.521219999998,
            "MMKRatePerYenTotal": 951.5808000000004,
            "Count": 32
        },
        "03": {
            "YearMonth": "2024/12",
            "USDRatePerDollar": 151.12550722222224,
            "MMKRatePerYen": 29.817500000000003,
            "DayTime": "03 00:00",
            "USDRatePerDollarTotal": 5440.518260000001,
            "MMKRatePerYenTotal": 1073.43,
            "Count": 36
        },
        "04": {
            "YearMonth": "2024/12",
            "USDRatePerDollar": 151.0655909444444,
            "MMKRatePerYen": 29.850444444444456,
            "DayTime": "04 00:00",
            "USDRatePerDollarTotal": 5438.361273999999,
            "MMKRatePerYenTotal": 1074.6160000000004,
            "Count": 36
        },
        "05": {
            "YearMonth": "2024/12",
            "USDRatePerDollar": 151.43885490322586,
            "MMKRatePerYen": 29.797032258064505,
            "DayTime": "05 00:00",
            "USDRatePerDollarTotal": 4694.604502000002,
            "MMKRatePerYenTotal": 923.7079999999996,
            "Count": 31
        },
        "06": {
            "YearMonth": "2024/12",
            "USDRatePerDollar": 151.17053155000005,
            "MMKRatePerYen": 29.784524999999967,
            "DayTime": "06 00:00",
            "USDRatePerDollarTotal": 6046.821262000002,
            "MMKRatePerYenTotal": 1191.3809999999987,
            "Count": 40
        },
        "07": {
            "YearMonth": "2024/12",
            "USDRatePerDollar": 151.10835371428564,
            "MMKRatePerYen": 29.809999999999977,
            "DayTime": "07 00:00",
            "USDRatePerDollarTotal": 4231.033903999998,
            "MMKRatePerYenTotal": 834.6799999999994,
            "Count": 28
        },
        "08": {
            "YearMonth": "2024/12",
            "USDRatePerDollar": 151.14722482758614,
            "MMKRatePerYen": 29.809999999999977,
            "DayTime": "08 00:00",
            "USDRatePerDollarTotal": 4383.269519999998,
            "MMKRatePerYenTotal": 864.4899999999993,
            "Count": 29
        },
        "09": {
            "YearMonth": "2024/12",
            "USDRatePerDollar": 151.10594862162162,
            "MMKRatePerYen": 29.91256756756757,
            "DayTime": "09 00:00",
            "USDRatePerDollarTotal": 5590.920099,
            "MMKRatePerYenTotal": 1106.765,
            "Count": 37
        }
    }
}