{
    "Items": {
        "10": {
            "YearMonth": "2024/07",
            "USDRatePerDollar": 162.93244886666673,
            "MMKRatePerYen": 22.193500000000004,
            "DayTime": "10 00:00",
            "USDRatePerDollarTotal": 4887.973466000002,
            "MMKRatePerYenTotal": 665.8050000000001,
            "Count": 30
        },
        "11": {
            "YearMonth": "2024/07",
            "USDRatePerDollar": 163.23560716129035,
            "MMKRatePerYen": 22.152448387096772,
            "DayTime": "11 00:00",
            "USDRatePerDollarTotal": 5060.303822000001,
            "MMKRatePerYenTotal": 686.7258999999999,
            "Count": 31
        },
        "12": {
            "YearMonth": "2024/07",
            "USDRatePerDollar": 161.29371902631564,
            "MMKRatePerYen": 22.330349999999996,
            "DayTime": "12 00:00",
            "USDRatePerDollarTotal": 6129.161322999995,
            "MMKRatePerYenTotal": 848.5532999999998,
            "Count": 38
        },
        "13": {
            "YearMonth": "2024/07",
            "USDRatePerDollar": 159.92516829629625,
            "MMKRatePerYen": 22.477399999999992,
            "DayTime": "13 00:00",
            "USDRatePerDollarTotal": 4317.979543999999,
            "MMKRatePerYenTotal": 606.8897999999998,
            "Count": 27
        },
        "14": {
            "YearMonth": "2024/07",
            "USDRatePerDollar": 159.51413437037033,
            "MMKRatePerYen": 22.477399999999992,
            "DayTime": "14 00:00",
            "USDRatePerDollarTotal": 4306.881627999999,
            "MMKRatePerYenTotal": 606.8897999999998,
            "Count": 27
        },
        "15": {
            "YearMonth": "2024/07",
            "USDRatePerDollar": 159.53683038709678,
            "MMKRatePerYen": 22.477399999999992,
            "DayTime": "15 00:00",
            "USDRatePerDollarTotal": 4945.641742000001,
            "MMKRatePerYenTotal": 696.7993999999998,
            "Count": 31
        },
        "16": {
            "YearMonth": "2024/07",
            "USDRatePerDollar": 159.89070875,
            "MMKRatePerYen": 22.538487500000002,
            "DayTime": "16 00:00",
            "USDRatePerDollarTotal": 5116.50268,
            "MMKRatePerYenTotal": 721.2316000000001,
            "Count": 32
        },
        "17": {
            "YearMonth": "2024/07",
            "USDRatePerDollar": 160.0640414736843,
            "MMKRatePerYen": 22.59121052631581,
            "DayTime": "17 00:00",
            "USDRatePerDollarTotal": 6082.433576000004,
            "MMKRatePerYenTotal": 858.4660000000007,
            "Count": 38
        },
        "18": {
            "YearMonth": "2024/07",
            "USDRatePerDollar": 158.3542999999999,
            "MMKRatePerYen": 22.81135833333334,
            "DayTime": "18 00:00",
            "USDRatePerDollarTotal": 5700.754799999997,
            "MMKRatePerYenTotal": 821.2089000000003,
            "Count": 36
        },
        "19": {
            "YearMonth": "2024/07",
            "USDRatePerDollar": 158.74814464864858,
            "MMKRatePerYen": 22.822989189189183,
            "DayTime": "19 00:00",
            "USDRatePerDollarTotal": 5873.681351999997,
            "MMKRatePerYenTotal": 844.4505999999998,
            "Count": 37
        },
        "20": {
            "YearMonth": "2024/07",
            "USDRatePerDollar": 159.084570862069,
            "MMKRatePerYen": 22.735999999999994,
            "DayTime": "20 00:00",
            "USDRatePerDollarTotal": 4613.452555000001,
            "MMKRatePerYenTotal": 659.3439999999998,
            "Count": 29
        },
        "21": {
            "YearMonth": "2024/07",
            "USDRatePerDollar": 159.13364607692307,
            "MMKRatePerYen": 22.735999999999994,
            "DayTime": "21 00:00",
            "USDRatePerDollarTotal": 4137.474798,
            "MMKRatePerYenTotal": 591.1359999999999,
            "Count": 26
        },
        "22": {
            "YearMonth": "2024/07",
            "USDRatePerDollar": 159.14435800000004,
            "MMKRatePerYen": 22.72989999999999,
            "DayTime": "22 00:00",
            "USDRatePerDollarTotal": 4456.042024000001,
            "MMKRatePerYenTotal": 636.4371999999997,
            "Count": 28
        },
        "23": {
            "YearMonth": "2024/07",
            "USDRatePerDollar": 158.4154928124999,
            "MMKRatePerYen": 22.781546874999993,
            "DayTime": "23 00:00",
            "USDRatePerDollarTotal": 5069.295769999997,
            "MMKRatePerYenTotal": 729.0094999999998,
            "Count": 32
        },
        "24": {
            "YearMonth": "2024/07",
            "USDRatePerDollar": 157.16353241666673,
            "MMKRatePerYen": 22.925564999999988,
            "DayTime": "24 00:00",
            "USDRatePerDollarTotal": 5657.887167000003,
            "MMKRatePerYenTotal": 825.3203399999995,
            "Count": 36
        },
        "25": {
            "YearMonth": "2024/07",
            "USDRatePerDollar": 154.9505687567568,
            "MMKRatePerYen": 23.189076756756755,
            "DayTime": "25 00:00",
            "USDRatePerDollarTotal": 5733.1710440000015,
            "MMKRatePerYenTotal": 857.9958399999999,
            "Count": 37
        },
        "01": {
            "YearMonth": "2024/07",
            "USDRatePerDollar": 162.5942558285714,
            "MMKRatePerYen": 22.226,
            "DayTime": "01 00:00",
            "USDRatePerDollarTotal": 5690.798953999999,
            "MMKRatePerYenTotal": 777.91,
            "Count": 35
        },
        "02": {
            "YearMonth": "2024/07",
            "USDRatePerDollar": 163.11285182352944,
            "MMKRatePerYen": 22.182058823529427,
            "DayTime": "02 00:00",
            "USDRatePerDollarTotal": 5545.836962000001,
            "MMKRatePerYenTotal": 754.1900000000005,
            "Count": 34
        },
        "03": {
            "YearMonth": "2024/07",
            "USDRatePerDollar": 163.25070190322572,
            "MMKRatePerYen": 22.150074193548374,
            "DayTime": "03 00:00",
            "USDRatePerDollarTotal": 5060.7717589999975,
            "MMKRatePerYenTotal": 686.6522999999996,
            "Count": 31
        },
        "04": {
            "YearMonth": "2024/07",
            "USDRatePerDollar": 163.1955304545454,
            "MMKRatePerYen": 22.162233333333315,
            "DayTime": "04 00:00",
            "USDRatePerDollarTotal": 5385.452504999998,
            "MMKRatePerYenTotal": 731.3536999999994,
            "Count": 33
        },
        "05": {
            "YearMonth": "2024/07",
            "USDRatePerDollar": 162.66567346666668,
            "MMKRatePerYen": 22.19245666666666,
            "DayTime": "05 00:00",
            "USDRatePerDollarTotal": 4879.970204,
            "MMKRatePerYenTotal": 665.7736999999998,
            "Count": 30
        },
        "06": {
            "YearMonth": "2024/07",
            "USDRatePerDollar": 162.35267535714283,
            "MMKRatePerYen": 22.211999999999993,
            "DayTime": "06 00:00",
            "USDRatePerDollarTotal": 4545.8749099999995,
            "MMKRatePerYenTotal": 621.9359999999998,
            "Count": 28
        },
        "07": {
            "YearMonth": "2024/07",
            "USDRatePerDollar": 162.3902959333333,
            "MMKRatePerYen": 22.211999999999993,
            "DayTime": "07 00:00",
            "USDRatePerDollarTotal": 4871.7088779999995,
            "MMKRatePerYenTotal": 666.3599999999998,
            "Count": 30
        },
        "08": {
            "YearMonth": "2024/07",
            "USDRatePerDollar": 162.24088741176465,
            "MMKRatePerYen": 22.25011764705882,
            "DayTime": "08 00:00",
            "USDRatePerDollarTotal": 5516.190171999998,
            "MMKRatePerYenTotal": 756.5039999999998,
            "Count": 34
        },
        "09": {
            "YearMonth": "2024/07",