{
    "Items": {
        "01": {
            "YearMonth": "2024/06",
            "USDRatePerDollar": 158.78254637037043,
            "MMKRatePerYen": 22.345740740740734,
            "DayTime": "01 00:00",
            "USDRatePerDollarTotal": 4287.128752000001,
            "MMKRatePerYenTotal": 603.3349999999998,
            "Count": 27
        },
        "02": {
            "YearMonth": "2024/06",
            "USDRatePerDollar": 158.93162396428576,
            "MMKRatePerYen": 22.328099999999996,
            "DayTime": "02 00:00",
            "USDRatePerDollarTotal": 4450.085471000001,
            "MMKRatePerYenTotal": 625.1867999999998,
            "Count": 28
        }
    }
}