{
    "Items": {
        "10": {
            "YearMonth": "2024/02",
            "USDRatePerDollar": 151.03533373076925,
            "MMKRatePerYen": 22.704846153846155,
            "DayTime": "10 00:00",
            "USDRatePerDollarTotal": 3926.9186770000006,
            "MMKRatePerYenTotal": 590.326,
            "Count": 26
        },
        "11": {
            "YearMonth": "2024/02",
            "USDRatePerDollar": 151.01151459259265,
            "MMKRatePerYen": 22.7,
            "DayTime": "11 00:00",
            "USDRatePerDollarTotal": 4077.310894000001,
            "MMKRatePerYenTotal": 612.9,
            "Count": 27
        },
        "12": {
            "YearMonth": "2024/02",
            "USDRatePerDollar": 150.9622611428571,
            "MMKRatePerYen": 22.7,
            "DayTime": "12 00:00",
            "USDRatePerDollarTotal": 4226.9433119999985,
            "MMKRatePerYenTotal": 635.6,
            "Count": 28
        },
        "13": {
            "YearMonth": "2024/02",
            "USDRatePerDollar": 151.04982448484847,
            "MMKRatePerYen": 22.745999999999984,
            "DayTime": "13 00:00",
            "USDRatePerDollarTotal": 4984.644208,
            "MMKRatePerYenTotal": 750.6179999999995,
            "Count": 33
        },
        "14": {
            "YearMonth": "2024/02",
            "USDRatePerDollar": 151.96304766666668,
            "MMKRatePerYen": 22.63459393939395,
            "DayTime": "14 00:00",
            "USDRatePerDollarTotal": 5014.780573000001,
            "MMKRatePerYenTotal": 746.9416000000004,
            "Count": 33
        },
        "15": {
            "YearMonth": "2024/02",
            "USDRatePerDollar": 152.05655857575758,
            "MMKRatePerYen": 22.54726666666668,
            "DayTime": "15 00:00",
            "USDRatePerDollarTotal": 5017.866433,
            "MMKRatePerYenTotal": 744.0598000000005,
            "Count": 33
        },
        "16": {
            "YearMonth": "2024/02",
            "USDRatePerDollar": 151.81912426470595,
            "MMKRatePerYen": 22.6145117647059,
            "DayTime": "16 00:00",
            "USDRatePerDollarTotal": 5161.850225000002,
            "MMKRatePerYenTotal": 768.8934000000006,
            "Count": 34
        },
        "17": {
            "YearMonth": "2024/02",
            "USDRatePerDollar": 151.9610741071429,
            "MMKRatePerYen": 22.62117142857144,
            "DayTime": "17 00:00",
            "USDRatePerDollarTotal": 4254.910075000002,
            "MMKRatePerYenTotal": 633.3928000000003,
            "Count": 28
        },
        "18": {
            "YearMonth": "2024/02",
            "USDRatePerDollar": 151.92814628571435,
            "MMKRatePerYen": 22.600000000000012,
            "DayTime": "18 00:00",
            "USDRatePerDollarTotal": 4253.988096000002,
            "MMKRatePerYenTotal": 632.8000000000003,
            "Count": 28
        },
        "19": {
            "YearMonth": "2024/02",
            "USDRatePerDollar": 151.82981623529412,
            "MMKRatePerYen": 22.600000000000012,
            "DayTime": "19 00:00",
            "USDRatePerDollarTotal": 5162.213752,
            "MMKRatePerYenTotal": 768.4000000000004,
            "Count": 34
        },
        "20": {
            "YearMonth": "2024/02",
            "USDRatePerDollar": 151.83674487499994,
            "MMKRatePerYen": 22.60000000000001,
            "DayTime": "20 00:00",
            "USDRatePerDollarTotal": 3644.0818769999987,
            "MMKRatePerYenTotal": 542.4000000000002,
            "Count": 24
        },
        "21": {
            "YearMonth": "2024/02",
            "USDRatePerDollar": 151.75235618749997,
            "MMKRatePerYen": 22.652665624999994,
            "DayTime": "21 00:00",
            "USDRatePerDollarTotal": 4856.075397999999,
            "MMKRatePerYenTotal": 724.8852999999998,
            "Count": 32
        },
        "22": {
            "YearMonth": "2024/02",
            "USDRatePerDollar": 151.90933193939398,
            "MMKRatePerYen": 22.676403030303018,
            "DayTime": "22 00:00",
            "USDRatePerDollarTotal": 5013.0079540000015,
            "MMKRatePerYenTotal": 748.3212999999996,
            "Count": 33
        },
        "23": {
            "YearMonth": "2024/02",
            "USDRatePerDollar": 152.15275099999988,
            "MMKRatePerYen": 22.633168750000003,
            "DayTime": "23 00:00",
            "USDRatePerDollarTotal": 4868.888031999996,
            "MMKRatePerYenTotal": 724.2614000000001,
            "Count": 32
        },
        "24": {
            "YearMonth": "2024/02",
            "USDRatePerDollar": 152.20600085714275,
            "MMKRatePerYen": 22.62,
            "DayTime": "24 00:00",
            "USDRatePerDollarTotal": 4261.768023999997,
            "MMKRatePerYenTotal": 633.36,
            "Count": 28
        },
        "25": {
            "YearMonth": "2024/02",
            "USDRatePerDollar": 152.20622311111103,
            "MMKRatePerYen": 22.62,
            "DayTime": "25 00:00",
            "USDRatePerDollarTotal": 4109.568023999997,
            "MMKRatePerYenTotal": 610.74,
            "Count": 27
        },
        "26": {
            "YearMonth": "2024/02",
            "USDRatePerDollar": 152.19792332352935,
            "MMKRatePerYen": 22.859337941176463,
            "DayTime": "26 00:00",
            "USDRatePerDollarTotal": 5174.729392999998,
            "MMKRatePerYenTotal": 777.2174899999998,
            "Count": 34
        },
        "27": {
            "YearMonth": "2024/02",
            "USDRatePerDollar": 152.23550688235292,
            "MMKRatePerYen": 23.086959999999998,
            "DayTime": "27 00:00",
            "USDRatePerDollarTotal": 5176.007234,
            "MMKRatePerYenTotal": 784.9566399999999,
            "Count": 34
        },
        "28": {
            "YearMonth": "2024/02",
            "USDRatePerDollar": 152.20678355555552,
            "MMKRatePerYen": 23,
            "DayTime": "28 00:00",
            "USDRatePerDollarTotal": 5479.444207999999,
            "MMKRatePerYenTotal": 828,
            "Count": 36
        },
        "01": {
            "YearMonth": "2024/02",
            "USDRatePerDollar": 148.84938173529417,
            "MMKRatePerYen": 23.12665882352941,
            "DayTime": "01 00:00",
            "USDRatePerDollarTotal": 5060.878979000002,
            "MMKRatePerYenTotal": 786.3063999999999,
            "Count": 34
        },
        "02": {
            "YearMonth": "2024/02",
            "USDRatePerDollar": 148.1678044705882,
            "MMKRatePerYen": 23.33438529411765,
            "DayTime": "02 00:00",
            "USDRatePerDollarTotal": 5037.705351999999,
            "MMKRatePerYenTotal": 793.3691,
            "Count": 34
        },
        "03": {
            "YearMonth": "2024/02",
            "USDRatePerDollar": 149.43264641379307,
            "MMKRatePerYen": 23.21443103448275,
            "DayTime": "03 00:00",
            "USDRatePerDollarTotal": 4333.546745999999,
            "MMKRatePerYenTotal": 673.2184999999997,
            "Count": 29
        },
        "04": {
            "YearMonth": "2024/02",
            "USDRatePerDollar": 150.06002044444438,
            "MMKRatePerYen": 23.078099999999996,
            "DayTime": "04 00:00",
            "USDRatePerDollarTotal": 4051.620551999998,
            "MMKRatePerYenTotal": 623.1086999999999,
            "Count": 27
        },
        "05": {
            "YearMonth": "2024/02",
            "USDRatePerDollar": 150.17012568749993,
            "MMKRatePerYen": 23.04994375000002,
            "DayTime": "05 00:00",
            "USDRatePerDollarTotal": 4805.444021999998,
            "MMKRatePerYenTotal": 737.5982000000006,
            "Count": 32
        },
        "06": {
            "YearMonth": "2024/02",
            "USDRatePerDollar": 150.22396651351343,
            "MMKRatePerYen": 22.99545945945946,
            "DayTime": "06 00:00",