{
    "Items": {
        "10": {
            "YearMonth": "2024/05",
            "USDRatePerDollar": 157.19550368571436,
            "MMKRatePerYen": 22.409485714285726,
            "DayTime": "10 00:00",
            "USDRatePerDollarTotal": 5501.8426290000025,
            "MMKRatePerYenTotal": 784.3320000000004,
            "Count": 35
        },
        "11": {
            "YearMonth": "2024/05",
            "USDRatePerDollar": 157.32407648148146,
            "MMKRatePerYen": 22.389944444444435,
            "DayTime": "11 00:00",
            "USDRatePerDollarTotal": 4247.750064999999,
            "MMKRatePerYenTotal": 604.5284999999998,
            "Count": 27
        },
        "12": {
            "YearMonth": "2024/05",
            "USDRatePerDollar": 157.33141857142854,
            "MMKRatePerYen": 22.365099999999995,
            "DayTime": "12 00:00",
            "USDRatePerDollarTotal": 4405.2797199999995,
            "MMKRatePerYenTotal": 626.2227999999999,
            "Count": 28
        },
        "13": {
            "YearMonth": "2024/05",
            "USDRatePerDollar": 157.331174516129,
            "MMKRatePerYen": 22.365099999999995,
            "DayTime": "13 00:00",
            "USDRatePerDollarTotal": 4877.266409999999,
            "MMKRatePerYenTotal": 693.3180999999998,
            "Count": 31
        },
        "14": {
            "YearMonth": "2024/05",
            "USDRatePerDollar": 157.79546864705873,
            "MMKRatePerYen": 22.32921764705881,
            "DayTime": "14 00:00",
            "USDRatePerDollarTotal": 5365.045933999997,
            "MMKRatePerYenTotal": 759.1933999999995,
            "Count": 34
        },
        "15": {
            "YearMonth": "2024/05",
            "USDRatePerDollar": 158.0193918787879,
            "MMKRatePerYen": 22.33216060606061,
            "DayTime": "15 00:00",
            "USDRatePerDollarTotal": 5214.639932000001,
            "MMKRatePerYenTotal": 736.9613000000002,
            "Count": 33
        },
        "16": {
            "YearMonth": "2024/05",
            "USDRatePerDollar": 156.4093344615385,
            "MMKRatePerYen": 22.464200000000016,
            "DayTime": "16 00:00",
            "USDRatePerDollarTotal": 6099.964044000001,
            "MMKRatePerYenTotal": 876.1038000000007,
            "Count": 39
        },
        "17": {
            "YearMonth": "2024/05",
            "USDRatePerDollar": 156.7881098181818,
            "MMKRatePerYen": 22.479496363636358,
            "DayTime": "17 00:00",
            "USDRatePerDollarTotal": 5174.007623999999,
            "MMKRatePerYenTotal": 741.8233799999998,
            "Count": 33
        },
        "18": {
            "YearMonth": "2024/05",
            "USDRatePerDollar": 157.31296514285717,
            "MMKRatePerYen": 22.406139999999997,
            "DayTime": "18 00:00",
            "USDRatePerDollarTotal": 4404.763024000001,
            "MMKRatePerYenTotal": 627.3719199999999,
            "Count": 28
        },
        "19": {
            "YearMonth": "2024/05",
            "USDRatePerDollar": 157.2563685714286,
            "MMKRatePerYen": 22.3765,
            "DayTime": "19 00:00",
            "USDRatePerDollarTotal": 4403.178320000001,
            "MMKRatePerYenTotal": 626.542,
            "Count": 28
        },
        "20": {
            "YearMonth": "2024/05",
            "USDRatePerDollar": 157.2821686585366,
            "MMKRatePerYen": 22.37649999999999,
            "DayTime": "20 00:00",
            "USDRatePerDollarTotal": 6448.568915,
            "MMKRatePerYenTotal": 917.4364999999996,
            "Count": 41
        },
        "21": {
            "YearMonth": "2024/05",
            "USDRatePerDollar": 157.8191224705883,
            "MMKRatePerYen": 22.348000000000006,
            "DayTime": "21 00:00",
            "USDRatePerDollarTotal": 5365.850164000002,
            "MMKRatePerYenTotal": 759.8320000000002,
            "Count": 34
        },
        "22": {
            "YearMonth": "2024/05",
            "USDRatePerDollar": 157.89431125806445,
            "MMKRatePerYen": 22.332609677419352,
            "DayTime": "22 00:00",
            "USDRatePerDollarTotal": 4894.723648999998,
            "MMKRatePerYenTotal": 692.3109,
            "Count": 31
        },
        "23": {
            "YearMonth": "2024/05",
            "USDRatePerDollar": 158.2512836571428,
            "MMKRatePerYen": 22.285013999999986,
            "DayTime": "23 00:00",
            "USDRatePerDollarTotal": 5538.794927999998,
            "MMKRatePerYenTotal": 779.9754899999995,
            "Count": 35
        },
        "24": {
            "YearMonth": "2024/05",
            "USDRatePerDollar": 158.57279638888892,
            "MMKRatePerYen": 22.233670833333353,
            "DayTime": "24 00:00",
            "USDRatePerDollarTotal": 5708.620670000001,
            "MMKRatePerYenTotal": 800.4121500000007,
            "Count": 36
        },
        "25": {
            "YearMonth": "2024/05",
            "USDRatePerDollar": 158.64247600000002,
            "MMKRatePerYen": 22.23894285714286,
            "DayTime": "25 00:00",
            "USDRatePerDollarTotal": 4441.989328000001,
            "MMKRatePerYenTotal": 622.6904000000001,
            "Count": 28
        },
        "26": {
            "YearMonth": "2024/05",
            "USDRatePerDollar": 158.62835165384618,
            "MMKRatePerYen": 22.2518,
            "DayTime": "26 00:00",
            "USDRatePerDollarTotal": 4124.337143000001,
            "MMKRatePerYenTotal": 578.5468,
            "Count": 26
        },
        "27": {
            "YearMonth": "2024/05",
            "USDRatePerDollar": 158.49746679999998,
            "MMKRatePerYen": 22.2518,
            "DayTime": "27 00:00",
            "USDRatePerDollarTotal": 5547.411338,
            "MMKRatePerYenTotal": 778.813,
            "Count": 35
        },
        "28": {
            "YearMonth": "2024/05",
            "USDRatePerDollar": 158.3360243529412,
            "MMKRatePerYen": 22.321273529411783,
            "DayTime": "28 00:00",
            "USDRatePerDollarTotal": 5383.424828,
            "MMKRatePerYenTotal": 758.9233000000006,
            "Count": 34
        },
        "29": {
            "YearMonth": "2024/05",
            "USDRatePerDollar": 158.70289293750008,
            "MMKRatePerYen": 22.35450000000002,
            "DayTime": "29 00:00",
            "USDRatePerDollarTotal": 5078.492574000003,
            "MMKRatePerYenTotal": 715.3440000000006,
            "Count": 32
        },
        "30": {
            "YearMonth": "2024/05",
            "USDRatePerDollar": 159.066743225,
            "MMKRatePerYen": 22.33073999999999,
            "DayTime": "30 00:00",
            "USDRatePerDollarTotal": 6362.669729,
            "MMKRatePerYenTotal": 893.2295999999997,
            "Count": 40
        },
        "31": {
            "YearMonth": "2024/05",
            "USDRatePerDollar": 158.54697541176472,
            "MMKRatePerYen": 22.346473529411764,
            "DayTime": "31 00:00",
            "USDRatePerDollarTotal": 5390.597164000001,
            "MMKRatePerYenTotal": 759.7801,
            "Count": 34
        },
        "01": {
            "YearMonth": "2024/05",
            "USDRatePerDollar": 159.14599262068967,
            "MMKRatePerYen": 22.18548448275862,
            "DayTime": "01 00:00",
            "USDRatePerDollarTotal": 4615.233786000001,
            "MMKRatePerYenTotal": 643.37905,
            "Count": 29
        },
        "02": {
            "YearMonth": "2024/05",
            "USDRatePerDollar": 157.82128351428574,
            "MMKRatePerYen": 22.36161428571427,
            "DayTime": "02 00:00",
            "USDRatePerDollarTotal": 5523.744923000001,
            "MMKRatePerYenTotal": 782.6564999999995,
            "Count": 35
        },
        "03": {
            "YearMonth": "2024/05",
            "USDRatePerDollar": 155.57417422857137,