{
    "Items": {
        "01": {
            "YearMonth": "2024/02",
            "USDRatePerDollar": 148.84938173529417,
            "MMKRatePerYen": 23.12665882352941,
            "DayTime": "01 00:00",
            "USDRatePerDollarTotal": 5060.878979000002,
            "MMKRatePerYenTotal": 786.3063999999999,
            "Count": 34
        },
        "02": {
            "YearMonth": "2024/02",
            "USDRatePerDollar": 148.1678044705882,
            "MMKRatePerYen": 23.33438529411765,
            "DayTime": "02 00:00",
            "USDRatePerDollarTotal": 5037.705351999999,
            "MMKRatePerYenTotal": 793.3691,
            "Count": 34
        },
        "03": {
            "YearMonth": "2024/02",
            "USDRatePerDollar": 149.43264641379307,
            "MMKRatePerYen": 23.21443103448275,
            "DayTime": "03 00:00",
            "USDRatePerDollarTotal": 4333.546745999999,
            "MMKRatePerYenTotal": 673.2184999999997,
            "Count": 29
        },
        "04": {
            "YearMonth": "2024/02",
            "USDRatePerDollar": 150.06002044444438,
            "MMKRatePerYen": 23.078099999999996,
            "DayTime": "04 00:00",
            "USDRatePerDollarTotal": 4051.620551999998,
            "MMKRatePerYenTotal": 623.1086999999999,
            "Count": 27
        },
        "05": {
            "YearMonth": "2024/02",
            "USDRatePerDollar": 150.17012568749993,
            "MMKRatePerYen": 23.04994375000002,
            "DayTime": "05 00:00",
            "USDRatePerDollarTotal": 4805.444021999998,
            "MMKRatePerYenTotal": 737.5982000000006,
            "Count": 32
        },
        "06": {
            "YearMonth": "2024/02",
            "USDRatePerDollar": 150.22396651351343,
            "MMKRatePerYen": 22.99545945945946,
            "DayTime": "06 00:00",
            "USDRatePerDollarTotal": 5558.286760999997,
            "MMKRatePerYenTotal": 850.832,
            "Count": 37
        },
        "07": {
            "YearMonth": "2024/02",
            "USDRatePerDollar": 149.7307316176471,
            "MMKRatePerYen": 23.10708235294118,
            "DayTime": "07 00:00",
            "USDRatePerDollarTotal": 5090.844875000002,
            "MMKRatePerYenTotal": 785.6408000000001,
            "Count": 34
        }
    }
}