{
    "Items": {
        "10": {
            "YearMonth": "2024/03",
            "USDRatePerDollar": 148.72082675862072,
            "MMKRatePerYen": 23.07270000000001,
            "DayTime": "10 00:00",
            "USDRatePerDollarTotal": 4312.9039760000005,
            "MMKRatePerYenTotal": 669.1083000000003,
            "Count": 29
        },
        "11": {
            "YearMonth": "2024/03",
            "USDRatePerDollar": 148.66992943243247,
            "MMKRatePerYen": 23.07270000000002,
            "DayTime": "11 00:00",
            "USDRatePerDollarTotal": 5500.787389000001,
            "MMKRatePerYenTotal": 853.6899000000008,
            "Count": 37
        },
        "12": {
            "YearMonth": "2024/03",
            "USDRatePerDollar": 148.80098728205132,
            "MMKRatePerYen": 23.10039230769232,
            "DayTime": "12 00:00",
            "USDRatePerDollarTotal": 5803.238504000002,
            "MMKRatePerYenTotal": 900.9153000000005,
            "Count": 39
        },
        "13": {
            "YearMonth": "2024/03",
            "USDRatePerDollar": 149.07903336111104,
            "MMKRatePerYen": 23.08666666666668,
            "DayTime": "13 00:00",
            "USDRatePerDollarTotal": 5366.845200999997,
            "MMKRatePerYenTotal": 831.1200000000005,
            "Count": 36
        },
        "14": {
            "YearMonth": "2024/03",
            "USDRatePerDollar": 149.30611196969696,
            "MMKRatePerYen": 23.064700000000006,
            "DayTime": "14 00:00",
            "USDRatePerDollarTotal": 4927.101694999999,
            "MMKRatePerYenTotal": 761.1351000000002,
            "Count": 33
        },
        "15": {
            "YearMonth": "2024/03",
            "USDRatePerDollar": 149.9150398888889,
            "MMKRatePerYen": 23.02675555555556,
            "DayTime": "15 00:00",
            "USDRatePerDollarTotal": 5396.941436000001,
            "MMKRatePerYenTotal": 828.9632000000001,
            "Count": 36
        },
        "16": {
            "YearMonth": "2024/03",
            "USDRatePerDollar": 150.54016413793107,
            "MMKRatePerYen": 22.940931034482766,
            "DayTime": "16 00:00",
            "USDRatePerDollarTotal": 4365.6647600000015,
            "MMKRatePerYenTotal": 665.2870000000003,
            "Count": 29
        },
        "17": {
            "YearMonth": "2024/03",
            "USDRatePerDollar": 150.7152444444445,
            "MMKRatePerYen": 22.885800000000003,
            "DayTime": "17 00:00",
            "USDRatePerDollarTotal": 4069.3116000000014,
            "MMKRatePerYenTotal": 617.9166000000001,
            "Count": 27
        },
        "18": {
            "YearMonth": "2024/03",
            "USDRatePerDollar": 150.72336358064518,
            "MMKRatePerYen": 22.885800000000007,
            "DayTime": "18 00:00",
            "USDRatePerDollarTotal": 4672.424271000001,
            "MMKRatePerYenTotal": 709.4598000000002,
            "Count": 31
        },
        "19": {
            "YearMonth": "2024/03",
            "USDRatePerDollar": 150.88698036363638,
            "MMKRatePerYen": 22.856666666666655,
            "DayTime": "19 00:00",
            "USDRatePerDollarTotal": 4979.2703520000005,
            "MMKRatePerYenTotal": 754.2699999999996,
            "Count": 33
        },
        "20": {
            "YearMonth": "2024/03",
            "USDRatePerDollar": 152.3007246666666,
            "MMKRatePerYen": 22.677130303030296,
            "DayTime": "20 00:00",
            "USDRatePerDollarTotal": 5025.923913999998,
            "MMKRatePerYenTotal": 748.3452999999997,
            "Count": 33
        },
        "21": {
            "YearMonth": "2024/03",
            "USDRatePerDollar": 152.46119168571437,
            "MMKRatePerYen": 22.541957142857132,
            "DayTime": "21 00:00",
            "USDRatePerDollarTotal": 5336.141709000003,
            "MMKRatePerYenTotal": 788.9684999999996,
            "Count": 35
        },
        "22": {
            "YearMonth": "2024/03",
            "USDRatePerDollar": 152.89674299999996,
            "MMKRatePerYen": 22.49408333333335,
            "DayTime": "22 00:00",
            "USDRatePerDollarTotal": 5504.282747999999,
            "MMKRatePerYenTotal": 809.7870000000006,
            "Count": 36
        },
        "23": {
            "YearMonth": "2024/03",
            "USDRatePerDollar": 153.03768799999995,
            "MMKRatePerYen": 22.454228571428562,
            "DayTime": "23 00:00",
            "USDRatePerDollarTotal": 4285.055263999999,
            "MMKRatePerYenTotal": 628.7183999999997,
            "Count": 28
        },
        "24": {
            "YearMonth": "2024/03",
            "USDRatePerDollar": 152.9974758518518,
            "MMKRatePerYen": 22.433199999999992,
            "DayTime": "24 00:00",
            "USDRatePerDollarTotal": 4130.931847999998,
            "MMKRatePerYenTotal": 605.6963999999998,
            "Count": 27
        },
        "25": {
            "YearMonth": "2024/03",
            "USDRatePerDollar": 152.88158929729727,
            "MMKRatePerYen": 22.603282162162166,
            "DayTime": "25 00:00",
            "USDRatePerDollarTotal": 5656.618803999999,
            "MMKRatePerYenTotal": 836.3214400000002,
            "Count": 37
        },
        "01": {
            "YearMonth": "2024/03",
            "USDRatePerDollar": 151.78334337500007,
            "MMKRatePerYen": 22.889409275000016,
            "DayTime": "01 00:00",
            "USDRatePerDollarTotal": 6071.333735000003,
            "MMKRatePerYenTotal": 915.5763710000007,
            "Count": 40
        },
        "02": {
            "YearMonth": "2024/03",
            "USDRatePerDollar": 151.89836366666665,
            "MMKRatePerYen": 22.654051851851857,
            "DayTime": "02 00:00",
            "USDRatePerDollarTotal": 4101.255819,
            "MMKRatePerYenTotal": 611.6594000000001,
            "Count": 27
        },
        "03": {
            "YearMonth": "2024/03",
            "USDRatePerDollar": 151.813582,
            "MMKRatePerYen": 22.6567,
            "DayTime": "03 00:00",
            "USDRatePerDollarTotal": 4250.780296,
            "MMKRatePerYenTotal": 634.3876,
            "Count": 28
        },
        "04": {
            "YearMonth": "2024/03",
            "USDRatePerDollar": 151.82791920512813,
            "MMKRatePerYen": 22.66036153846152,
            "DayTime": "04 00:00",
            "USDRatePerDollarTotal": 5921.288848999997,
            "MMKRatePerYenTotal": 883.7540999999992,
            "Count": 39
        },
        "05": {
            "YearMonth": "2024/03",
            "USDRatePerDollar": 152.09318458333325,
            "MMKRatePerYen": 22.66179999999998,
            "DayTime": "05 00:00",
            "USDRatePerDollarTotal": 5475.354644999997,
            "MMKRatePerYenTotal": 815.8247999999993,
            "Count": 36
        },
        "06": {
            "YearMonth": "2024/03",
            "USDRatePerDollar": 151.85298557142858,
            "MMKRatePerYen": 22.67445142857143,
            "DayTime": "06 00:00",
            "USDRatePerDollarTotal": 5314.8544950000005,
            "MMKRatePerYenTotal": 793.6058,
            "Count": 35
        },
        "07": {
            "YearMonth": "2024/03",
            "USDRatePerDollar": 150.90669175,
            "MMKRatePerYen": 22.720730555555573,
            "DayTime": "07 00:00",
            "USDRatePerDollarTotal": 5432.6409029999995,
            "MMKRatePerYenTotal": 817.9463000000006,
            "Count": 36
        },
        "08": {
            "YearMonth": "2024/03",
            "USDRatePerDollar": 149.70493347368424,
            "MMKRatePerYen": 22.902847368421053,
            "DayTime": "08 00:00",
            "USDRatePerDollarTotal": 5688.787472000001,
            "MMKRatePerYenTotal": 870.3082,
            "Count": 38
        },
        "09": {
            "YearMonth": "2024/03",