{
    "Items": {
        "10": {
            "YearMonth": "2024/08",
            "USDRatePerDollar": 147.90722293333332,
            "MMKRatePerYen": 24.24099999999999,
            "DayTime": "10 00:00",
            "USDRatePerDollarTotal": 4437.2166879999995,
            "MMKRatePerYenTotal": 727.2299999999997,
            "Count": 30
        },
        "11": {
            "YearMonth": "2024/08",
            "USDRatePerDollar": 147.73204257692308,
            "MMKRatePerYen": 24.24099999999999,
            "DayTime": "11 00:00",
            "USDRatePerDollarTotal": 3841.0331069999997,
            "MMKRatePerYenTotal": 630.2659999999997,
            "Count": 26
        },
        "12": {
            "YearMonth": "2024/08",
            "USDRatePerDollar": 147.91252060714282,
            "MMKRatePerYen": 24.24099999999999,
            "DayTime": "12 00:00",
            "USDRatePerDollarTotal": 4141.550576999999,
            "MMKRatePerYenTotal": 678.7479999999997,
            "Count": 28
        },
        "01": {
            "YearMonth": "2024/08",
            "USDRatePerDollar": 151.40269439999994,
            "MMKRatePerYen": 23.64189999999997,
            "DayTime": "01 00:00",
            "USDRatePerDollarTotal": 6056.107775999998,
            "MMKRatePerYenTotal": 945.6759999999989,
            "Count": 40
        },
        "02": {
            "YearMonth": "2024/08",
            "USDRatePerDollar": 150.53568545714285,
            "MMKRatePerYen": 23.921634285714294,
            "DayTime": "02 00:00",
            "USDRatePerDollarTotal": 5268.7489909999995,
            "MMKRatePerYenTotal": 837.2572000000004,
            "Count": 35
        },
        "03": {
            "YearMonth": "2024/08",
            "USDRatePerDollar": 148.51221211111115,
            "MMKRatePerYen": 23.942800000000002,
            "DayTime": "03 00:00",
            "USDRatePerDollarTotal": 4009.829727000001,
            "MMKRatePerYenTotal": 646.4556,
            "Count": 27
        },
        "04": {
            "YearMonth": "2024/08",
            "USDRatePerDollar": 147.62270206896554,
            "MMKRatePerYen": 23.942800000000002,
            "DayTime": "04 00:00",
            "USDRatePerDollarTotal": 4281.058360000001,
            "MMKRatePerYenTotal": 694.3412000000001,
            "Count": 29
        },
        "05": {
            "YearMonth": "2024/08",
            "USDRatePerDollar": 146.7161245,
            "MMKRatePerYen": 24.32632272727274,
            "DayTime": "05 00:00",
            "USDRatePerDollarTotal": 6455.509478000001,
            "MMKRatePerYenTotal": 1070.3582000000006,
            "Count": 44
        },
        "06": {
            "YearMonth": "2024/08",
            "USDRatePerDollar": 146.00869233333324,
            "MMKRatePerYen": 24.652823076923056,
            "DayTime": "06 00:00",
            "USDRatePerDollarTotal": 5694.339000999997,
            "MMKRatePerYenTotal": 961.4600999999992,
            "Count": 39
        },
        "07": {
            "YearMonth": "2024/08",
            "USDRatePerDollar": 147.02930061111107,
            "MMKRatePerYen": 24.53570833333332,
            "DayTime": "07 00:00",
            "USDRatePerDollarTotal": 5293.054821999998,
            "MMKRatePerYenTotal": 883.2854999999996,
            "Count": 36
        },
        "08": {
            "YearMonth": "2024/08",
            "USDRatePerDollar": 147.78832118918916,
            "MMKRatePerYen": 24.452859459459482,
            "DayTime": "08 00:00",
            "USDRatePerDollarTotal": 5468.1678839999995,
            "MMKRatePerYenTotal": 904.7558000000008,
            "Count": 37
        },
        "09": {
            "YearMonth": "2024/08",
            "USDRatePerDollar": 148.1824647777779,
            "MMKRatePerYen": 24.344294999999995,
            "DayTime": "09 00:00",
            "USDRatePerDollarTotal": 5334.568732000004,
            "MMKRatePerYenTotal": 876.3946199999998,
            "Count": 36
        }
    }
}