{
    "Items": {
        "01": {
            "YearMonth": "2024/01",
            "USDRatePerDollar": 142.65275342857137,
            "MMKRatePerYen": 23.830000000000002,
            "DayTime": "01 00:00",
            "USDRatePerDollarTotal": 3994.2770959999984,
            "MMKRatePerYenTotal": 667.24,
            "Count": 28
        },
        "02": {
            "YearMonth": "2024/01",
            "USDRatePerDollar": 142.78286499999996,
            "MMKRatePerYen": 23.83000000000001,
            "DayTime": "02 00:00",
            "USDRatePerDollarTotal": 4854.617409999999,
            "MMKRatePerYenTotal": 810.2200000000003,
            "Count": 34
        },
        "03": {
            "YearMonth": "2024/01",
            "USDRatePerDollar": 143.45838403333335,
            "MMKRatePerYen": 23.830000000000002,
            "DayTime": "03 00:00",
            "USDRatePerDollarTotal": 4303.751521,
            "MMKRatePerYenTotal": 714.9000000000001,
            "Count": 30
        },
        "04": {
            "YearMonth": "2024/01",
            "USDRatePerDollar": 144.57472099999998,
            "MMKRatePerYen": 23.7208894736842,
            "DayTime": "04 00:00",
            "USDRatePerDollarTotal": 5493.839397999999,
            "MMKRatePerYenTotal": 901.3937999999996,
            "Count": 38
        },
        "05": {
            "YearMonth": "2024/01",
            "USDRatePerDollar": 145.98709640624992,
            "MMKRatePerYen": 23.363053125000015,
            "DayTime": "05 00:00",
            "USDRatePerDollarTotal": 4671.587084999997,
            "MMKRatePerYenTotal": 747.6177000000005,
            "Count": 32
        },
        "06": {
            "YearMonth": "2024/01",
            "USDRatePerDollar": 146.35513388888882,
            "MMKRatePerYen": 23.243100000000013,
            "DayTime": "06 00:00",
            "USDRatePerDollarTotal": 3951.5886149999983,
            "MMKRatePerYenTotal": 627.5637000000004,
            "Count": 27
        },
        "07": {
            "YearMonth": "2024/01",
            "USDRatePerDollar": 146.30495342857134,
            "MMKRatePerYen": 23.243100000000016,
            "DayTime": "07 00:00",
            "USDRatePerDollarTotal": 4096.538695999998,
            "MMKRatePerYenTotal": 650.8068000000004,
            "Count": 28
        }
    }
}