{
    "Items": {
        "01": {
            "YearMonth": "2024/07",
            "USDRatePerDollar": 162.5942558285714,
            "MMKRatePerYen": 22.226,
            "DayTime": "01 00:00",
            "USDRatePerDollarTotal": 5690.798953999999,
            "MMKRatePerYenTotal": 777.91,
            "Count": 35
        },
        "02": {
            "YearMonth": "2024/07",
            "USDRatePerDollar": 163.11285182352944,
            "MMKRatePerYen": 22.182058823529427,
            "DayTime": "02 00:00",
            "USDRatePerDollarTotal": 5545.836962000001,
            "MMKRatePerYenTotal": 754.1900000000005,
            "Count": 34
        },
        "03": {
            "YearMonth": "2024/07",
            "USDRatePerDollar": 163.25070190322572,
            "MMKRatePerYen": 22.150074193548374,
            "DayTime": "03 00:00",
            "USDRatePerDollarTotal": 5060.7717589999975,
            "MMKRatePerYenTotal": 686.6522999999996,
            "Count": 31
        },
        "04": {
            "YearMonth": "2024/07",
            "USDRatePerDollar": 163.1955304545454,
            "MMKRatePerYen": 22.162233333333315,
            "DayTime": "04 00:00",
            "USDRatePerDollarTotal": 5385.452504999998,
            "MMKRatePerYenTotal": 731.3536999999994,
            "Count": 33
        }
    }
}