{
    "Items": {
        "10": {
            "YearMonth": "2024/11",
            "USDRatePerDollar": 153.77441259259263,
            "MMKRatePerYen": 29.213799999999996,
            "DayTime": "10 00:00",
            "USDRatePerDollarTotal": 4151.909140000001,
            "MMKRatePerYenTotal": 788.7725999999999,
            "Count": 27
        },
        "11": {
            "YearMonth": "2024/11",
            "USDRatePerDollar": 154.0672731428572,
            "MMKRatePerYen": 29.23583428571428,
            "DayTime": "11 00:00",
            "USDRatePerDollarTotal": 5392.3545600000025,
            "MMKRatePerYenTotal": 1023.2541999999997,
            "Count": 35
        },
        "12": {
            "YearMonth": "2024/11",
            "USDRatePerDollar": 154.73779158823527,
            "MMKRatePerYen": 29.144029411764716,
            "DayTime": "12 00:00",
            "USDRatePerDollarTotal": 5261.084913999999,
            "MMKRatePerYenTotal": 990.8970000000004,
            "Count": 34
        },
        "13": {
            "YearMonth": "2024/11",
            "USDRatePerDollar": 155.50882741176466,
            "MMKRatePerYen": 28.98970588235296,
            "DayTime": "13 00:00",
            "USDRatePerDollarTotal": 5287.3001319999985,
            "MMKRatePerYenTotal": 985.6500000000007,
            "Count": 34
        },
        "14": {
            "YearMonth": "2024/11",
            "USDRatePerDollar": 156.67129236842104,
            "MMKRatePerYen": 28.792526315789484,
            "DayTime": "14 00:00",
            "USDRatePerDollarTotal": 5953.509109999999,
            "MMKRatePerYenTotal": 1094.1160000000004,
            "Count": 38
        },
        "15": {
            "YearMonth": "2024/11",
            "USDRatePerDollar": 157.41534021621618,
            "MMKRatePerYen": 28.636216216216216,
            "DayTime": "15 00:00",
            "USDRatePerDollarTotal": 5824.367587999999,
            "MMKRatePerYenTotal": 1059.54,
            "Count": 37
        },
        "16": {
            "YearMonth": "2024/11",
            "USDRatePerDollar": 156.05296857142858,
            "MMKRatePerYen": 28.533000000000012,
            "DayTime": "16 00:00",
            "USDRatePerDollarTotal": 4369.48312,
            "MMKRatePerYenTotal": 798.9240000000003,
            "Count": 28
        },
        "17": {
            "YearMonth": "2024/11",
            "USDRatePerDollar": 155.47218151724138,
            "MMKRatePerYen": 28.533000000000012,
            "DayTime": "17 00:00",
            "USDRatePerDollarTotal": 4508.693264,
            "MMKRatePerYenTotal": 827.4570000000003,
            "Count": 29
        },
        "18": {
            "YearMonth": "2024/11",
            "USDRatePerDollar": 155.5423471666667,
            "MMKRatePerYen": 28.833666666666684,
            "DayTime": "18 00:00",
            "USDRatePerDollarTotal": 5599.524498000002,
            "MMKRatePerYenTotal": 1038.0120000000006,
            "Count": 36
        },
        "19": {
            "YearMonth": "2024/11",
            "USDRatePerDollar": 155.6779090882353,
            "MMKRatePerYen": 28.97023529411763,
            "DayTime": "19 00:00",
            "USDRatePerDollarTotal": 5293.048909,
            "MMKRatePerYenTotal": 984.9879999999994,
            "Count": 34
        },
        "20": {
            "YearMonth": "2024/11",
            "USDRatePerDollar": 155.86396424242417,
            "MMKRatePerYen": 28.91481818181819,
            "DayTime": "20 00:00",
            "USDRatePerDollarTotal": 5143.510819999998,
            "MMKRatePerYenTotal": 954.1890000000003,
            "Count": 33
        },
        "01": {
            "YearMonth": "2024/11",
            "USDRatePerDollar": 153.55831978787884,
            "MMKRatePerYen": 29.04185151515153,
            "DayTime": "01 00:00",
            "USDRatePerDollarTotal": 5067.424553000002,
            "MMKRatePerYenTotal": 958.3811000000005,
            "Count": 33
        },
        "02": {
            "YearMonth": "2024/11",
            "USDRatePerDollar": 153.96084724137933,
            "MMKRatePerYen": 29.349500000000006,
            "DayTime": "02 00:00",
            "USDRatePerDollarTotal": 4464.864570000001,
            "MMKRatePerYenTotal": 851.1355000000002,
            "Count": 29
        },
        "03": {
            "YearMonth": "2024/11",
            "USDRatePerDollar": 154.13059799999996,
            "MMKRatePerYen": 29.349500000000006,
            "DayTime": "03 00:00",
            "USDRatePerDollarTotal": 4161.526145999999,
            "MMKRatePerYenTotal": 792.4365000000001,
            "Count": 27
        },
        "04": {
            "YearMonth": "2024/11",
            "USDRatePerDollar": 153.65726737142856,
            "MMKRatePerYen": 29.277542857142862,
            "DayTime": "04 00:00",
            "USDRatePerDollarTotal": 5378.004357999999,
            "MMKRatePerYenTotal": 1024.7140000000002,
            "Count": 35
        },
        "05": {
            "YearMonth": "2024/11",
            "USDRatePerDollar": 153.26637558823526,
            "MMKRatePerYen": 29.309411764705857,
            "DayTime": "05 00:00",
            "USDRatePerDollarTotal": 5211.056769999999,
            "MMKRatePerYenTotal": 996.5199999999992,
            "Count": 34
        },
        "06": {
            "YearMonth": "2024/11",
            "USDRatePerDollar": 153.80219866666656,
            "MMKRatePerYen": 29.300500000000017,
            "DayTime": "06 00:00",
            "USDRatePerDollarTotal": 5536.879151999996,
            "MMKRatePerYenTotal": 1054.8180000000007,
            "Count": 36
        },
        "07": {
            "YearMonth": "2024/11",
            "USDRatePerDollar": 155.36125981249998,
            "MMKRatePerYen": 29.108671874999995,
            "DayTime": "07 00:00",
            "USDRatePerDollarTotal": 4971.560313999999,
            "MMKRatePerYenTotal": 931.4774999999998,
            "Count": 32
        },
        "08": {
            "YearMonth": "2024/11",
            "USDRatePerDollar": 154.24763935135138,
            "MMKRatePerYen": 29.082532432432423,
            "DayTime": "08 00:00",
            "USDRatePerDollarTotal": 5707.162656000001,
            "MMKRatePerYenTotal": 1076.0536999999997,
            "Count": 37
        },
        "09": {
            "YearMonth": "2024/11",
            "USDRatePerDollar": 153.75943548275862,
            "MMKRatePerYen": 29.213799999999996,
            "DayTime": "09 00:00",
            "USDRatePerDollarTotal": 4459.023629,
            "MMKRatePerYenTotal": 847.2001999999999,
            "Count": 29
        }
    }
}