{
    "Items": {
        "10": {
            "YearMonth": "2024/02",
            "USDRatePerDollar": 151.03533373076925,
            "MMKRatePerYen": 22.704846153846155,
            "DayTime": "10 00:00",
            "USDRatePerDollarTotal": 3926.9186770000006,
            "MMKRatePerYenTotal": 590.326,
            "Count": 26
        },
        "11": {
            "YearMonth": "2024/02",
            "USDRatePerDollar": 151.01151459259265,
            "MMKRatePerYen": 22.7,
            "DayTime": "11 00:00",
            "USDRatePerDollarTotal": 4077.310894000001,
            "MMKRatePerYenTotal": 612.9,
            "Count": 27
        },
        "12": {
            "YearMonth": "2024/02",
            "USDRatePerDollar": 150.9622611428571,
            "MMKRatePerYen": 22.7,
            "DayTime": "12 00:00",
            "USDRatePerDollarTotal": 4226.9433119999985,
            "MMKRatePerYenTotal": 635.6,
            "Count": 28
        },
        "13": {
            "YearMonth": "2024/02",
            "USDRatePerDollar": 151.04982448484847,
            "MMKRatePerYen": 22.745999999999984,
            "DayTime": "13 00:00",
            "USDRatePerDollarTotal": 4984.644208,
            "MMKRatePerYenTotal": 750.6179999999995,
            "Count": 33
        },
        "01": {
            "YearMonth": "2024/02",
            "USDRatePerDollar": 148.84938173529417,
            "MMKRatePerYen": 23.12665882352941,
            "DayTime": "01 00:00",
            "USDRatePerDollarTotal": 5060.878979000002,
            "MMKRatePerYenTotal": 786.3063999999999,
            "Count": 34
        },
        "02": {
            "YearMonth": "2024/02",
            "USDRatePerDollar": 148.1678044705882,
            "MMKRatePerYen": 23.33438529411765,
            "DayTime": "02 00:00",
            "USDRatePerDollarTotal": 5037.705351999999,
            "MMKRatePerYenTotal": 793.3691,
            "Count": 34
        },
        "03": {
            "YearMonth": "2024/02",
            "USDRatePerDollar": 149.43264641379307,
            "MMKRatePerYen": 23.21443103448275,
            "DayTime": "03 00:00",
            "USDRatePerDollarTotal": 4333.546745999999,
            "MMKRatePerYenTotal": 673.2184999999997,
            "Count": 29
        },
        "04": {
            "YearMonth": "2024/02",
            "USDRatePerDollar": 150.06002044444438,
            "MMKRatePerYen": 23.078099999999996,
            "DayTime": "04 00:00",
            "USDRatePerDollarTotal": 4051.620551999998,
            "MMKRatePerYenTotal": 623.1086999999999,
            "Count": 27
        },
        "05": {
            "YearMonth": "2024/02",
            "USDRatePerDollar": 150.17012568749993,
            "MMKRatePerYen": 23.04994375000002,
            "DayTime": "05 00:00",
            "USDRatePerDollarTotal": 4805.444021999998,
            "MMKRatePerYenTotal": 737.5982000000006,
            "Count": 32
        },
        "06": {
            "YearMonth": "2024/02",
            "USDRatePerDollar": 150.22396651351343,
            "MMKRatePerYen": 22.99545945945946,
            "DayTime": "06 00:00",
            "USDRatePerDollarTotal": 5558.286760999997,
            "MMKRatePerYenTotal": 850.832,
            "Count": 37
        },
        "07": {
            "YearMonth": "2024/02",
            "USDRatePerDollar": 149.7307316176471,
            "MMKRatePerYen": 23.10708235294118,
            "DayTime": "07 00:00",
            "USDRatePerDollarTotal": 5090.844875000002,
            "MMKRatePerYenTotal": 785.6408000000001,
            "Count": 34
        },
        "08": {
            "YearMonth": "2024/02",
            "USDRatePerDollar": 149.8209749047619,
            "MMKRatePerYen": 23.025190000000016,
            "DayTime": "08 00:00",
            "USDRatePerDollarTotal": 6292.480946,
            "MMKRatePerYenTotal": 967.0579800000006,
            "Count": 42
        },
        "09": {
            "YearMonth": "2024/02",
            "USDRatePerDollar": 150.74870538709675,
            "MMKRatePerYen": 22.778759677419366,
            "DayTime": "09 00:00",
            "USDRatePerDollarTotal": 4673.209867,
            "MMKRatePerYenTotal": 706.1415500000004,
            "Count": 31
        }
    }
}