{
    "Items": {
        "01": {
            "YearMonth": "2024/07",
            "USDRatePerDollar": 162.5942558285714,
            "MMKRatePerYen": 22.226,
            "DayTime": "01 00:00",
            "USDRatePerDollarTotal": 5690.798953999999,
            "MMKRatePerYenTotal": 777.91,
            "Count": 35
        },
        "02": {
            "YearMonth": "2024/07",
            "USDRatePerDollar": 163.11285182352944,
            "MMKRatePerYen": 22.182058823529427,
            "DayTime": "02 00:00",
            "USDRatePerDollarTotal": 5545.836962000001,
            "MMKRatePerYenTotal": 754.1900000000005,
            "Count": 34
        },
        "03": {
            "YearMonth": "2024/07",
            "USDRatePerDollar": 163.25070190322572,
            "MMKRatePerYen": 22.150074193548374,
            "DayTime": "03 00:00",
            "USDRatePerDollarTotal": 5060.7717589999975,
            "MMKRatePerYenTotal": 686.6522999999996,
            "Count": 31
        },
        "04": {
            "YearMonth": "2024/07",
            "USDRatePerDollar": 163.1955304545454,
            "MMKRatePerYen": 22.162233333333315,
            "DayTime": "04 00:00",
            "USDRatePerDollarTotal": 5385.452504999998,
            "MMKRatePerYenTotal": 731.3536999999994,
            "Count": 33
        },
        "05": {
            "YearMonth": "2024/07",
            "USDRatePerDollar": 162.66567346666668,
            "MMKRatePerYen": 22.19245666666666,
            "DayTime": "05 00:00",
            "USDRatePerDollarTotal": 4879.970204,
            "MMKRatePerYenTotal": 665.7736999999998,
            "Count": 30
        },
        "06": {
            "YearMonth": "2024/07",
            "USDRatePerDollar": 162.35267535714283,
            "MMKRatePerYen": 22.211999999999993,
            "DayTime": "06 00:00",
            "USDRatePerDollarTotal": 4545.8749099999995,
            "MMKRatePerYenTotal": 621.9359999999998,
            "Count": 28
        },
        "07": {
            "YearMonth": "2024/07",
            "USDRatePerDollar": 162.3902959333333,
            "MMKRatePerYen": 22.211999999999993,
            "DayTime": "07 00:00",
            "USDRatePerDollarTotal": 4871.7088779999995,
            "MMKRatePerYenTotal": 666.3599999999998,
            "Count": 30
        },
        "08": {
            "YearMonth": "2024/07",
            "USDRatePerDollar": 162.24088741176465,
            "MMKRatePerYen": 22.25011764705882,
            "DayTime": "08 00:00",
            "USDRatePerDollarTotal": 5516.190171999998,
            "MMKRatePerYenTotal": 756.5039999999998,
            "Count": 34
        }
    }
}