{
    "Items": {
        "01": {
            "YearMonth": "2024/10",
            "USDRatePerDollar": 144.62697391176476,
            "MMKRatePerYen": 31.155294117647045,
            "DayTime": "01 00:00",
            "USDRatePerDollarTotal": 4917.317113000002,
            "MMKRatePerYenTotal": 1059.2799999999995,
            "Count": 34
        },
        "02": {
            "YearMonth": "2024/10",
            "USDRatePerDollar": 145.0640471351352,
            "MMKRatePerYen": 31.075027027027055,
            "DayTime": "02 00:00",
            "USDRatePerDollarTotal": 5367.369744000003,
            "MMKRatePerYenTotal": 1149.776000000001,
            "Count": 37
        },
        "03": {
            "YearMonth": "2024/10",
            "USDRatePerDollar": 147.18665432432434,
            "MMKRatePerYen": 30.668810810810808,
            "DayTime": "03 00:00",
            "USDRatePerDollarTotal": 5445.90621,
            "MMKRatePerYenTotal": 1134.7459999999999,
            "Count": 37
        },
        "04": {
            "YearMonth": "2024/10",
            "USDRatePerDollar": 147.74944978378383,
            "MMKRatePerYen": 30.451183783783765,
            "DayTime": "04 00:00",
            "USDRatePerDollarTotal": 5466.729642000002,
            "MMKRatePerYenTotal": 1126.6937999999993,
            "Count": 37
        }
    }
}