{
    "Items": {
        "01": {
            "YearMonth": "2024/06",
            "USDRatePerDollar": 158.78254637037043,
            "MMKRatePerYen": 22.345740740740734,
            "DayTime": "01 00:00",
            "USDRatePerDollarTotal": 4287.128752000001,
            "MMKRatePerYenTotal": 603.3349999999998,
            "Count": 27
        },
        "02": {
            "YearMonth": "2024/06",
            "USDRatePerDollar": 158.93162396428576,
            "MMKRatePerYen": 22.328099999999996,
            "DayTime": "02 00:00",
            "USDRatePerDollarTotal": 4450.085471000001,
            "MMKRatePerYenTotal": 625.1867999999998,
            "Count": 28
        },
        "03": {
            "YearMonth": "2024/06",
            "USDRatePerDollar": 158.91006839285708,
            "MMKRatePerYen": 22.328099999999996,
            "DayTime": "03 00:00",
            "USDRatePerDollarTotal": 4449.4819149999985,
            "MMKRatePerYenTotal": 625.1867999999998,
            "Count": 28
        },
        "04": {
            "YearMonth": "2024/06",
            "USDRatePerDollar": 158.14100238709676,
            "MMKRatePerYen": 22.407789677419345,
            "DayTime": "04 00:00",
            "USDRatePerDollarTotal": 4902.371074,
            "MMKRatePerYenTotal": 694.6414799999997,
            "Count": 31
        },
        "05": {
            "YearMonth": "2024/06",
            "USDRatePerDollar": 157.01237627777772,
            "MMKRatePerYen": 22.47681833333333,
            "DayTime": "05 00:00",
            "USDRatePerDollarTotal": 5652.445545999998,
            "MMKRatePerYenTotal": 809.1654599999999,
            "Count": 36
        },
        "06": {
            "YearMonth": "2024/06",
            "USDRatePerDollar": 157.31765296774194,
            "MMKRatePerYen": 22.489717741935493,
            "DayTime": "06 00:00",
            "USDRatePerDollarTotal": 4876.847242,
            "MMKRatePerYenTotal": 697.1812500000003,
            "Count": 31
        },
        "07": {
            "YearMonth": "2024/06",
            "USDRatePerDollar": 157.2794573939394,
            "MMKRatePerYen": 22.511401515151498,
            "DayTime": "07 00:00",
            "USDRatePerDollarTotal": 5190.222094,
            "MMKRatePerYenTotal": 742.8762499999995,
            "Count": 33
        }
    }
}