{
    "Items": {
        "10": {
            "YearMonth": "2024/04",
            "USDRatePerDollar": 153.33656741176478,
            "MMKRatePerYen": 22.684122941176483,
            "DayTime": "10 00:00",
            "USDRatePerDollarTotal": 5213.443292000003,
            "MMKRatePerYenTotal": 771.2601800000004,
            "Count": 34
        },
        "11": {
            "YearMonth": "2024/04",
            "USDRatePerDollar": 154.1979597647059,
            "MMKRatePerYen": 22.61285000000001,
            "DayTime": "11 00:00",
            "USDRatePerDollarTotal": 5242.730632000001,
            "MMKRatePerYenTotal": 768.8369000000002,
            "Count": 34
        },
        "12": {
            "YearMonth": "2024/04",
            "USDRatePerDollar": 154.69578269696967,
            "MMKRatePerYen": 22.467257575757564,
            "DayTime": "12 00:00",
            "USDRatePerDollarTotal": 5104.960829,
            "MMKRatePerYenTotal": 741.4194999999996,
            "Count": 33
        },
        "13": {
            "YearMonth": "2024/04",
            "USDRatePerDollar": 154.8492710370369,
            "MMKRatePerYen": 22.416246666666662,
            "DayTime": "13 00:00",
            "USDRatePerDollarTotal": 4180.930317999997,
            "MMKRatePerYenTotal": 605.2386599999999,
            "Count": 27
        },
        "14": {
            "YearMonth": "2024/04",
            "USDRatePerDollar": 154.87060622222214,
            "MMKRatePerYen": 22.405099999999994,
            "DayTime": "14 00:00",
            "USDRatePerDollarTotal": 4181.506367999998,
            "MMKRatePerYenTotal": 604.9376999999998,
            "Count": 27
        },
        "15": {
            "YearMonth": "2024/04",
            "USDRatePerDollar": 155.03604371874997,
            "MMKRatePerYen": 22.405099999999987,
            "DayTime": "15 00:00",
            "USDRatePerDollarTotal": 4961.153398999999,
            "MMKRatePerYenTotal": 716.9631999999996,
            "Count": 32
        },
        "16": {
            "YearMonth": "2024/04",
            "USDRatePerDollar": 155.72520413333325,
            "MMKRatePerYen": 22.341686666666668,
            "DayTime": "16 00:00",
            "USDRatePerDollarTotal": 4671.756123999998,
            "MMKRatePerYenTotal": 670.2506000000001,
            "Count": 30
        },
        "17": {
            "YearMonth": "2024/04",
            "USDRatePerDollar": 156.17595739473677,
            "MMKRatePerYen": 22.25551315789474,
            "DayTime": "17 00:00",
            "USDRatePerDollarTotal": 5934.686380999998,
            "MMKRatePerYenTotal": 845.7095,
            "Count": 38
        },
        "18": {
            "YearMonth": "2024/04",
            "USDRatePerDollar": 155.9703512424242,
            "MMKRatePerYen": 22.254557575757573,
            "DayTime": "18 00:00",
            "USDRatePerDollarTotal": 5147.021590999998,
            "MMKRatePerYenTotal": 734.4003999999999,
            "Count": 33
        },
        "19": {
            "YearMonth": "2024/04",
            "USDRatePerDollar": 155.96130938709675,
            "MMKRatePerYen": 22.26273548387098,
            "DayTime": "19 00:00",
            "USDRatePerDollarTotal": 4834.800590999999,
            "MMKRatePerYenTotal": 690.1448000000004,
            "Count": 31
        },
        "20": {
            "YearMonth": "2024/04",
            "USDRatePerDollar": 156.12003707142858,
            "MMKRatePerYen": 22.234660714285706,
            "DayTime": "20 00:00",
            "USDRatePerDollarTotal": 4371.361038,
            "MMKRatePerYenTotal": 622.5704999999998,
            "Count": 28
        },
        "21": {
            "YearMonth": "2024/04",
            "USDRatePerDollar": 156.22479057142863,
            "MMKRatePerYen": 22.21399999999999,
            "DayTime": "21 00:00",
            "USDRatePerDollarTotal": 4374.294136000001,
            "MMKRatePerYenTotal": 621.9919999999997,
            "Count": 28
        },
        "22": {
            "YearMonth": "2024/04",
            "USDRatePerDollar": 156.24676664705876,
            "MMKRatePerYen": 22.21399999999998,
            "DayTime": "22 00:00",
            "USDRatePerDollarTotal": 5312.390065999998,
            "MMKRatePerYenTotal": 755.2759999999994,
            "Count": 34
        },
        "23": {
            "YearMonth": "2024/04",
            "USDRatePerDollar": 156.34239363636362,
            "MMKRatePerYen": 22.209539393939384,
            "DayTime": "23 00:00",
            "USDRatePerDollarTotal": 5159.298989999999,
            "MMKRatePerYenTotal": 732.9147999999997,
            "Count": 33
        },
        "24": {
            "YearMonth": "2024/04",
            "USDRatePerDollar": 156.38974988571425,
            "MMKRatePerYen": 22.208442857142842,
            "DayTime": "24 00:00",
            "USDRatePerDollarTotal": 5473.641245999999,
            "MMKRatePerYenTotal": 777.2954999999995,
            "Count": 35
        },
        "25": {
            "YearMonth": "2024/04",
            "USDRatePerDollar": 156.83045913333336,
            "MMKRatePerYen": 22.200889999999998,
            "DayTime": "25 00:00",
            "USDRatePerDollarTotal": 4704.913774000001,
            "MMKRatePerYenTotal": 666.0266999999999,
            "Count": 30
        },
        "26": {
            "YearMonth": "2024/04",
            "USDRatePerDollar": 157.35588333333334,
            "MMKRatePerYen": 22.169999999999987,
            "DayTime": "26 00:00",
            "USDRatePerDollarTotal": 5192.74415,
            "MMKRatePerYenTotal": 731.6099999999996,
            "Count": 33
        },
        "27": {
            "YearMonth": "2024/04",
            "USDRatePerDollar": 159.2937845925926,
            "MMKRatePerYen": 21.917340740740737,
            "DayTime": "27 00:00",
            "USDRatePerDollarTotal": 4300.932184,
            "MMKRatePerYenTotal": 591.7681999999999,
            "Count": 27
        },
        "01": {
            "YearMonth": "2024/04",
            "USDRatePerDollar": 152.87145840624996,
            "MMKRatePerYen": 22.690609999999996,
            "DayTime": "01 00:00",
            "USDRatePerDollarTotal": 4891.886668999999,
            "MMKRatePerYenTotal": 726.0995199999999,
            "Count": 32
        },
        "02": {
            "YearMonth": "2024/04",
            "USDRatePerDollar": 153.14944558823527,
            "MMKRatePerYen": 22.67043088235293,
            "DayTime": "02 00:00",
            "USDRatePerDollarTotal": 5207.081149999999,
            "MMKRatePerYenTotal": 770.7946499999997,
            "Count": 34
        },
        "03": {
            "YearMonth": "2024/04",
            "USDRatePerDollar": 153.1524788235294,
            "MMKRatePerYen": 22.663429411764717,
            "DayTime": "03 00:00",
            "USDRatePerDollarTotal": 5207.1842799999995,
            "MMKRatePerYenTotal": 770.5566000000003,
            "Count": 34
        },
        "04": {
            "YearMonth": "2024/04",
            "USDRatePerDollar": 153.20281200000002,
            "MMKRatePerYen": 22.668300000000006,
            "DayTime": "04 00:00",
            "USDRatePerDollarTotal": 4902.489984000001,
            "MMKRatePerYenTotal": 725.3856000000002,
            "Count": 32
        },
        "05": {
            "YearMonth": "2024/04",
            "USDRatePerDollar": 152.92609108571426,
            "MMKRatePerYen": 22.694618285714267,
            "DayTime": "05 00:00",
            "USDRatePerDollarTotal": 5352.4131879999995,
            "MMKRatePerYenTotal": 794.3116399999993,
            "Count": 35
        },
        "06": {
            "YearMonth": "2024/04",
            "USDRatePerDollar": 153.0473883076923,
            "MMKRatePerYen": 22.67903346153847,
            "DayTime": "06 00:00",
            "USDRatePerDollarTotal": 3979.232096,
            "MMKRatePerYenTotal": 589.6548700000002,
            "Count": 26
        },
        "07": {
            "YearMonth": "2024/04",