{
    "Items": {
        "01": {
            "YearMonth": "2024/03",
            "USDRatePerDollar": 151.78334337500007,
            "MMKRatePerYen": 22.889409275000016,
            "DayTime": "01 00:00",
            "USDRatePerDollarTotal": 6071.333735000003,
            "MMKRatePerYenTotal": 915.5763710000007,
            "Count": 40
        },
        "02": {
            "YearMonth": "2024/03",
            "USDRatePerDollar": 151.89836366666665,
            "MMKRatePerYen": 22.654051851851857,
            "DayTime": "02 00:00",
            "USDRatePerDollarTotal": 4101.255819,
            "MMKRatePerYenTotal": 611.6594000000001,
            "Count": 27
        },
        "03": {
            "YearMonth": "2024/03",
            "USDRatePerDollar": 151.813582,
            "MMKRatePerYen": 22.6567,
            "DayTime": "03 00:00",
            "USDRatePerDollarTotal": 4250.780296,
            "MMKRatePerYenTotal": 634.3876,
            "Count": 28
        },
        "04": {
            "YearMonth": "2024/03",
            "USDRatePerDollar": 151.82791920512813,
            "MMKRatePerYen": 22.66036153846152,
            "DayTime": "04 00:00",
            "USDRatePerDollarTotal": 5921.288848999997,
            "MMKRatePerYenTotal": 883.7540999999992,
            "Count": 39
        },
        "05": {
            "YearMonth": "2024/03",
            "USDRatePerDollar": 152.09318458333325,
            "MMKRatePerYen": 22.66179999999998,
            "DayTime": "05 00:00",
            "USDRatePerDollarTotal": 5475.354644999997,
            "MMKRatePerYenTotal": 815.8247999999993,
            "Count": 36
        },
        "06": {
            "YearMonth": "2024/03",
            "USDRatePerDollar": 151.85298557142858,
            "MMKRatePerYen": 22.67445142857143,
            "DayTime": "06 00:00",
            "USDRatePerDollarTotal": 5314.8544950000005,
            "MMKRatePerYenTotal": 793.6058,
            "Count": 35
        },
        "07": {
            "YearMonth": "2024/03",
            "USDRatePerDollar": 150.90669175,
            "MMKRatePerYen": 22.720730555555573,
            "DayTime": "07 00:00",
            "USDRatePerDollarTotal": 5432.6409029999995,
            "MMKRatePerYenTotal": 817.9463000000006,
            "Count": 36
        },
        "08": {
            "YearMonth": "2024/03",
            "USDRatePerDollar": 149.70493347368424,
            "MMKRatePerYen": 22.902847368421053,
            "DayTime": "08 00:00",
            "USDRatePerDollarTotal": 5688.787472000001,
            "MMKRatePerYenTotal": 870.3082,
            "Count": 38
        },
        "09": {
            "YearMonth": "2024/03",
            "USDRatePerDollar": 148.9951853333334,
            "MMKRatePerYen": 23.04577407407408,
            "DayTime": "09 00:00",
            "USDRatePerDollarTotal": 4022.8700040000017,
            "MMKRatePerYenTotal": 622.2359000000002,
            "Count": 27
        }
    }
}