{
    "Items": {
        "01": {
            "YearMonth": "2024/06",
            "USDRatePerDollar": 158.78254637037043,
            "MMKRatePerYen": 22.345740740740734,
            "DayTime": "01 00:00",
            "USDRatePerDollarTotal": 4287.128752000001,
            "MMKRatePerYenTotal": 603.3349999999998,
            "Count": 27
        },
        "02": {
            "YearMonth": "2024/06",
            "USDRatePerDollar": 158.93162396428576,
            "MMKRatePerYen": 22.328099999999996,
            "DayTime": "02 00:00",
            "USDRatePerDollarTotal": 4450.085471000001,
            "MMKRatePerYenTotal": 625.1867999999998,
            "Count": 28
        },
        "03": {
            "YearMonth": "2024/06",
            "USDRatePerDollar": 158.91006839285708,
            "MMKRatePerYen": 22.328099999999996,
            "DayTime": "03 00:00",
            "USDRatePerDollarTotal": 4449.4819149999985,
            "MMKRatePerYenTotal": 625.1867999999998,
            "Count": 28
        },
        "04": {
            "YearMonth": "2024/06",
            "USDRatePerDollar": 158.14100238709676,
            "MMKRatePerYen": 22.407789677419345,
            "DayTime": "04 00:00",
            "USDRatePerDollarTotal": 4902.371074,
            "MMKRatePerYenTotal": 694.6414799999997,
            "Count": 31
        }
    }
}