{
    "Items": {
        "10": {
            "YearMonth": "2024/05",
            "USDRatePerDollar": 157.19550368571436,
            "MMKRatePerYen": 22.409485714285726,
            "DayTime": "10 00:00",
            "USDRatePerDollarTotal": 5501.8426290000025,
            "MMKRatePerYenTotal": 784.3320000000004,
            "Count": 35
        },
        "11": {
            "YearMonth": "2024/05",
            "USDRatePerDollar": 157.32407648148146,
            "MMKRatePerYen": 22.389944444444435,
            "DayTime": "11 00:00",
            "USDRatePerDollarTotal": 4247.750064999999,
            "MMKRatePerYenTotal": 604.5284999999998,
            "Count": 27
        },
        "12": {
            "YearMonth": "2024/05",
            "USDRatePerDollar": 157.33141857142854,
            "MMKRatePerYen": 22.365099999999995,
            "DayTime": "12 00:00",
            "USDRatePerDollarTotal": 4405.2797199999995,
            "MMKRatePerYenTotal": 626.2227999999999,
            "Count": 28
        },
        "13": {
            "YearMonth": "2024/05",
            "USDRatePerDollar": 157.331174516129,
            "MMKRatePerYen": 22.365099999999995,
            "DayTime": "13 00:00",
            "USDRatePerDollarTotal": 4877.266409999999,
            "MMKRatePerYenTotal": 693.3180999999998,
            "Count": 31
        },
        "01": {
            "YearMonth": "2024/05",
            "USDRatePerDollar": 159.14599262068967,
            "MMKRatePerYen": 22.18548448275862,
            "DayTime": "01 00:00",
            "USDRatePerDollarTotal": 4615.233786000001,
            "MMKRatePerYenTotal": 643.37905,
            "Count": 29
        },
        "02": {
            "YearMonth": "2024/05",
            "USDRatePerDollar": 157.82128351428574,
            "MMKRatePerYen": 22.36161428571427,
            "DayTime": "02 00:00",
            "USDRatePerDollarTotal": 5523.744923000001,
            "MMKRatePerYenTotal": 782.6564999999995,
            "Count": 35
        },
        "03": {
            "YearMonth": "2024/05",
            "USDRatePerDollar": 155.57417422857137,
            "MMKRatePerYen": 22.366305714285705,
            "DayTime": "03 00:00",
            "USDRatePerDollarTotal": 5445.096097999998,
            "MMKRatePerYenTotal": 782.8206999999996,
            "Count": 35
        },
        "04": {
            "YearMonth": "2024/05",
            "USDRatePerDollar": 154.57180200000008,
            "MMKRatePerYen": 22.2837,
            "DayTime": "04 00:00",
            "USDRatePerDollarTotal": 4328.010456000002,
            "MMKRatePerYenTotal": 623.9436,
            "Count": 28
        },
        "05": {
            "YearMonth": "2024/05",
            "USDRatePerDollar": 154.5578076785715,
            "MMKRatePerYen": 22.2837,
            "DayTime": "05 00:00",
            "USDRatePerDollarTotal": 4327.618615000002,
            "MMKRatePerYenTotal": 623.9436,
            "Count": 28
        },
        "06": {
            "YearMonth": "2024/05",
            "USDRatePerDollar": 154.98913810344823,
            "MMKRatePerYen": 22.283699999999996,
            "DayTime": "06 00:00",
            "USDRatePerDollarTotal": 4494.6850049999985,
            "MMKRatePerYenTotal": 646.2272999999999,
            "Count": 29
        },
        "07": {
            "YearMonth": "2024/05",
            "USDRatePerDollar": 155.76298572972973,
            "MMKRatePerYen": 22.3469054054054,
            "DayTime": "07 00:00",
            "USDRatePerDollarTotal": 5763.230472,
            "MMKRatePerYenTotal": 826.8354999999998,
            "Count": 37
        },
        "08": {
            "YearMonth": "2024/05",
            "USDRatePerDollar": 156.38496306250008,
            "MMKRatePerYen": 22.38999999999999,
            "DayTime": "08 00:00",
            "USDRatePerDollarTotal": 5004.3188180000025,
            "MMKRatePerYenTotal": 716.4799999999997,
            "Count": 32
        },
        "09": {
            "YearMonth": "2024/05",
            "USDRatePerDollar": 157.03121678787875,
            "MMKRatePerYen": 22.38999999999999,
            "DayTime": "09 00:00",
            "USDRatePerDollarTotal": 5182.030153999999,
            "MMKRatePerYenTotal": 738.8699999999997,
            "Count": 33
        }
    }
}