{
    "Items": {
        "10": {
            "YearMonth": "2024/09",
            "USDRatePerDollar": 144.1738183076924,
            "MMKRatePerYen": 30.22121025641024,
            "DayTime": "10 00:00",
            "USDRatePerDollarTotal": 5622.778914000003,
            "MMKRatePerYenTotal": 1178.6271999999994,
            "Count": 39
        },
        "01": {
            "YearMonth": "2024/09",
            "USDRatePerDollar": 147.2746328571428,
            "MMKRatePerYen": 28.25310000000001,
            "DayTime": "01 00:00",
            "USDRatePerDollarTotal": 4123.6897199999985,
            "MMKRatePerYenTotal": 791.0868000000003,
            "Count": 28
        },
        "02": {
            "YearMonth": "2024/09",
            "USDRatePerDollar": 147.12981502777768,
            "MMKRatePerYen": 28.23468055555557,
            "DayTime": "02 00:00",
            "USDRatePerDollarTotal": 5296.673340999997,
            "MMKRatePerYenTotal": 1016.4485000000005,
            "Count": 36
        },
        "03": {
            "YearMonth": "2024/09",
            "USDRatePerDollar": 147.61441802941178,
            "MMKRatePerYen": 28.16201176470588,
            "DayTime": "03 00:00",
            "USDRatePerDollarTotal": 5018.890213000001,
            "MMKRatePerYenTotal": 957.5083999999999,
            "Count": 34
        },
        "04": {
            "YearMonth": "2024/09",
            "USDRatePerDollar": 146.83290987878794,
            "MMKRatePerYen": 28.269454545454558,
            "DayTime": "04 00:00",
            "USDRatePerDollarTotal": 4845.486026000002,
            "MMKRatePerYenTotal": 932.8920000000004,
            "Count": 33
        },
        "05": {
            "YearMonth": "2024/09",
            "USDRatePerDollar": 145.15870358974368,
            "MMKRatePerYen": 29.69526923076921,
            "DayTime": "05 00:00",
            "USDRatePerDollarTotal": 5661.189440000004,
            "MMKRatePerYenTotal": 1158.1154999999992,
            "Count": 39
        },
        "06": {
            "YearMonth": "2024/09",
            "USDRatePerDollar": 144.39389111111115,
            "MMKRatePerYen": 31.170222222222232,
            "DayTime": "06 00:00",
            "USDRatePerDollarTotal": 5198.180080000001,
            "MMKRatePerYenTotal": 1122.1280000000004,
            "Count": 36
        },
        "07": {
            "YearMonth": "2024/09",
            "USDRatePerDollar": 143.5579944827586,
            "MMKRatePerYen": 31.22000000000002,
            "DayTime": "07 00:00",
            "USDRatePerDollarTotal": 4163.181839999999,
            "MMKRatePerYenTotal": 905.3800000000006,
            "Count": 29
        },
        "08": {
            "YearMonth": "2024/09",
            "USDRatePerDollar": 143.34734551851847,
            "MMKRatePerYen": 31.22000000000002,
            "DayTime": "08 00:00",
            "USDRatePerDollarTotal": 3870.3783289999988,
            "MMKRatePerYenTotal": 842.9400000000005,
            "Count": 27
        },
        "09": {
            "YearMonth": "2024/09",
            "USDRatePerDollar": 143.55179134210533,
            "MMKRatePerYen": 30.06379999999999,
            "DayTime": "09 00:00",
            "USDRatePerDollarTotal": 5454.968071000003,
            "MMKRatePerYenTotal": 1142.4243999999997,
            "Count": 38
        }
    }
}