{
    "Items": {
        "01": {
            "YearMonth": "2024/05",
            "USDRatePerDollar": 159.14599262068967,
            "MMKRatePerYen": 22.18548448275862,
            "DayTime": "01 00:00",
            "USDRatePerDollarTotal": 4615.233786000001,
            "MMKRatePerYenTotal": 643.37905,
            "Count": 29
        }
    }
}