{
    "Items": {
        "01": {
            "YearMonth": "2024/12",
            "USDRatePerDollar": 150.87451111111108,
            "MMKRatePerYen": 29.690799999999996,
            "DayTime": "01 00:00",
            "USDRatePerDollarTotal": 4073.6117999999988,
            "MMKRatePerYenTotal": 801.6515999999999,
            "Count": 27
        }
    }
}