{
    "Items": {
        "10": {
            "YearMonth": "2024/10",
            "USDRatePerDollar": 150.0477940588236,
            "MMKRatePerYen": 30.094764705882344,
            "DayTime": "10 00:00",
            "USDRatePerDollarTotal": 5101.624998000002,
            "MMKRatePerYenTotal": 1023.2219999999998,
            "Count": 34
        },
        "11": {
            "YearMonth": "2024/10",
            "USDRatePerDollar": 149.81069210526314,
            "MMKRatePerYen": 30.061578947368425,
            "DayTime": "11 00:00",
            "USDRatePerDollarTotal": 5692.806299999999,
            "MMKRatePerYenTotal": 1142.3400000000001,
            "Count": 38
        },
        "12": {
            "YearMonth": "2024/10",
            "USDRatePerDollar": 150.12097400000002,
            "MMKRatePerYen": 30.090000000000003,
            "DayTime": "12 00:00",
            "USDRatePerDollarTotal": 4203.387272000001,
            "MMKRatePerYenTotal": 842.5200000000001,
            "Count": 28
        },
        "13": {
            "YearMonth": "2024/10",
            "USDRatePerDollar": 150.26273230769232,
            "MMKRatePerYen": 30.09,
            "DayTime": "13 00:00",
            "USDRatePerDollarTotal": 3906.83104,
            "MMKRatePerYenTotal": 782.34,
            "Count": 26
        },
        "14": {
            "YearMonth": "2024/10",
            "USDRatePerDollar": 150.32257911111114,
            "MMKRatePerYen": 30.090000000000003,
            "DayTime": "14 00:00",
            "USDRatePerDollarTotal": 4058.709636000001,
            "MMKRatePerYenTotal": 812.4300000000001,
            "Count": 27
        },
        "01": {
            "YearMonth": "2024/10",
            "USDRatePerDollar": 144.62697391176476,
            "MMKRatePerYen": 31.155294117647045,
            "DayTime": "01 00:00",
            "USDRatePerDollarTotal": 4917.317113000002,
            "MMKRatePerYenTotal": 1059.2799999999995,
            "Count": 34
        },
        "02": {
            "YearMonth": "2024/10",
            "USDRatePerDollar": 145.0640471351352,
            "MMKRatePerYen": 31.075027027027055,
            "DayTime": "02 00:00",
            "USDRatePerDollarTotal": 5367.369744000003,
            "MMKRatePerYenTotal": 1149.776000000001,
            "Count": 37
        },
        "03": {
            "YearMonth": "2024/10",
            "USDRatePerDollar": 147.18665432432434,
            "MMKRatePerYen": 30.668810810810808,
            "DayTime": "03 00:00",
            "USDRatePerDollarTotal": 5445.90621,
            "MMKRatePerYenTotal": 1134.7459999999999,
            "Count": 37
        },
        "04": {
            "YearMonth": "2024/10",
            "USDRatePerDollar": 147.74944978378383,
            "MMKRatePerYen": 30.451183783783765,
            "DayTime": "04 00:00",
            "USDRatePerDollarTotal": 5466.729642000002,
            "MMKRatePerYenTotal": 1126.6937999999993,
            "Count": 37
        },
        "05": {
            "YearMonth": "2024/10",
            "USDRatePerDollar": 149.1713554285714,
            "MMKRatePerYen": 30.272964285714277,
            "DayTime": "05 00:00",
            "USDRatePerDollarTotal": 4176.797951999999,
            "MMKRatePerYenTotal": 847.6429999999998,
            "Count": 28
        },
        "06": {
            "YearMonth": "2024/10",
            "USDRatePerDollar": 149.83444085714282,
            "MMKRatePerYen": 30.13239999999999,
            "DayTime": "06 00:00",
            "USDRatePerDollarTotal": 4195.364343999999,
            "MMKRatePerYenTotal": 843.7071999999997,
            "Count": 28
        },
        "07": {
            "YearMonth": "2024/10",
            "USDRatePerDollar": 149.7172189428572,
            "MMKRatePerYen": 30.132399999999986,
            "DayTime": "07 00:00",
            "USDRatePerDollarTotal": 5240.1026630000015,
            "MMKRatePerYenTotal": 1054.6339999999996,
            "Count": 35
        },
        "08": {
            "YearMonth": "2024/10",
            "USDRatePerDollar": 149.16327508108105,
            "MMKRatePerYen": 30.202027027027025,
            "DayTime": "08 00:00",
            "USDRatePerDollarTotal": 5519.041177999999,
            "MMKRatePerYenTotal": 1117.475,
            "Count": 37
        },
        "09": {
            "YearMonth": "2024/10",
            "USDRatePerDollar": 149.23905759999997,
            "MMKRatePerYen": 30.213242857142852,
            "DayTime": "09 00:00",
            "USDRatePerDollarTotal": 5223.367015999999,
            "MMKRatePerYenTotal": 1057.4634999999998,
            "Count": 35
        }
    }
}