{
    "Items": {
        "01": {
            "YearMonth": "2024/07",
            "USDRatePerDollar": 162.5942558285714,
            "MMKRatePerYen": 22.226,
            "DayTime": "01 00:00",
            "USDRatePerDollarTotal": 5690.798953999999,
            "MMKRatePerYenTotal": 777.91,
            "Count": 35
        }
    }
}