{
    "Items": {
        "01": {
            "YearMonth": "2024/05",
            "USDRatePerDollar": 159.14599262068967,
            "MMKRatePerYen": 22.18548448275862,
            "DayTime": "01 00:00",
            "USDRatePerDollarTotal": 4615.233786000001,
            "MMKRatePerYenTotal": 643.37905,
            "Count": 29
        },
        "02": {
            "YearMonth": "2024/05",
            "USDRatePerDollar": 157.82128351428574,
            "MMKRatePerYen": 22.36161428571427,
            "DayTime": "02 00:00",
            "USDRatePerDollarTotal": 5523.744923000001,
            "MMKRatePerYenTotal": 782.6564999999995,
            "Count": 35
        },
        "03": {
            "YearMonth": "2024/05",
            "USDRatePerDollar": 155.57417422857137,
            "MMKRatePerYen": 22.366305714285705,
            "DayTime": "03 00:00",
            "USDRatePerDollarTotal": 5445.096097999998,
            "MMKRatePerYenTotal": 782.8206999999996,
            "Count": 35
        },
        "04": {
            "YearMonth": "2024/05",
            "USDRatePerDollar": 154.57180200000008,
            "MMKRatePerYen": 22.2837,
            "DayTime": "04 00:00",
            "USDRatePerDollarTotal": 4328.010456000002,
            "MMKRatePerYenTotal": 623.9436,
            "Count": 28
        },
        "05": {
            "YearMonth": "2024/05",
            "USDRatePerDollar": 154.5578076785715,
            "MMKRatePerYen": 22.2837,
            "DayTime": "05 00:00",
            "USDRatePerDollarTotal": 4327.618615000002,
            "MMKRatePerYenTotal": 623.9436,
            "Count": 28
        }
    }
}