{
    "Items": {
        "01": {
            "YearMonth": "2024/11",
            "USDRatePerDollar": 153.55831978787884,
            "MMKRatePerYen": 29.04185151515153,
            "DayTime": "01 00:00",
            "USDRatePerDollarTotal": 5067.424553000002,
            "MMKRatePerYenTotal": 958.3811000000005,
            "Count": 33
        },
        "02": {
            "YearMonth": "2024/11",
            "USDRatePerDollar": 153.96084724137933,
            "MMKRatePerYen": 29.349500000000006,
            "DayTime": "02 00:00",
            "USDRatePerDollarTotal": 4464.864570000001,
            "MMKRatePerYenTotal": 851.1355000000002,
            "Count": 29
        },
        "03": {
            "YearMonth": "2024/11",
            "USDRatePerDollar": 154.13059799999996,
            "MMKRatePerYen": 29.349500000000006,
            "DayTime": "03 00:00",
            "USDRatePerDollarTotal": 4161.526145999999,
            "MMKRatePerYenTotal": 792.4365000000001,
            "Count": 27
        },
        "04": {
            "YearMonth": "2024/11",
            "USDRatePerDollar": 153.65726737142856,
            "MMKRatePerYen": 29.277542857142862,
            "DayTime": "04 00:00",
            "USDRatePerDollarTotal": 5378.004357999999,
            "MMKRatePerYenTotal": 1024.7140000000002,
            "Count": 35
        },
        "05": {
            "YearMonth": "2024/11",
            "USDRatePerDollar": 153.26637558823526,
            "MMKRatePerYen": 29.309411764705857,
            "DayTime": "05 00:00",
            "USDRatePerDollarTotal": 5211.056769999999,
            "MMKRatePerYenTotal": 996.5199999999992,
            "Count": 34
        },
        "06": {
            "YearMonth": "2024/11",
            "USDRatePerDollar": 153.80219866666656,
            "MMKRatePerYen": 29.300500000000017,
            "DayTime": "06 00:00",
            "USDRatePerDollarTotal": 5536.879151999996,
            "MMKRatePerYenTotal": 1054.8180000000007,
            "Count": 36
        },
        "07": {
            "YearMonth": "2024/11",
            "USDRatePerDollar": 155.36125981249998,
            "MMKRatePerYen": 29.108671874999995,
            "DayTime": "07 00:00",
            "USDRatePerDollarTotal": 4971.560313999999,
            "MMKRatePerYenTotal": 931.4774999999998,
            "Count": 32
        },
        "08": {
            "YearMonth": "2024/11",
            "USDRatePerDollar": 154.24763935135138,
            "MMKRatePerYen": 29.082532432432423,
            "DayTime": "08 00:00",
            "USDRatePerDollarTotal": 5707.162656000001,
            "MMKRatePerYenTotal": 1076.0536999999997,
            "Count": 37
        },
        "09": {
            "YearMonth": "2024/11",
            "USDRatePerDollar": 153.75943548275862,
            "MMKRatePerYen": 29.213799999999996,
            "DayTime": "09 00:00",
            "USDRatePerDollarTotal": 4459.023629,
            "MMKRatePerYenTotal": 847.2001999999999,
            "Count": 29
        }
    }
}