{
    "Items": {
        "01": {
            "YearMonth": "2024/08",
            "USDRatePerDollar": 151.40269439999994,
            "MMKRatePerYen": 23.64189999999997,
            "DayTime": "01 00:00",
            "USDRatePerDollarTotal": 6056.107775999998,
            "MMKRatePerYenTotal": 945.6759999999989,
            "Count": 40
        }
    }
}