{
    "Items": {
        "10": {
            "YearMonth": "2024/06",
            "USDRatePerDollar": 158.5220089393939,
            "MMKRatePerYen": 22.507945454545442,
            "DayTime": "10 00:00",
            "USDRatePerDollarTotal": 5231.2262949999995,
            "MMKRatePerYenTotal": 742.7621999999996,
            "Count": 33
        },
        "11": {
            "YearMonth": "2024/06",
            "USDRatePerDollar": 158.74119529032265,
            "MMKRatePerYen": 22.593335483870963,
            "DayTime": "11 00:00",
            "USDRatePerDollarTotal": 4920.977054000002,
            "MMKRatePerYenTotal": 700.3933999999998,
            "Count": 31
        },
        "12": {
            "YearMonth": "2024/06",
            "USDRatePerDollar": 158.79128759999998,
            "MMKRatePerYen": 22.51670000000001,
            "DayTime": "12 00:00",
            "USDRatePerDollarTotal": 4763.738627999999,
            "MMKRatePerYenTotal": 675.5010000000003,
            "Count": 30
        },
        "13": {
            "YearMonth": "2024/06",
            "USDRatePerDollar": 158.52861124242423,
            "MMKRatePerYen": 22.480927272727282,
            "DayTime": "13 00:00",
            "USDRatePerDollarTotal": 5231.444171,
            "MMKRatePerYenTotal": 741.8706000000003,
            "Count": 33
        },
        "14": {
            "YearMonth": "2024/06",
            "USDRatePerDollar": 159.05298524242428,
            "MMKRatePerYen": 22.467590909090895,
            "DayTime": "14 00:00",
            "USDRatePerDollarTotal": 5248.748513000001,
            "MMKRatePerYenTotal": 741.4304999999995,
            "Count": 33
        },
        "15": {
            "YearMonth": "2024/06",
            "USDRatePerDollar": 159.16616057142855,
            "MMKRatePerYen": 22.43499999999999,
            "DayTime": "15 00:00",
            "USDRatePerDollarTotal": 4456.652496,
            "MMKRatePerYenTotal": 628.1799999999997,
            "Count": 28
        },
        "16": {
            "YearMonth": "2024/06",
            "USDRatePerDollar": 159.00663677777777,
            "MMKRatePerYen": 22.43499999999999,
            "DayTime": "16 00:00",
            "USDRatePerDollarTotal": 4293.179193,
            "MMKRatePerYenTotal": 605.7449999999998,
            "Count": 27
        },
        "17": {
            "YearMonth": "2024/06",
            "USDRatePerDollar": 159.01671831428578,
            "MMKRatePerYen": 22.42685714285713,
            "DayTime": "17 00:00",
            "USDRatePerDollarTotal": 5565.585141000002,
            "MMKRatePerYenTotal": 784.9399999999996,
            "Count": 35
        },
        "18": {
            "YearMonth": "2024/06",
            "USDRatePerDollar": 159.22374115625001,
            "MMKRatePerYen": 22.41070312500001,
            "DayTime": "18 00:00",
            "USDRatePerDollarTotal": 5095.1597170000005,
            "MMKRatePerYenTotal": 717.1425000000003,
            "Count": 32
        },
        "19": {
            "YearMonth": "2024/06",
            "USDRatePerDollar": 159.38409577419347,
            "MMKRatePerYen": 22.37798387096775,
            "DayTime": "19 00:00",
            "USDRatePerDollarTotal": 4940.906968999998,
            "MMKRatePerYenTotal": 693.7175000000002,
            "Count": 31
        },
        "20": {
            "YearMonth": "2024/06",
            "USDRatePerDollar": 159.62165776470582,
            "MMKRatePerYen": 22.33488235294118,
            "DayTime": "20 00:00",
            "USDRatePerDollarTotal": 5427.136363999998,
            "MMKRatePerYenTotal": 759.3860000000001,
            "Count": 34
        },
        "21": {
            "YearMonth": "2024/06",
            "USDRatePerDollar": 160.35960711111113,
            "MMKRatePerYen": 22.23730555555558,
            "DayTime": "21 00:00",
            "USDRatePerDollarTotal": 5772.945856000001,
            "MMKRatePerYenTotal": 800.5430000000008,
            "Count": 36
        },
        "22": {
            "YearMonth": "2024/06",
            "USDRatePerDollar": 161.19518179310347,
            "MMKRatePerYen": 22.16600000000001,
            "DayTime": "22 00:00",
            "USDRatePerDollarTotal": 4674.660272000001,
            "MMKRatePerYenTotal": 642.8140000000003,
            "Count": 29
        },
        "23": {
            "YearMonth": "2024/06",
            "USDRatePerDollar": 161.44542979310347,
            "MMKRatePerYen": 22.16600000000001,
            "DayTime": "23 00:00",
            "USDRatePerDollarTotal": 4681.917464000001,
            "MMKRatePerYenTotal": 642.8140000000003,
            "Count": 29
        },
        "24": {
            "YearMonth": "2024/06",
            "USDRatePerDollar": 161.37905560606058,
            "MMKRatePerYen": 22.132727272727283,
            "DayTime": "24 00:00",
            "USDRatePerDollarTotal": 5325.508834999999,
            "MMKRatePerYenTotal": 730.3800000000003,
            "Count": 33
        },
        "25": {
            "YearMonth": "2024/06",
            "USDRatePerDollar": 161.1712459393939,
            "MMKRatePerYen": 22.276030303030307,
            "DayTime": "25 00:00",
            "USDRatePerDollarTotal": 5318.651115999999,
            "MMKRatePerYenTotal": 735.1090000000002,
            "Count": 33
        },
        "26": {
            "YearMonth": "2024/06",
            "USDRatePerDollar": 161.29673367647067,
            "MMKRatePerYen": 22.421011764705874,
            "DayTime": "26 00:00",
            "USDRatePerDollarTotal": 5484.088945000002,
            "MMKRatePerYenTotal": 762.3143999999998,
            "Count": 34
        },
        "27": {
            "YearMonth": "2024/06",
            "USDRatePerDollar": 162.01741864705878,
            "MMKRatePerYen": 22.344776470588222,
            "DayTime": "27 00:00",
            "USDRatePerDollarTotal": 5508.592233999998,
            "MMKRatePerYenTotal": 759.7223999999995,
            "Count": 34
        },
        "01": {
            "YearMonth": "2024/06",
            "USDRatePerDollar": 158.78254637037043,
            "MMKRatePerYen": 22.345740740740734,
            "DayTime": "01 00:00",
            "USDRatePerDollarTotal": 4287.128752000001,
            "MMKRatePerYenTotal": 603.3349999999998,
            "Count": 27
        },
        "02": {
            "YearMonth": "2024/06",
            "USDRatePerDollar": 158.93162396428576,
            "MMKRatePerYen": 22.328099999999996,
            "DayTime": "02 00:00",
            "USDRatePerDollarTotal": 4450.085471000001,
            "MMKRatePerYenTotal": 625.1867999999998,
            "Count": 28
        },
        "03": {
            "YearMonth": "2024/06",
            "USDRatePerDollar": 158.91006839285708,
            "MMKRatePerYen": 22.328099999999996,
            "DayTime": "03 00:00",
            "USDRatePerDollarTotal": 4449.4819149999985,
            "MMKRatePerYenTotal": 625.1867999999998,
            "Count": 28
        },
        "04": {
            "YearMonth": "2024/06",
            "USDRatePerDollar": 158.14100238709676,
            "MMKRatePerYen": 22.407789677419345,
            "DayTime": "04 00:00",
            "USDRatePerDollarTotal": 4902.371074,
            "MMKRatePerYenTotal": 694.6414799999997,
            "Count": 31
        },
        "05": {
            "YearMonth": "2024/06",
            "USDRatePerDollar": 157.01237627777772,
            "MMKRatePerYen": 22.47681833333333,
            "DayTime": "05 00:00",
            "USDRatePerDollarTotal": 5652.445545999998,
            "MMKRatePerYenTotal": 809.1654599999999,
            "Count": 36
        },
        "06": {
            "YearMonth": "2024/06",
            "USDRatePerDollar": 157.31765296774194,
            "MMKRatePerYen": 22.489717741935493,
            "DayTime": "06 00:00",
            "USDRatePerDollarTotal": 4876.847242,
            "MMKRatePerYenTotal": 697.1812500000003,
            "Count": 31
        },
        "07": {
            "YearMonth": "2024/06",