{
    "Items": {
        "01": {
            "YearMonth": "2024/10",
            "USDRatePerDollar": 144.62697391176476,
            "MMKRatePerYen": 31.155294117647045,
            "DayTime": "01 00:00",
            "USDRatePerDollarTotal": 4917.317113000002,
            "MMKRatePerYenTotal": 1059.2799999999995,
            "Count": 34
        },
        "02": {
            "YearMonth": "2024/10",
            "USDRatePerDollar": 145.0640471351352,
            "MMKRatePerYen": 31.075027027027055,
            "DayTime": "02 00:00",
            "USDRatePerDollarTotal": 5367.369744000003,
            "MMKRatePerYenTotal": 1149.776000000001,
            "Count": 37
        }
    }
}