{
    "Items": {
        "10": {
            "YearMonth": "2024/08",
            "USDRatePerDollar": 147.90722293333332,
            "MMKRatePerYen": 24.24099999999999,
            "DayTime": "10 00:00",
            "USDRatePerDollarTotal": 4437.2166879999995,
            "MMKRatePerYenTotal": 727.2299999999997,
            "Count": 30
        },
        "11": {
            "YearMonth": "2024/08",
            "USDRatePerDollar": 147.73204257692308,
            "MMKRatePerYen": 24.24099999999999,
            "DayTime": "11 00:00",
            "USDRatePerDollarTotal": 3841.0331069999997,
            "MMKRatePerYenTotal": 630.2659999999997,
            "Count": 26
        },
        "12": {
            "YearMonth": "2024/08",
            "USDRatePerDollar": 147.91252060714282,
            "MMKRatePerYen": 24.24099999999999,
            "DayTime": "12 00:00",
            "USDRatePerDollarTotal": 4141.550576999999,
            "MMKRatePerYenTotal": 678.7479999999997,
            "Count": 28
        },
        "13": {
            "YearMonth": "2024/08",
            "USDRatePerDollar": 148.33565312903227,
            "MMKRatePerYen": 25.15256451612905,
            "DayTime": "13 00:00",
            "USDRatePerDollarTotal": 4598.405247000001,
            "MMKRatePerYenTotal": 779.7295000000006,
            "Count": 31
        },
        "14": {
            "YearMonth": "2024/08",
            "USDRatePerDollar": 148.00145926315793,
            "MMKRatePerYen": 25.673673684210527,
            "DayTime": "14 00:00",
            "USDRatePerDollarTotal": 5624.055452000001,
            "MMKRatePerYenTotal": 975.5996,
            "Count": 38
        },
        "15": {
            "YearMonth": "2024/08",
            "USDRatePerDollar": 148.28544663888886,
            "MMKRatePerYen": 26.169263333333348,
            "DayTime": "15 00:00",
            "USDRatePerDollarTotal": 5338.276078999999,
            "MMKRatePerYenTotal": 942.0934800000005,
            "Count": 36
        },
        "16": {
            "YearMonth": "2024/08",
            "USDRatePerDollar": 149.81339724324323,
            "MMKRatePerYen": 26.719094594594573,
            "DayTime": "16 00:00",
            "USDRatePerDollarTotal": 5543.095697999999,
            "MMKRatePerYenTotal": 988.6064999999992,
            "Count": 37
        },
        "17": {
            "YearMonth": "2024/08",
            "USDRatePerDollar": 149.07364828571426,
            "MMKRatePerYen": 26.54909999999999,
            "DayTime": "17 00:00",
            "USDRatePerDollarTotal": 4174.0621519999995,
            "MMKRatePerYenTotal": 743.3747999999997,
            "Count": 28
        },
        "18": {
            "YearMonth": "2024/08",
            "USDRatePerDollar": 148.69735227586204,
            "MMKRatePerYen": 26.54909999999999,
            "DayTime": "18 00:00",
            "USDRatePerDollarTotal": 4312.223215999999,
            "MMKRatePerYenTotal": 769.9238999999997,
            "Count": 29
        },
        "19": {
            "YearMonth": "2024/08",
            "USDRatePerDollar": 148.18551144117643,
            "MMKRatePerYen": 26.77278823529413,
            "DayTime": "19 00:00",
            "USDRatePerDollarTotal": 5038.307388999999,
            "MMKRatePerYenTotal": 910.2748000000004,
            "Count": 34
        },
        "20": {
            "YearMonth": "2024/08",
            "USDRatePerDollar": 147.82320760975608,
            "MMKRatePerYen": 27.50635609756096,
            "DayTime": "20 00:00",
            "USDRatePerDollarTotal": 6060.751512,
            "MMKRatePerYenTotal": 1127.7605999999994,
            "Count": 41
        },
        "21": {
            "YearMonth": "2024/08",
            "USDRatePerDollar": 146.78686740540547,
            "MMKRatePerYen": 28.277864864864863,
            "DayTime": "21 00:00",
            "USDRatePerDollarTotal": 5431.114094000002,
            "MMKRatePerYenTotal": 1046.281,
            "Count": 37
        },
        "22": {
            "YearMonth": "2024/08",
            "USDRatePerDollar": 146.36493267567562,
            "MMKRatePerYen": 28.35335675675674,
            "DayTime": "22 00:00",
            "USDRatePerDollarTotal": 5415.502508999998,
            "MMKRatePerYenTotal": 1049.0741999999993,
            "Count": 37
        },
        "23": {
            "YearMonth": "2024/08",
            "USDRatePerDollar": 146.83289830769223,
            "MMKRatePerYen": 28.282689743589764,
            "DayTime": "23 00:00",
            "USDRatePerDollarTotal": 5726.483033999997,
            "MMKRatePerYenTotal": 1103.0249000000008,
            "Count": 39
        },
        "24": {
            "YearMonth": "2024/08",
            "USDRatePerDollar": 145.82242942857135,
            "MMKRatePerYen": 28.208200000000005,
            "DayTime": "24 00:00",
            "USDRatePerDollarTotal": 4083.028023999998,
            "MMKRatePerYenTotal": 789.8296000000001,
            "Count": 28
        },
        "25": {
            "YearMonth": "2024/08",
            "USDRatePerDollar": 145.4747213793103,
            "MMKRatePerYen": 28.208200000000005,
            "DayTime": "25 00:00",
            "USDRatePerDollarTotal": 4218.766919999998,
            "MMKRatePerYenTotal": 818.0378000000002,
            "Count": 29
        },
        "26": {
            "YearMonth": "2024/08",
            "USDRatePerDollar": 145.2833481818181,
            "MMKRatePerYen": 28.486272727272706,
            "DayTime": "26 00:00",
            "USDRatePerDollarTotal": 4794.350489999997,
            "MMKRatePerYenTotal": 940.0469999999993,
            "Count": 33
        },
        "27": {
            "YearMonth": "2024/08",
            "USDRatePerDollar": 145.61684638888886,
            "MMKRatePerYen": 28.582177777777783,
            "DayTime": "27 00:00",
            "USDRatePerDollarTotal": 5242.206469999999,
            "MMKRatePerYenTotal": 1028.9584000000002,
            "Count": 36
        },
        "28": {
            "YearMonth": "2024/08",
            "USDRatePerDollar": 145.4224057575757,
            "MMKRatePerYen": 28.542518181818203,
            "DayTime": "28 00:00",
            "USDRatePerDollarTotal": 4798.939389999998,
            "MMKRatePerYenTotal": 941.9031000000007,
            "Count": 33
        },
        "29": {
            "YearMonth": "2024/08",
            "USDRatePerDollar": 145.54957884210526,
            "MMKRatePerYen": 28.558681578947375,
            "DayTime": "29 00:00",
            "USDRatePerDollarTotal": 5530.8839960000005,
            "MMKRatePerYenTotal": 1085.2299000000003,
            "Count": 38
        },
        "30": {
            "YearMonth": "2024/08",
            "USDRatePerDollar": 145.8541328125,
            "MMKRatePerYen": 28.512031249999996,
            "DayTime": "30 00:00",
            "USDRatePerDollarTotal": 4667.33225,
            "MMKRatePerYenTotal": 912.3849999999999,
            "Count": 32
        },
        "01": {
            "YearMonth": "2024/08",
            "USDRatePerDollar": 151.40269439999994,
            "MMKRatePerYen": 23.64189999999997,
            "DayTime": "01 00:00",
            "USDRatePerDollarTotal": 6056.107775999998,
            "MMKRatePerYenTotal": 945.6759999999989,
            "Count": 40
        },
        "02": {
            "YearMonth": "2024/08",
            "USDRatePerDollar": 150.53568545714285,
            "MMKRatePerYen": 23.921634285714294,
            "DayTime": "02 00:00",
            "USDRatePerDollarTotal": 5268.7489909999995,
            "MMKRatePerYenTotal": 837.2572000000004,
            "Count": 35
        },
        "03": {
            "YearMonth": "2024/08",
            "USDRatePerDollar": 148.51221211111115,
            "MMKRatePerYen": 23.942800000000002,
            "DayTime": "03 00:00",
            "USDRatePerDollarTotal": 4009.829727000001,
            "MMKRatePerYenTotal": 646.4556,
            "Count": 27
        },
        "04": {
            "YearMonth": "2024/08",