{
    "Items": {
        "01": {
            "YearMonth": "2024/09",
            "USDRatePerDollar": 147.2746328571428,
            "MMKRatePerYen": 28.25310000000001,
            "DayTime": "01 00:00",
            "USDRatePerDollarTotal": 4123.6897199999985,
            "MMKRatePerYenTotal": 791.0868000000003,
            "Count": 28
        },
        "02": {
            "YearMonth": "2024/09",
            "USDRatePerDollar": 147.12981502777768,
            "MMKRatePerYen": 28.23468055555557,
            "DayTime": "02 00:00",
            "USDRatePerDollarTotal": 5296.673340999997,
            "MMKRatePerYenTotal": 1016.4485000000005,
            "Count": 36
        },
        "03": {
            "YearMonth": "2024/09",
            "USDRatePerDollar": 147.61441802941178,
            "MMKRatePerYen": 28.16201176470588,
            "DayTime": "03 00:00",
            "USDRatePerDollarTotal": 5018.890213000001,
            "MMKRatePerYenTotal": 957.5083999999999,
            "Count": 34
        },
        "04": {
            "YearMonth": "2024/09",
            "USDRatePerDollar": 146.83290987878794,
            "MMKRatePerYen": 28.269454545454558,
            "DayTime": "04 00:00",
            "USDRatePerDollarTotal": 4845.486026000002,
            "MMKRatePerYenTotal": 932.8920000000004,
            "Count": 33
        },
        "05": {
            "YearMonth": "2024/09",
            "USDRatePerDollar": 145.15870358974368,
            "MMKRatePerYen": 29.69526923076921,
            "DayTime": "05 00:00",
            "USDRatePerDollarTotal": 5661.189440000004,
            "MMKRatePerYenTotal": 1158.1154999999992,
            "Count": 39
        },
        "06": {
            "YearMonth": "2024/09",
            "USDRatePerDollar": 144.39389111111115,
            "MMKRatePerYen": 31.170222222222232,
            "DayTime": "06 00:00",
            "USDRatePerDollarTotal": 5198.180080000001,
            "MMKRatePerYenTotal": 1122.1280000000004,
            "Count": 36
        }
    }
}