{
    "Items": {
        "01": {
            "YearMonth": "2024/12",
            "USDRatePerDollar": 150.87451111111108,
            "MMKRatePerYen": 29.690799999999996,
            "DayTime": "01 00:00",
            "USDRatePerDollarTotal": 4073.6117999999988,
            "MMKRatePerYenTotal": 801.6515999999999,
            "Count": 27
        },
        "02": {
            "YearMonth": "2024/12",
            "USDRatePerDollar": 151.14128812499993,
            "MMKRatePerYen": 29.736900000000013,
            "DayTime": "02 00:00",
            "USDRatePerDollarTotal": 4836.521219999998,
            "MMKRatePerYenTotal": 951.5808000000004,
            "Count": 32
        },
        "03": {
            "YearMonth": "2024/12",
            "USDRatePerDollar": 151.12550722222224,
            "MMKRatePerYen": 29.817500000000003,
            "DayTime": "03 00:00",
            "USDRatePerDollarTotal": 5440.518260000001,
            "MMKRatePerYenTotal": 1073.43,
            "Count": 36
        }
    }
}