{
    "Items": {
        "01": {
            "YearMonth": "2024/11",
            "USDRatePerDollar": 153.55831978787884,
            "MMKRatePerYen": 29.04185151515153,
            "DayTime": "01 00:00",
            "USDRatePerDollarTotal": 5067.424553000002,
            "MMKRatePerYenTotal": 958.3811000000005,
            "Count": 33
        },
        "02": {
            "YearMonth": "2024/11",
            "USDRatePerDollar": 153.96084724137933,
            "MMKRatePerYen": 29.349500000000006,
            "DayTime": "02 00:00",
            "USDRatePerDollarTotal": 4464.864570000001,
            "MMKRatePerYenTotal": 851.1355000000002,
            "Count": 29
        },
        "03": {
            "YearMonth": "2024/11",
            "USDRatePerDollar": 154.13059799999996,
            "MMKRatePerYen": 29.349500000000006,
            "DayTime": "03 00:00",
            "USDRatePerDollarTotal": 4161.526145999999,
            "MMKRatePerYenTotal": 792.4365000000001,
            "Count": 27
        },
        "04": {
            "YearMonth": "2024/11",
            "USDRatePerDollar": 153.65726737142856,
            "MMKRatePerYen": 29.277542857142862,
            "DayTime": "04 00:00",
            "USDRatePerDollarTotal": 5378.004357999999,
            "MMKRatePerYenTotal": 1024.7140000000002,
            "Count": 35
        },
        "05": {
            "YearMonth": "2024/11",
            "USDRatePerDollar": 153.26637558823526,
            "MMKRatePerYen": 29.309411764705857,
            "DayTime": "05 00:00",
            "USDRatePerDollarTotal": 5211.056769999999,
            "MMKRatePerYenTotal": 996.5199999999992,
            "Count": 34
        }
    }
}