{
    "Items": {
        "01": {
            "YearMonth": "2024/04",
            "USDRatePerDollar": 152.87145840624996,
            "MMKRatePerYen": 22.690609999999996,
            "DayTime": "01 00:00",
            "USDRatePerDollarTotal": 4891.886668999999,
            "MMKRatePerYenTotal": 726.0995199999999,
            "Count": 32
        }
    }
}