{
    "Items": {
        "10": {
            "YearMonth": "2024/09",
            "USDRatePerDollar": 144.1738183076924,
            "MMKRatePerYen": 30.22121025641024,
            "DayTime": "10 00:00",
            "USDRatePerDollarTotal": 5622.778914000003,
            "MMKRatePerYenTotal": 1178.6271999999994,
            "Count": 39
        },
        "11": {
            "YearMonth": "2024/09",
            "USDRatePerDollar": 143.2675534864864,
            "MMKRatePerYen": 31.222032432432417,
            "DayTime": "11 00:00",
            "USDRatePerDollarTotal": 5300.899478999997,
            "MMKRatePerYenTotal": 1155.2151999999994,
            "Count": 37
        },
        "12": {
            "YearMonth": "2024/09",
            "USDRatePerDollar": 143.25848027777783,
            "MMKRatePerYen": 31.29514444444441,
            "DayTime": "12 00:00",
            "USDRatePerDollarTotal": 5157.305290000002,
            "MMKRatePerYenTotal": 1126.6251999999988,
            "Count": 36
        },
        "13": {
            "YearMonth": "2024/09",
            "USDRatePerDollar": 142.61127535294116,
            "MMKRatePerYen": 31.48059411764704,
            "DayTime": "13 00:00",
            "USDRatePerDollarTotal": 4848.783361999999,
            "MMKRatePerYenTotal": 1070.3401999999994,
            "Count": 34
        },
        "14": {
            "YearMonth": "2024/09",
            "USDRatePerDollar": 141.9000157931035,
            "MMKRatePerYen": 31.58619999999999,
            "DayTime": "14 00:00",
            "USDRatePerDollarTotal": 4115.100458000002,
            "MMKRatePerYenTotal": 915.9997999999997,
            "Count": 29
        },
        "15": {
            "YearMonth": "2024/09",
            "USDRatePerDollar": 141.88371536000005,
            "MMKRatePerYen": 31.586199999999995,
            "DayTime": "15 00:00",
            "USDRatePerDollarTotal": 3547.092884000001,
            "MMKRatePerYenTotal": 789.6549999999999,
            "Count": 25
        },
        "16": {
            "YearMonth": "2024/09",
            "USDRatePerDollar": 141.55591939999996,
            "MMKRatePerYen": 31.586199999999987,
            "DayTime": "16 00:00",
            "USDRatePerDollarTotal": 4246.677581999999,
            "MMKRatePerYenTotal": 947.5859999999997,
            "Count": 30
        },
        "17": {
            "YearMonth": "2024/09",
            "USDRatePerDollar": 141.50791373529415,
            "MMKRatePerYen": 31.69420000000001,
            "DayTime": "17 00:00",
            "USDRatePerDollarTotal": 4811.269067000001,
            "MMKRatePerYenTotal": 1077.6028000000003,
            "Count": 34
        },
        "18": {
            "YearMonth": "2024/09",
            "USDRatePerDollar": 142.53292832352946,
            "MMKRatePerYen": 31.67330588235294,
            "DayTime": "18 00:00",
            "USDRatePerDollarTotal": 4846.119563000002,
            "MMKRatePerYenTotal": 1076.8924,
            "Count": 34
        },
        "19": {
            "YearMonth": "2024/09",
            "USDRatePerDollar": 143.4953863571429,
            "MMKRatePerYen": 31.339180952380925,
            "DayTime": "19 00:00",
            "USDRatePerDollarTotal": 6026.806227000002,
            "MMKRatePerYenTotal": 1316.2455999999988,
            "Count": 42
        },
        "20": {
            "YearMonth": "2024/09",
            "USDRatePerDollar": 143.56411351351352,
            "MMKRatePerYen": 31.25882432432431,
            "DayTime": "20 00:00",
            "USDRatePerDollarTotal": 5311.8722,
            "MMKRatePerYenTotal": 1156.5764999999994,
            "Count": 37
        },
        "21": {
            "YearMonth": "2024/09",
            "USDRatePerDollar": 143.16,
            "MMKRatePerYen": 31.3425,
            "DayTime": "21 00:00",
            "USDRatePerDollarTotal": 429.48,
            "MMKRatePerYenTotal": 94.0275,
            "Count": 3
        },
        "22": {
            "YearMonth": "2024/09",
            "USDRatePerDollar": 143.16,
            "MMKRatePerYen": 31.3425,
            "DayTime": "22 00:00",
            "USDRatePerDollarTotal": 286.32,
            "MMKRatePerYenTotal": 62.685,
            "Count": 2
        },
        "23": {
            "YearMonth": "2024/09",
            "USDRatePerDollar": 143.16000000000003,
            "MMKRatePerYen": 31.342499999999994,
            "DayTime": "23 00:00",
            "USDRatePerDollarTotal": 1574.7600000000002,
            "MMKRatePerYenTotal": 344.7674999999999,
            "Count": 11
        },
        "24": {
            "YearMonth": "2024/09",
            "USDRatePerDollar": 143.16,
            "MMKRatePerYen": 31.175875,
            "DayTime": "24 00:00",
            "USDRatePerDollarTotal": 572.64,
            "MMKRatePerYenTotal": 124.7035,
            "Count": 4
        },
        "25": {
            "YearMonth": "2024/09",
            "USDRatePerDollar": 143.735085,
            "MMKRatePerYen": 31.204727272727272,
            "DayTime": "25 00:00",
            "USDRatePerDollarTotal": 1581.085935,
            "MMKRatePerYenTotal": 343.252,
            "Count": 11
        },
        "01": {
            "YearMonth": "2024/09",
            "USDRatePerDollar": 147.2746328571428,
            "MMKRatePerYen": 28.25310000000001,
            "DayTime": "01 00:00",
            "USDRatePerDollarTotal": 4123.6897199999985,
            "MMKRatePerYenTotal": 791.0868000000003,
            "Count": 28
        },
        "02": {
            "YearMonth": "2024/09",
            "USDRatePerDollar": 147.12981502777768,
            "MMKRatePerYen": 28.23468055555557,
            "DayTime": "02 00:00",
            "USDRatePerDollarTotal": 5296.673340999997,
            "MMKRatePerYenTotal": 1016.4485000000005,
            "Count": 36
        },
        "03": {
            "YearMonth": "2024/09",
            "USDRatePerDollar": 147.61441802941178,
            "MMKRatePerYen": 28.16201176470588,
            "DayTime": "03 00:00",
            "USDRatePerDollarTotal": 5018.890213000001,
            "MMKRatePerYenTotal": 957.5083999999999,
            "Count": 34
        },
        "04": {
            "YearMonth": "2024/09",
            "USDRatePerDollar": 146.83290987878794,
            "MMKRatePerYen": 28.269454545454558,
            "DayTime": "04 00:00",
            "USDRatePerDollarTotal": 4845.486026000002,
            "MMKRatePerYenTotal": 932.8920000000004,
            "Count": 33
        },
        "05": {
            "YearMonth": "2024/09",
            "USDRatePerDollar": 145.15870358974368,
            "MMKRatePerYen": 29.69526923076921,
            "DayTime": "05 00:00",
            "USDRatePerDollarTotal": 5661.189440000004,
            "MMKRatePerYenTotal": 1158.1154999999992,
            "Count": 39
        },
        "06": {
            "YearMonth": "2024/09",
            "USDRatePerDollar": 144.39389111111115,
            "MMKRatePerYen": 31.170222222222232,
            "DayTime": "06 00:00",
            "USDRatePerDollarTotal": 5198.180080000001,
            "MMKRatePerYenTotal": 1122.1280000000004,
            "Count": 36
        },
        "07": {
            "YearMonth": "2024/09",
            "USDRatePerDollar": 143.5579944827586,
            "MMKRatePerYen": 31.22000000000002,
            "DayTime": "07 00:00",
            "USDRatePerDollarTotal": 4163.181839999999,
            "MMKRatePerYenTotal": 905.3800000000006,
            "Count": 29
        },
        "08": {
            "YearMonth": "2024/09",
            "USDRatePerDollar": 143.34734551851847,
            "MMKRatePerYen": 31.22000000000002,
            "DayTime": "08 00:00",
            "USDRatePerDollarTotal": 3870.3783289999988,
            "MMKRatePerYenTotal": 842.9400000000005,
            "Count": 27
        },
        "09": {
            "YearMonth": "2024/09",
            "USDRatePerDollar": 143.55179134210533,
            "MMKRatePerYen": 30.06379999999999,
            "DayTime": "09 00:00",