{
    "Items": {
        "10": {
            "YearMonth": "2024/10",
            "USDRatePerDollar": 150.0477940588236,
            "MMKRatePerYen": 30.094764705882344,
            "DayTime": "10 00:00",
            "USDRatePerDollarTotal": 5101.624998000002,
            "MMKRatePerYenTotal": 1023.2219999999998,
            "Count": 34
        },
        "11": {
            "YearMonth": "2024/10",
            "USDRatePerDollar": 149.81069210526314,
            "MMKRatePerYen": 30.061578947368425,
            "DayTime": "11 00:00",
            "USDRatePerDollarTotal": 5692.806299999999,
            "MMKRatePerYenTotal": 1142.3400000000001,
            "Count": 38
        },
        "12": {
            "YearMonth": "2024/10",
            "USDRatePerDollar": 150.12097400000002,
            "MMKRatePerYen": 30.090000000000003,
            "DayTime": "12 00:00",
            "USDRatePerDollarTotal": 4203.387272000001,
            "MMKRatePerYenTotal": 842.5200000000001,
            "Count": 28
        },
        "13": {
            "YearMonth": "2024/10",
            "USDRatePerDollar": 150.26273230769232,
            "MMKRatePerYen": 30.09,
            "DayTime": "13 00:00",
            "USDRatePerDollarTotal": 3906.83104,
            "MMKRatePerYenTotal": 782.34,
            "Count": 26
        },
        "14": {
            "YearMonth": "2024/10",
            "USDRatePerDollar": 150.32257911111114,
            "MMKRatePerYen": 30.090000000000003,
            "DayTime": "14 00:00",
            "USDRatePerDollarTotal": 4058.709636000001,
            "MMKRatePerYenTotal": 812.4300000000001,
            "Count": 27
        },
        "15": {
            "YearMonth": "2024/10",
            "USDRatePerDollar": 150.7201355526315,
            "MMKRatePerYen": 29.839610526315806,
            "DayTime": "15 00:00",
            "USDRatePerDollarTotal": 5727.365150999996,
            "MMKRatePerYenTotal": 1133.9052000000006,
            "Count": 38
        },
        "16": {
            "YearMonth": "2024/10",
            "USDRatePerDollar": 150.4016617714286,
            "MMKRatePerYen": 29.561400000000024,
            "DayTime": "16 00:00",
            "USDRatePerDollarTotal": 5264.058162,
            "MMKRatePerYenTotal": 1034.6490000000008,
            "Count": 35
        },
        "17": {
            "YearMonth": "2024/10",
            "USDRatePerDollar": 150.59033746875002,
            "MMKRatePerYen": 29.567100000000014,
            "DayTime": "17 00:00",
            "USDRatePerDollarTotal": 4818.890799000001,
            "MMKRatePerYenTotal": 946.1472000000005,
            "Count": 32
        },
        "18": {
            "YearMonth": "2024/10",
            "USDRatePerDollar": 151.0106632352942,
            "MMKRatePerYen": 29.508000000000006,
            "DayTime": "18 00:00",
            "USDRatePerDollarTotal": 5134.362550000003,
            "MMKRatePerYenTotal": 1003.2720000000002,
            "Count": 34
        },
        "19": {
            "YearMonth": "2024/10",
            "USDRatePerDollar": 150.75476977777782,
            "MMKRatePerYen": 29.452,
            "DayTime": "19 00:00",
            "USDRatePerDollarTotal": 4070.3787840000014,
            "MMKRatePerYenTotal": 795.2040000000001,
            "Count": 27
        },
        "20": {
            "YearMonth": "2024/10",
            "USDRatePerDollar": 150.64611678571433,
            "MMKRatePerYen": 29.452,
            "DayTime": "20 00:00",
            "USDRatePerDollarTotal": 4218.091270000001,
            "MMKRatePerYenTotal": 824.6560000000001,
            "Count": 28
        },
        "21": {
            "YearMonth": "2024/10",
            "USDRatePerDollar": 150.46352013157897,
            "MMKRatePerYen": 29.539315789473683,
            "DayTime": "21 00:00",
            "USDRatePerDollarTotal": 5717.613765000001,
            "MMKRatePerYenTotal": 1122.494,
            "Count": 38
        },
        "22": {
            "YearMonth": "2024/10",
            "USDRatePerDollar": 151.58327160000005,
            "MMKRatePerYen": 29.468857142857157,
            "DayTime": "22 00:00",
            "USDRatePerDollarTotal": 5305.414506000002,
            "MMKRatePerYenTotal": 1031.4100000000005,
            "Count": 35
        },
        "23": {
            "YearMonth": "2024/10",
            "USDRatePerDollar": 152.46511612903228,
            "MMKRatePerYen": 29.273225806451627,
            "DayTime": "23 00:00",
            "USDRatePerDollarTotal": 4726.418600000001,
            "MMKRatePerYenTotal": 907.4700000000005,
            "Count": 31
        },
        "24": {
            "YearMonth": "2024/10",
            "USDRatePerDollar": 153.52253537499996,
            "MMKRatePerYen": 29.084750000000017,
            "DayTime": "24 00:00",
            "USDRatePerDollarTotal": 4912.721131999999,
            "MMKRatePerYenTotal": 930.7120000000006,
            "Count": 32
        },
        "25": {
            "YearMonth": "2024/10",
            "USDRatePerDollar": 153.12863453125004,
            "MMKRatePerYen": 29.027281250000016,
            "DayTime": "25 00:00",
            "USDRatePerDollarTotal": 4900.116305000001,
            "MMKRatePerYenTotal": 928.8730000000005,
            "Count": 32
        },
        "26": {
            "YearMonth": "2024/10",
            "USDRatePerDollar": 153.30832059999994,
            "MMKRatePerYen": 29.08000000000001,
            "DayTime": "26 00:00",
            "USDRatePerDollarTotal": 4599.249617999998,
            "MMKRatePerYenTotal": 872.4000000000003,
            "Count": 30
        },
        "27": {
            "YearMonth": "2024/10",
            "USDRatePerDollar": 153.4211022962962,
            "MMKRatePerYen": 29.08000000000001,
            "DayTime": "27 00:00",
            "USDRatePerDollarTotal": 4142.3697619999975,
            "MMKRatePerYenTotal": 785.1600000000002,
            "Count": 27
        },
        "28": {
            "YearMonth": "2024/10",
            "USDRatePerDollar": 154.0495198,
            "MMKRatePerYen": 28.95405142857143,
            "DayTime": "28 00:00",
            "USDRatePerDollarTotal": 5391.733193,
            "MMKRatePerYenTotal": 1013.3918,
            "Count": 35
        },
        "29": {
            "YearMonth": "2024/10",
            "USDRatePerDollar": 154.3401951052632,
            "MMKRatePerYen": 28.915015789473685,
            "DayTime": "29 00:00",
            "USDRatePerDollarTotal": 2932.463707000001,
            "MMKRatePerYenTotal": 549.3853,
            "Count": 19
        },
        "30": {
            "YearMonth": "2024/10",
            "USDRatePerDollar": 154.45057709090904,
            "MMKRatePerYen": 28.896060606060615,
            "DayTime": "30 00:00",
            "USDRatePerDollarTotal": 5096.869043999998,
            "MMKRatePerYenTotal": 953.5700000000003,
            "Count": 33
        },
        "01": {
            "YearMonth": "2024/10",
            "USDRatePerDollar": 144.62697391176476,
            "MMKRatePerYen": 31.155294117647045,
            "DayTime": "01 00:00",
            "USDRatePerDollarTotal": 4917.317113000002,
            "MMKRatePerYenTotal": 1059.2799999999995,
            "Count": 34
        },
        "02": {
            "YearMonth": "2024/10",
            "USDRatePerDollar": 145.0640471351352,
            "MMKRatePerYen": 31.075027027027055,
            "DayTime": "02 00:00",
            "USDRatePerDollarTotal": 5367.369744000003,
            "MMKRatePerYenTotal": 1149.776000000001,
            "Count": 37
        },
        "03": {
            "YearMonth": "2024/10",
            "USDRatePerDollar": 147.18665432432434,
            "MMKRatePerYen": 30.668810810810808,
            "DayTime": "03 00:00",
            "USDRatePerDollarTotal": 5445.90621,
            "MMKRatePerYenTotal": 1134.7459999999999,
            "Count": 37
        },
        "04": {
            "YearMonth": "2024/10",
            "USDRatePerDollar": 147.74944978378383,