{
    "Items": {
        "01": {
            "YearMonth": "2024/08",
            "USDRatePerDollar": 151.40269439999994,
            "MMKRatePerYen": 23.64189999999997,
            "DayTime": "01 00:00",
            "USDRatePerDollarTotal": 6056.107775999998,
            "MMKRatePerYenTotal": 945.6759999999989,
            "Count": 40
        },
        "02": {
            "YearMonth": "2024/08",
            "USDRatePerDollar": 150.53568545714285,
            "MMKRatePerYen": 23.921634285714294,
            "DayTime": "02 00:00",
            "USDRatePerDollarTotal": 5268.7489909999995,
            "MMKRatePerYenTotal": 837.2572000000004,
            "Count": 35
        },
        "03": {
            "YearMonth": "2024/08",
            "USDRatePerDollar": 148.51221211111115,
            "MMKRatePerYen": 23.942800000000002,
            "DayTime": "03 00:00",
            "USDRatePerDollarTotal": 4009.829727000001,
            "MMKRatePerYenTotal": 646.4556,
            "Count": 27
        },
        "04": {
            "YearMonth": "2024/08",
            "USDRatePerDollar": 147.62270206896554,
            "MMKRatePerYen": 23.942800000000002,
            "DayTime": "04 00:00",
            "USDRatePerDollarTotal": 4281.058360000001,
            "MMKRatePerYenTotal": 694.3412000000001,
            "Count": 29
        }
    }
}